scenario,claimed_id,n_broadcasts,single_beacon,lifetime_s,iat_mean,iat_std,iat_cv,beacon_rate,first_seen_s,birth_churn,label
baseline,0,118,0,116.99157,0.9999279487179487,0.007593912940043431,0.00759446013063233,1.0086196808881187,1.01643,20,0
baseline,1,118,0,116.98602000000001,0.9998805128205129,0.008245001992520352,0.0082459872822828,1.008667531385374,1.06898,20,0
baseline,2,123,0,117.00532,0.95906,0.19823143706946036,0.20669346763441324,1.0512342515707833,1.10568,20,0
baseline,3,103,0,117.00207,1.147079117647059,0.9843360687615327,0.8581239546759841,0.8803263053380166,1.16093,20,0
baseline,4,109,0,111.99216,1.0369644444444444,0.38231876052905084,0.3686903274045031,0.9732824154833696,1.20984,20,0
baseline,5,91,0,99.00692,1.1000768888888888,1.0663200260383006,0.9693140877773702,0.9191276730959816,1.25808,20,0
baseline,6,86,0,117.00605,1.3765417647058824,2.479062844687211,1.8009354370856288,0.7350047283879765,1.30095,20,0
baseline,7,122,0,117.00299,0.9669668595041322,0.17890056606183413,0.18501209664370055,1.042708395742707,1.35301,20,0
baseline,8,114,0,116.98876,1.0352987610619468,0.478454141657549,0.46214113225324416,0.9744525884367011,1.41324,20,0
baseline,9,128,0,116.99849999999999,0.921248031496063,0.26923870804018574,0.29225431027836757,1.094031120057095,1.4595,20,0
baseline,10,123,0,117.00279,0.959039262295082,0.19837959152357945,0.206852419210488,1.0512569828463065,1.51821,20,0
baseline,11,109,0,116.9984,1.0833185185185186,0.6257914781237036,0.5776615717596137,0.9316366719544882,1.5706,20,0
baseline,12,108,0,116.98683,1.0933348598130839,0.9892574125526687,0.9048073457767475,0.9231808400996933,1.61617,20,0
baseline,13,108,0,106.99851,0.9999860747663553,0.009243708115941964,0.009243836838529714,1.009359849964266,1.65649,20,0
baseline,14,119,0,117.00707,0.9915853389830508,0.09205452754663505,0.09283570856447339,1.017032560511087,1.70693,20,0
baseline,15,103,0,116.98417,1.1469036274509805,1.0607799410023364,0.9249076518834839,0.8804610059634563,1.76883,20,0
baseline,16,108,0,116.99020999999999,1.0933664485981307,0.9628307128823996,0.8806111748873412,0.9231541681992024,1.81879,20,0
baseline,17,116,0,117.00784,1.0174594782608695,0.18676925073164083,0.1835643135890612,0.9913865600800766,1.85716,20,0
baseline,18,125,0,117.0054,0.9435919354838709,0.23088257243525018,0.24468476653189533,1.0683267609870999,1.9026,20,0
baseline,19,119,0,117.01230000000001,0.9916296610169493,0.09209037387752335,0.09286770807468749,1.0169871030652333,1.9557,20,0
baseline,20,107,0,115.0039,1.0849424528301888,0.6160992631901269,0.5678635411334176,0.930403229803511,2.0041,20,0
baseline,21,118,0,117.00413999999999,1.0000353846153847,0.008492298928522692,0.00849199844242396,1.0085113227617417,2.06686,20,0
baseline,22,118,0,117.00929,1.0000794017094017,0.008459924863843107,0.008459253184679981,1.0084669345485304,2.10971,20,0
baseline,23,107,0,116.98787,1.1036591509433962,1.0649719369959487,0.9649464112952101,0.9146247384451055,2.16713,20,0
baseline,24,115,0,116.98408,1.0261761403508773,0.383988789030217,0.3741938385927789,0.9830397435274953,2.21892,20,0
baseline,25,105,0,116.99273,1.1249300961538462,1.2682504710165274,1.1274038052254944,0.8974916646530088,2.26927,20,0
baseline,26,120,0,116.99849,0.9831805882352941,0.12872266415717687,0.13092474129114015,1.0256542627174077,2.30751,20,0
baseline,27,114,0,110.00331,0.9734806194690265,0.16092897397367004,0.1653129715735346,1.03633245217803,2.35469,20,0
baseline,28,117,0,112.01164,0.9656175862068965,0.1825829193847829,0.18908408669522933,1.0445343001852307,2.40736,20,0
baseline,29,119,0,116.99623,0.9914934745762712,0.09190575667937607,0.09269426278236809,1.0171267911795108,2.46277,20,0
baseline,30,119,0,116.99398000000001,0.991474406779661,0.09198810379555783,0.09277910066719522,1.0171463523165891,2.51602,20,0
baseline,31,118,0,116.99437,0.9999518803418803,0.008170822378723963,0.008171215574823846,1.008595541819662,2.56463,20,0
baseline,32,118,0,117.00529,1.0000452136752136,0.007998976173619332,0.007998614526859956,1.008501410491782,2.60171,20,0
baseline,33,121,0,117.00773000000001,0.9750644166666668,0.15624766678682364,0.16024343019404647,1.0341197115780298,2.66027,20,0
baseline,34,118,0,116.9986,0.9999880341880342,0.008379417624472304,0.008379517892207766,1.0085590767752777,2.7034,20,0
baseline,35,128,0,116.99878,0.9212502362204724,0.2694179130196236,0.2924481345317635,1.0940285018356601,2.75922,20,0
baseline,36,118,0,116.99425,0.9999508547008547,0.00797966352916598,0.007980055711391112,1.0085965763274691,2.81175,20,0
baseline,37,118,0,116.99123,0.9999250427350428,0.009107305100563439,0.009107987810418971,1.0086226121393886,2.86877,20,0
baseline,38,134,0,117.00680000000001,0.8797503759398496,0.3252199959319753,0.3696730400194922,1.1452325847728506,2.9142,20,0
baseline,39,118,0,117.00269,1.0000229914529914,0.008906183702642725,0.008905978941246555,1.0085238211189844,2.96531,20,0
baseline,40,118,0,116.00631,0.9915069230769231,0.09234374317382348,0.09313474371641807,1.0171860478968773,3.00969,20,0
baseline,41,117,0,116.00098,1.000008448275862,0.008215277673171754,0.008215208268826036,1.008612168621334,3.05802,20,0
baseline,42,117,0,116.01006000000001,1.000086724137931,0.008599421870690386,0.008598676157913243,1.0085332254806176,3.10994,20,0
baseline,43,119,0,115.98886,0.9829564406779662,0.12924069138380934,0.13148160593430697,1.0259605965607386,3.16314,20,0
baseline,44,117,0,115.99157,0.9999273275862068,0.00854209408204413,0.008542714901756388,1.0086939938824866,3.21543,20,0
baseline,45,120,0,115.99962000000001,0.9747867226890757,0.15689470404218878,0.16095285295779815,1.034486147454621,3.26638,20,0
baseline,46,117,0,116.01095,1.0000943965517242,0.008279289104997013,0.008278507642422146,1.0085254883267485,3.30105,20,0
baseline,47,123,0,116.00529,0.9508630327868851,0.2162054599592986,0.22737813176480515,1.060296474410779,3.36071,20,0
baseline,48,118,0,116.00237,0.991473247863248,0.09235622520843163,0.09315049640267263,1.0172205964412624,3.40563,20,0
baseline,49,122,0,116.00358999999999,0.9587073553719009,0.19918656529245676,0.2077657631146352,1.0516915898895889,3.45341,20,0
baseline,50,117,0,116.00165,1.000014224137931,0.007343279140546261,0.007343174690216615,1.00860634309943,3.50335,20,0
baseline,51,121,0,115.9865,0.9665541666666667,0.17955387312068494,0.18576700542289137,1.0432248580653782,3.5685,20,0
baseline,52,129,0,116.00447,0.906284921875,0.29150070980294135,0.3216435612763585,1.1120261141661179,3.61153,20,0
baseline,53,118,0,116.0063,0.9915068376068376,0.09231938050320167,0.09311018038567384,1.0171861355805676,3.6547,20,0
baseline,54,124,0,116.00506,0.943130569105691,0.23166161192812956,0.24563047738745133,1.0689188902622007,3.71094,20,0
baseline,55,117,0,115.99455,0.9999530172413793,0.008746590391830868,0.008747001350083954,1.0086680796640877,3.76545,20,0
baseline,56,125,0,115.99512999999999,0.9354445967741936,0.24576193558912793,0.2627220643922884,1.0776314488375505,3.81887,20,0
baseline,57,117,0,115.98075,0.9998340517241379,0.00842339046105466,0.008424788540187408,1.0087880963004636,3.87025,20,0
baseline,58,117,0,115.98803,0.9998968103448277,0.007952064967031283,0.0079528856225563,1.008724779617345,3.91997,20,0
baseline,59,118,0,116.01132999999999,0.991549829059829,0.09246941270193511,0.0932574541307854,1.017142032592851,3.95467,20,0
baseline,60,122,0,114.99837,0.9503997520661156,0.2171950146052164,0.22853016757742903,1.0608846021034908,4.01563,18,0
baseline,61,121,0,115.01083,0.9584235833333334,0.20002965299673195,0.20870693968218323,1.052074835039448,4.05817,18,0
baseline,62,117,0,115.00872,0.9914544827586207,0.09281481572376209,0.09361480263371684,1.0173141653954587,4.10928,18,0
baseline,63,116,0,115.00811999999999,1.0000706086956521,0.008153364446865976,0.008152788789083652,1.008624434518189,4.15788,18,0
baseline,64,116,0,114.99092,0.9999210434782609,0.00767969806629212,0.007680304476419475,1.0087753015629408,4.21108,18,0
baseline,65,120,0,115.00399999999999,0.9664201680672269,0.18040095372301507,0.18666927666027958,1.0434419672359223,4.257,18,0
baseline,66,125,0,114.99723,0.9273970161290322,0.259373953709448,0.2796795214977922,1.0869827038442579,4.31077,18,0
baseline,67,117,0,115.00751,0.9914440517241381,0.09279896740636201,0.09359980247496874,1.0173248686107543,4.36149,18,0
baseline,68,116,0,115.00512,1.0000445217391305,0.007817755848733541,0.007817407804142609,1.0086507452885576,4.40888,18,0
baseline,69,127,0,114.99584,0.9126653968253968,0.28229863798919885,0.30931230544199734,1.104387776114336,4.46016,18,0
baseline,70,117,0,114.99217,0.9913118103448276,0.09270986027609092,0.09352240062976937,1.0174605801421088,4.51583,18,0
baseline,73,116,0,114.99886000000001,0.9999900869565218,0.009296568557749801,0.00929666071595168,1.0087056515168933,4.65714,18,0
baseline,74,116,0,115.01651,1.0001435652173913,0.008886385208386824,0.0088851096156933,1.0085508593505401,4.70349,18,0
baseline,75,117,0,114.99022,0.9912949999999999,0.09275672019060088,0.09357125799141616,1.0174778342019,4.76778,18,0
baseline,76,120,0,115.01316,0.9664971428571428,0.18041906732388763,0.18667315124236764,1.0433588643247433,4.80284,18,0
baseline,77,116,0,114.99067,0.9999188695652174,0.008268779181771692,0.008269450085852571,1.0087774947306596,4.86933,18,0
baseline,78,116,0,115.00248,1.0000215652173914,0.008225106590170408,0.008224929217783799,1.0086738999019846,4.90652,18,0
baseline,79,116,0,114.99251000000001,0.9999348695652175,0.00819669895010422,0.008197232839443066,1.0087613532394413,4.96949,18,0
baseline,80,116,0,113.99616,0.9912709565217391,0.09321154477828757,0.0940323573136417,1.0175781359652816,5.00984,19,0
baseline,81,115,0,113.99767,0.9999795614035087,0.008847148553455822,0.008847329380451054,1.008792548128396,5.06933,19,0
baseline,82,115,0,114.00229,1.0000200877192982,0.009048435504551882,0.009048253745770498,1.008751666304247,5.11471,19,0
baseline,83,115,0,113.9997,0.9999973684210527,0.008091401224543942,0.008091422517761094,1.0087745844945206,5.1553,19,0
baseline,84,115,0,113.98378,0.9998577192982457,0.007935370301122086,0.007936499511842103,1.0089154790269284,5.22022,19,0
baseline,85,125,0,114.00017000000001,0.9193562096774194,0.27235747975181906,0.29624804497419227,1.0964895929541156,5.25683,19,0
baseline,86,115,0,114.00771999999999,1.0000677192982454,0.007301736039077283,0.007301241604119531,1.0087036211232012,5.30728,19,0
baseline,87,115,0,114.00218,1.0000191228070174,0.007930918351440336,0.007930766692919367,1.008752639642505,5.35082,19,0
baseline,88,115,0,113.99076,0.9999189473684211,0.0077737515349443655,0.007774381669037539,1.0088537000718305,5.41724,19,0
baseline,89,126,0,114.00410000000001,0.9120328000000001,0.2832689442253774,0.3105907421590291,1.1052234086317947,5.4579,19,0
baseline,90,119,0,113.98854,0.9660045762711864,0.18112803397767302,0.18750225250157093,1.0439645950373608,5.51746,19,0
baseline,91,115,0,114.00255,1.0000223684210525,0.008311967097032254,0.00831178117561122,1.008749365694013,5.55745,19,0
baseline,92,28,0,57.9942,2.1479333333333335,5.857578061129208,2.7270762878096186,0.48280690137979315,59.6098,1,0
baseline,93,115,0,113.99715,0.9999750000000001,0.008197970999507375,0.008198175953906222,1.0087971497533053,5.66685,19,0
baseline,94,115,0,114.00235,1.0000206140350878,0.007697312732842421,0.007697154063438481,1.0087511353932617,5.71265,19,0
baseline,95,115,0,113.99928,0.9999936842105263,0.007703888772307124,0.007703937428754044,1.0087783010559366,5.76172,19,0
baseline,96,115,0,113.99398000000001,0.999947192982456,0.008382387708736425,0.008382830381007423,1.0088252028747482,5.80802,19,0
baseline,97,115,0,113.99827,0.9999848245614036,0.008759063599761996,0.008759196524411006,1.0087872386133578,5.86173,19,0
baseline,98,116,0,113.99944,0.9912994782608696,0.09318058391563218,0.09399841920537241,1.0175488581347416,5.91556,19,0
baseline,99,115,0,114.00027999999999,1.0000024561403509,0.008366472937024524,0.008366452387843221,1.0087694521452053,5.96572,19,0
baseline,100,114,0,113.01015,1.0000898230088497,0.008471167129448304,0.008470406292068971,1.0087589477582324,6.00485,19,0
baseline,101,114,0,112.99819000000001,0.9999839823008849,0.00783873099489305,0.00783885655533876,1.0088657172296298,6.05281,19,0
baseline,102,121,0,113.01574,0.9417978333333334,0.23433890310539304,0.24882081356674002,1.0706473275315456,6.10326,19,0
baseline,103,114,0,112.98488,0.9998661946902655,0.008428353676525814,0.00842948158592032,1.008984565014363,6.17012,19,0
baseline,104,121,0,112.99273000000001,0.9416060833333333,0.23434907028225904,0.2488822814872345,1.0708653556737675,6.21627,19,0
baseline,105,114,0,112.99797000000001,0.99998203539823,0.007500427617224372,0.007500562361840253,1.008867681428259,6.26203,19,0
baseline,107,114,0,112.99946,0.999995221238938,0.00874984986949383,0.008749891683135502,1.0088543785961455,6.35354,19,0
baseline,108,114,0,112.9978,0.9999805309734513,0.007639969633529511,0.007640118379197071,1.0088691992233478,6.4102,19,0
baseline,109,114,0,112.99710999999999,0.999974424778761,0.007782881139297036,0.0077830801932949,1.0088753597326516,6.45989,19,0
baseline,110,116,0,112.99454999999999,0.982561304347826,0.13094305414466786,0.13326705780621106,1.0265981854877073,6.51345,19,0
baseline,111,114,0,113.00344999999999,1.0000305309734512,0.00782119073395002,0.007820951952673589,1.0088187573034275,6.56355,19,0
baseline,112,122,0,112.98875,0.9337913223140496,0.24850033379408548,0.2661197720045964,1.0797535152836013,6.61425,19,0
baseline,113,114,0,112.98666,0.9998819469026549,0.00804261095042111,0.008043560517653902,1.0089686693986706,6.66934,19,0
baseline,114,114,0,113.01204,1.0001065486725664,0.007657321647548526,0.007656505857012964,1.008742077392816,6.70196,19,0
baseline,115,123,0,113.00579,0.9262769672131148,0.2615009931582843,0.2823140404160768,1.0884398047215103,6.75721,19,0
baseline,116,114,0,113.0054,1.0000477876106195,0.00759254813226325,0.007592185319867433,1.0088013493160504,6.8116,19,0
baseline,117,116,0,112.99235999999999,0.9825422608695651,0.13093368576471023,0.13326010593053972,1.0266180828509115,6.86664,19,0
baseline,118,114,0,112.99629999999999,0.999967256637168,0.00759048219203459,0.007590730738085307,1.0088825917308797,6.9107,19,0
baseline,119,114,0,113.00015,1.0000013274336281,0.007955189713053026,0.0079551791530807,1.008848218343073,6.95785,19,0
baseline,120,113,0,111.99979,0.9999981250000001,0.007723996066439439,0.007724010548959218,1.00893046317319,7.00421,18,0
baseline,122,113,0,112.00296,1.0000264285714286,0.00930808757950663,0.009307841586550413,1.0089019075924421,7.10904,18,0
baseline,123,113,0,112.00042,1.00000375,0.008413233105925426,0.008413201556419588,1.0089247879606165,7.15458,18,0
baseline,124,120,0,112.01113,0.9412699999999999,0.23522973737293024,0.24990676147431687,1.0713221087940101,7.20887,18,0
baseline,125,114,0,111.98747,0.9910395575221239,0.0939358858396338,0.09478520320066718,1.0179710283659413,7.26653,18,0
baseline,126,113,0,111.99157,0.9999247321428572,0.007838008124314726,0.007838598118798131,1.0090045170364164,7.32043,18,0
baseline,127,113,0,112.01406999999999,1.0001256250000001,0.008221137367139553,0.008220104716484544,1.008801840697334,7.35393,18,0
baseline,128,109,0,111.00335000000001,1.0278087962962965,0.16549468937836073,0.16101700041361774,0.9819523464832367,8.41465,20,0
baseline,129,113,0,111.99646,0.9999683928571429,0.008833011797631622,0.008833290992721928,1.0089604617860244,7.45654,18,0
baseline,130,114,0,111.99695,0.9911234513274336,0.09394302482285266,0.09478438301205837,1.0178848620431182,7.50405,18,0
baseline,131,113,0,111.99996999999999,0.9999997321428571,0.008918395261220805,0.008918397650077318,1.0089288416773683,7.57003,18,0
baseline,132,114,0,112.0003,0.9911530973451327,0.09396790815471402,0.09480665338827382,1.0178544164613845,7.6127,18,0
baseline,133,121,0,111.99743000000001,0.9333119166666667,0.24937466412774598,0.2671932712681846,1.0803819337640157,7.66057,18,0
baseline,134,113,0,112.00941999999999,1.000084107142857,0.008047143853740685,0.008046467088383788,1.0088437204656537,7.70658,18,0
baseline,135,113,0,112.01319,1.000117767857143,0.008019640478874315,0.008018696134213509,1.0088097660641573,7.75481,18,0
baseline,136,113,0,111.99079,0.9999177678571429,0.008485649725714101,0.008486347576260328,1.0090115446100523,7.81321,18,0
baseline,137,113,0,111.99448000000001,0.9999507142857144,0.007809289650599081,0.007809674555987911,1.008978299644768,7.86352,18,0
baseline,138,113,0,112.0047,1.0000419642857141,0.007141245869605616,0.007140946204898804,1.0088862342383846,7.9113,18,0
baseline,139,116,0,111.99571999999999,0.9738758260869566,0.15941350163200835,0.16368976142732025,1.0357538663084627,7.95828,18,0
baseline,140,112,0,110.98695,0.9998824324324324,0.009024349964483057,0.009025411060107692,1.0091276496921486,8.01805,20,0
baseline,141,112,0,111.00031000000001,1.0000027927927928,0.008103682643124473,0.008103660011281199,1.0090061910637906,8.05169,20,0
baseline,142,121,0,111.00342,0.9250285,0.2633294034653499,0.2846716652139365,1.0900565045653547,8.11358,20,0
baseline,143,112,0,110.98946000000001,0.9999050450450451,0.0077810257636707,0.007781764680785434,1.0091048285125452,8.16854,20,0
baseline,144,113,0,110.99208999999999,0.9910008035714285,0.09443671596193731,0.09529428797797194,1.018090568436003,8.21791,20,0
baseline,145,119,0,111.00191,0.9406941525423729,0.23628580500743335,0.25118238948210114,1.0720536250232091,8.26809,20,0
baseline,146,112,0,111.01228,1.0001106306306304,0.008757472925150065,0.008756504187569675,1.008897394054063,8.30272,20,0
baseline,147,113,0,110.98765,0.9909611607142857,0.0944109680158436,0.09527211737318957,1.0181312965902063,8.36335,20,0
baseline,149,115,0,111.01465,0.9738127192982458,0.16024454079041683,0.16455375619440782,1.0358993159911778,8.45335,20,0
baseline,150,119,0,110.99922000000001,0.9406713559322033,0.23634250703599557,0.25124875499348087,1.0720796056044357,8.51878,20,0
baseline,151,112,0,110.99904,0.9999913513513513,0.008415308496588966,0.008415381278264886,1.009017735648885,8.56796,20,0
baseline,152,112,0,110.9999,0.9999990990990991,0.008298386421853049,0.008298393897883586,1.0090099180269532,8.6031,20,0
baseline,153,120,0,110.99264,0.9327112605042016,0.2504890972939079,0.2685601728004221,1.0811527683277018,8.65836,20,0
baseline,154,112,0,110.99688,0.999971891891892,0.008752347794519232,0.008752593813372364,1.009037371140522,8.71212,20,0
baseline,155,112,0,111.00922,1.000083063063063,0.008278216045013345,0.00827752848814253,1.0089252045911141,8.75278,20,0
baseline,156,112,0,111.00109,1.0000098198198197,0.007378774890620844,0.007378702433092447,1.0089991008196406,8.81691,20,0
baseline,157,112,0,110.99437,0.9999492792792792,0.007458257496624445,0.007458635804008018,1.0090601892690594,8.86563,20,0
baseline,158,112,0,111.00406,1.0000365765765766,0.007774984429230348,0.007774700057318341,1.0089721042635738,8.90594,20,0
baseline,159,112,0,110.99616,0.9999654054054055,0.008329995272029907,0.008330283454808884,1.0090439164742275,8.95684,20,0
baseline,160,111,0,109.99006,0.9999096363636364,0.0072550730749124884,0.007255728728944904,1.0091821024554402,9.01494,5,0
baseline,161,111,0,110.00247999999999,1.0000225454545455,0.007788300367318281,0.007788124780505048,1.0090681591905928,9.06252,5,0
baseline,162,111,0,109.99489,0.9999535454545454,0.006894947239083887,0.00689526755560397,1.0091377881281576,9.11211,5,0
baseline,163,120,0,109.98986000000001,0.9242845378151261,0.2643100051704246,0.2859617297019973,1.091009662163403,9.16914,5,0
baseline,164,111,0,110.00601999999999,1.0000547272727272,0.008287734059119846,0.008287280518858724,1.0090356873196578,9.20098,5,0
sybil_type1,1,119,0,117.00257,0.9915472033898306,0.09196086691562833,0.09274482001586924,1.01707167628882,1.06643,15,0
sybil_type1,2,119,0,116.98702,0.9914154237288134,0.09202692656476107,0.09282377937861659,1.0172068661976346,1.11898,15,0
sybil_type1,3,103,0,116.99831999999999,1.1470423529411764,0.9846797149259355,0.8584510523095155,0.880354521329879,1.15568,15,0
sybil_type1,4,109,0,112.01007,1.037130277777778,0.3830627545978703,0.3693487335252088,0.9731267911893993,1.21093,15,0
sybil_type1,5,90,0,98.99416000000001,1.1122939325842698,1.063441385491777,0.9560794627558651,0.9091445394354576,1.25984,15,0
sybil_type1,6,86,0,116.99692,1.3764343529411767,2.477796453651058,1.8001559234237954,0.7350620853950685,1.30808,15,0
sybil_type1,7,120,0,117.00505,0.9832357142857142,0.12880317682007572,0.13099928628370325,1.0255967584305121,1.35095,15,0
sybil_type1,9,124,0,117.01698999999999,0.9513576422764227,0.21547703140978272,0.22649424552283626,1.0596751805015665,1.45301,15,0
sybil_type1,10,120,0,116.98876,0.9830988235294118,0.12874040960072383,0.13095368087059078,1.025739566775475,1.51324,15,0
sybil_type1,12,108,0,117.0025,1.0934813084112147,0.9906950070352843,0.906000861116433,0.9230571996324866,1.6095,15,0
sybil_type1,13,108,0,107.00079,1.00000738317757,0.007693707264380872,0.007693650460793359,1.0093383422683142,1.66821,15,0
sybil_type1,14,118,0,116.9884,0.9999008547008547,0.008153485812425114,0.008154294272370067,1.0086470111566617,1.7206,15,0
sybil_type1,15,103,0,116.98582999999999,1.1469199019607843,1.0610074662047133,0.925092907003188,0.8804485124394981,1.76617,15,0
sybil_type1,17,119,0,117.01051000000001,0.9916144915254237,0.2445165734655178,0.24658430827223216,1.0170026607011626,1.85649,15,0
sybil_type1,18,123,0,117.00207,0.9590333606557377,0.198292461409456,0.20676284011003934,1.0512634520055928,1.90693,15,0
sybil_type1,20,107,0,114.99917,1.0848978301886791,0.6160135740801103,0.5678079142005259,0.9304414979690723,2.01883,20,0
sybil_type1,21,118,0,116.99921,0.999993247863248,0.008754361533638224,0.008754420644683602,1.0085538184403124,2.06879,20,0
sybil_type1,22,118,0,116.99484000000001,0.9999558974358975,0.007389118374235953,0.00738944426767545,1.0085914900178503,2.10716,20,0
sybil_type1,23,111,0,117.0084,1.0637127272727274,1.0648698487812818,1.0010878139171289,0.9486498405242701,2.1526,20,0
sybil_type1,24,114,0,117.0093,1.0354805309734514,0.3751795583446914,0.3623241066560532,0.9742815314680116,2.2057,20,0
sybil_type1,25,105,0,117.01490000000001,1.1251432692307692,1.2686251037559113,1.127523168336808,0.8973216231437192,2.2541,20,0
sybil_type1,26,126,0,117.00214,0.9360171199999999,0.24473069295637168,0.2614596332985573,1.0769033797159608,2.31686,20,0
sybil_type1,28,116,0,112.00028999999999,0.9739155652173913,0.1594900529115341,0.16376168387444728,1.0357116039610255,2.40971,20,0
sybil_type1,29,118,0,116.98387,0.9998621367521366,0.007374972904954993,0.007375989782862666,1.0086860692845945,2.46713,20,0
sybil_type1,30,118,0,117.00108,1.0000092307692308,0.00844361845245768,0.008443540512083724,1.0085376989682489,2.51892,20,0
sybil_type1,31,118,0,116.98373,0.9998609401709401,0.008567864625697133,0.008569056237192682,1.0086872764272434,2.56927,20,0
sybil_type1,32,118,0,116.99949,0.999995641025641,0.00829437502574599,0.00829441118087165,1.008551404796722,2.60751,20,0
sybil_type1,33,118,0,117.01131,1.0000966666666666,0.007834156639767111,0.007833399411157366,1.0084495250929162,2.65469,20,0
sybil_type1,34,118,0,116.99564000000001,0.9999627350427351,0.009107271878370507,0.009107611273115384,1.00858459340878,2.70736,20,0
sybil_type1,36,118,0,116.99423,0.9999506837606837,0.008670165538940806,0.008670593139987111,1.0085967487456433,2.81277,20,0
sybil_type1,37,118,0,117.00197999999999,1.000016923076923,0.00808896647086189,0.008088829582976641,1.008529941117236,2.86602,20,0
sybil_type1,39,118,0,117.00437,1.0000373504273503,0.008044002532349827,0.008043702096639039,1.0085093402921619,2.96463,20,0
sybil_type1,40,122,0,116.00729,0.9587379338842975,0.19917191054118003,0.20774385105869453,1.0516580466624124,3.00171,19,0
sybil_type1,41,117,0,116.00473,1.0000407758620689,0.008408980846736755,0.008408637977274407,1.0085795639539872,3.06027,19,0
sybil_type1,42,117,0,116.0056,1.000048275862069,0.007667679849127808,0.007667309703142139,1.0085719999724152,3.1034,19,0
sybil_type1,44,117,0,115.99678,0.9999722413793104,0.007722161021261841,0.007722375383750942,1.0086486883515215,3.20922,19,0
sybil_type1,45,129,0,115.99125,0.9061816406250001,0.2913888786451701,0.3215568111093015,1.1121528563576994,3.26175,19,0
sybil_type1,47,130,0,115.99523,0.8991878294573643,0.30080733682078176,0.3345322600755294,1.1207357405989884,3.36877,19,0
sybil_type1,48,119,0,115.99780000000001,0.9830322033898307,0.12932090606045674,0.1315530718266544,1.0258815253392735,3.4142,19,0
sybil_type1,49,126,0,116.00068999999999,0.9280055199999999,0.25855031860728606,0.27860859987911074,1.0862004355318922,3.46531,19,0
sybil_type1,50,117,0,115.99530999999999,0.9999595689655173,0.008775520162620199,0.008775874980324144,1.008661470881883,3.50969,19,0
sybil_type1,51,120,0,116.01098,0.9748821848739496,0.15687830674761674,0.1609202723997883,1.0343848487444895,3.55802,19,0
sybil_type1,52,129,0,115.99506000000001,0.90621140625,0.29145575970498516,0.3216200521146168,1.1121163263332075,3.60994,19,0
sybil_type1,53,121,0,115.99686,0.9666405,0.17969364367282634,0.1858950081988354,1.0431316847714671,3.66314,19,0
sybil_type1,55,117,0,115.99657,0.9999704310344828,0.007791480691494409,0.007791711084330782,1.0086505144074518,3.76543,19,0
sybil_type1,56,123,0,115.98662,0.9507099999999999,0.21633560397193496,0.22755162349395186,1.0604671469864368,3.81638,19,0
sybil_type1,58,123,0,116.01095000000001,0.9509094262295082,0.21639572889144051,0.22756712986796282,1.0602447441383764,3.90105,19,0
sybil_type1,59,117,0,115.99229,0.9999335344827586,0.007613035695924672,0.007613541733914056,1.0086877326070551,3.96071,19,0
sybil_type1,60,125,0,115.00737000000001,0.9274787903225807,0.2595569299308909,0.2798521460966412,1.0868868664677749,4.00563,18,0
sybil_type1,61,117,0,115.01459,0.9915050862068966,0.09281270297547196,0.0936078939650591,1.0172622447291253,4.05341,18,0
sybil_type1,63,116,0,115.00165,1.000014347826087,0.007616530778275597,0.007616421499184521,1.0086811797917683,4.15335,18,0
sybil_type1,64,137,0,114.9905,0.8455183823529412,0.3611297621908643,0.42711048006537533,1.1914027680547523,4.2185,18,0
sybil_type1,66,125,0,114.99947,0.9274150806451613,0.2594119751958144,0.2797150710719013,1.0869615312140135,4.31153,18,0
sybil_type1,67,116,0,115.00330000000001,1.000028695652174,0.008035374672332878,0.008035144098632655,1.0086667078249059,4.3547,18,0
sybil_type1,68,116,0,115.00306,1.0000266086956522,0.008733131107101805,0.008732898736057176,1.008668812812459,4.41094,18,0
sybil_type1,69,123,0,114.98655,0.9425127049180327,0.23252488583557449,0.24670742858134354,1.0696903246510137,4.46545,18,0
sybil_type1,74,116,0,114.99503,0.9999567826086957,0.007871532589055711,0.007871872790862412,1.0087392472526857,4.71997,18,0
sybil_type1,75,118,0,115.01633,0.9830455555555555,0.12979034661431485,0.13202882194097862,1.025941272860993,4.75467,18,0
sybil_type1,76,119,0,114.99837,0.9745624576271187,0.15754737932474686,0.16165960230845122,1.0347972758222574,4.81563,18,0
sybil_type1,77,116,0,115.00183,1.0000159130434783,0.009042115460026168,0.00904197157473937,1.0086796010115666,4.85817,18,0
sybil_type1,78,117,0,115.00672,0.9914372413793103,0.09283639606193934,0.09363819734346797,1.017331856781934,4.90928,18,0
sybil_type1,79,116,0,115.01012,1.000088,0.008876955235939904,0.008876174132616233,1.0086068947671736,4.95788,18,0
sybil_type1,80,116,0,114.00492,0.9913471304347827,0.09315462227804742,0.09396771263885324,1.0174999464935373,5.01108,20,0
sybil_type1,82,115,0,114.012,1.0001052631578948,0.007569127068551163,0.0075683304021930365,1.0086657544819844,5.107,20,0
sybil_type1,83,123,0,113.99923,0.9344199180327869,0.24748954866655115,0.2648590252523569,1.0789546560972385,5.16077,20,0
sybil_type1,85,117,0,113.99451,0.9827112931034483,0.13030329314473346,0.13259570136131188,1.026365217061769,5.26149,20,0
sybil_type1,86,115,0,113.99512,0.9999571929824561,0.008130745688679381,0.008131093756552469,1.008815114190853,5.30888,20,0
sybil_type1,87,115,0,114.00284,1.0000249122807017,0.008261100160965242,0.008260894363246018,1.0087467996411317,5.36016,20,0
sybil_type1,88,115,0,114.00217,1.0000190350877194,0.007824522962791736,0.007824374025145818,1.0087527281278943,5.41583,20,0
sybil_type1,90,120,0,113.9885,0.9578865546218488,0.20074494373714286,0.20957068743531143,1.0527377761791759,5.5175,20,0
sybil_type1,91,115,0,113.9909,0.9999201754385966,0.007764733135849686,0.0077653530017471935,1.008852461029784,5.5601,20,0
sybil_type1,93,115,0,114.01186,1.000104035087719,0.007681962436510791,0.007681163326010385,1.0086669930654584,5.65714,20,0
sybil_type1,94,115,0,114.01651,1.0001448245614035,0.008719179930098598,0.00871791736154036,1.008625856027342,5.70349,20,0
sybil_type1,95,115,0,113.99722,0.9999756140350878,0.007309621157424912,0.007309799413936936,1.008796530301353,5.76778,20,0
sybil_type1,96,115,0,113.99816,0.999983859649123,0.007572987603545467,0.007573109836195454,1.0087882120202643,5.80284,20,0
sybil_type1,98,117,0,113.99467,0.9827126724137931,0.1303539861390552,0.13264710001029348,1.0263637764818303,5.91933,20,0
sybil_type1,99,115,0,113.99848,0.9999866666666667,0.008007500723462223,0.00800760749156211,1.0087853802962987,5.95652,20,0
sybil_type1,101,114,0,113.00050999999999,1.0000045132743363,0.008761672466435515,0.008761632922782502,1.0088450043278567,6.06949,18,0
sybil_type1,102,124,0,112.99816,0.9186842276422765,0.273320535757341,0.2975130382490559,1.0973630013090478,6.10984,18,0
sybil_type1,103,114,0,113.00067,1.00000592920354,0.008256626262217598,0.0082565773072902,1.0088435758832226,6.16933,18,0
sybil_type1,104,116,0,112.98829,0.9825068695652175,0.1308572382166104,0.1331870974851482,1.026655063104327,6.21471,18,0
sybil_type1,105,114,0,113.01169999999999,1.000103539823009,0.008360879608248781,0.008360014013877433,1.0087451122317426,6.2553,18,0
sybil_type1,107,114,0,113.00417,1.0000369026548672,0.007380932152038707,0.007380659786097928,1.0088123296688962,6.35683,18,0
sybil_type1,109,119,0,113.00172,0.9576416949152543,0.20142031108472214,0.21032951275429446,1.0530813159304124,6.45728,18,0
sybil_type1,110,114,0,113.01718,1.00015203539823,0.008589687082527504,0.008588381344549634,1.0086961999936648,6.50082,18,0
sybil_type1,112,123,0,112.98476000000001,0.9261045901639344,0.26134623297534965,0.2821994791420777,1.0886423974348398,6.61724,18,0
sybil_type1,113,114,0,112.9931,0.9999389380530972,0.00821383274907587,0.008214334332322711,1.0089111636020254,6.6579,18,0
sybil_type1,114,114,0,112.98854,0.9998985840707965,0.008907494892044097,0.008908398345540025,1.0089518813146892,6.71746,18,0
sybil_type1,115,114,0,113.00954999999999,1.0000845132743363,0.007591074403785377,0.0075904329114464,1.0087643035477976,6.75745,18,0
sybil_type1,117,114,0,112.99942,0.9999948672566372,0.008308969044069303,0.008309011692093917,1.0088547357145727,6.86358,18,0
sybil_type1,118,114,0,112.99915,0.9999924778761062,0.008375649443155636,0.008375712446302355,1.0088571462705693,6.91685,18,0
sybil_type1,120,114,0,111.98935,0.9910561946902655,0.09397756090033545,0.09482566317009523,1.0179539393701276,7.01265,20,0
sybil_type1,122,113,0,112.00498,1.0000444642857143,0.008372385608918778,0.008372013353325032,1.0088837121349425,7.10802,20,0
sybil_type1,123,113,0,111.99627,0.9999666964285715,0.00873600813836334,0.008736299088324049,1.0089621734723844,7.16173,20,0
sybil_type1,124,148,0,111.99044,0.7618397278911565,0.42554846848811295,0.5585800436872344,1.3215413744244597,7.21556,20,0
sybil_type1,125,113,0,111.98828,0.9998953571428572,0.008310605845261993,0.008311475581813946,1.0090341596459915,7.26572,20,0
sybil_type1,126,113,0,112.01415,1.0001263392857143,0.007783289218797077,0.00778230600781484,1.0088011202156155,7.30485,20,0
sybil_type1,128,113,0,112.00819,1.0000731250000001,0.008219106120068577,0.008218505141880076,1.0088547989214003,7.40281,20,0
sybil_type1,129,113,0,112.01074,1.0000958928571428,0.008686229614574003,0.008685396747064507,1.0088318316618567,7.45326,20,0
sybil_type1,130,118,0,111.98787999999999,0.9571613675213676,0.20239279978960906,0.21145107466436777,1.0536854523900265,7.52012,20,0
sybil_type1,131,113,0,111.98973,0.9999083035714287,0.00832637707276286,0.008327140641819926,1.0090210950593417,7.56627,20,0
sybil_type1,132,113,0,111.99996999999999,0.9999997321428571,0.006880618543082031,0.00688062038610535,1.0089288416773683,7.61203,20,0
sybil_type1,133,120,0,112.00296999999999,0.9412014285714285,0.2352256885420039,0.24992066671534216,1.0714001601921808,7.65103,20,0
sybil_type1,134,113,0,112.00446,1.0000398214285713,0.008525804002948403,0.00852546450677251,1.0088883960513715,7.70354,20,0
sybil_type1,136,113,0,112.0108,1.0000964285714287,0.008813590748823158,0.008812740948803093,1.008831291268342,7.8102,20,0
sybil_type1,137,113,0,112.00711000000001,1.0000634821428573,0.008250065769199974,0.008249542070591741,1.0088645265465737,7.85989,20,0
sybil_type1,139,113,0,111.99155,0.9999245535714286,0.008094440429834256,0.008095051172534326,1.0090046972293891,7.96345,20,0
sybil_type1,140,112,0,110.98745000000001,0.999886936936937,0.008083249702488238,0.008084163722801041,1.009123103558105,8.01355,19,0
sybil_type1,141,112,0,110.99875,0.9999887387387387,0.00812122035354462,0.008121311809758695,1.0090203718510344,8.06425,19,0
sybil_type1,142,120,0,110.98166,0.9326189915966387,0.25034693230249244,0.2684343065691809,1.0812597324639044,8.11934,19,0
sybil_type1,144,112,0,111.00804,1.0000724324324324,0.008607877830797273,0.0086072543864255,1.0089359293254796,8.20196,19,0
sybil_type1,145,117,0,110.99479,0.9568516379310344,0.20326342711700873,0.21242940813323774,1.0541035304449875,8.25721,19,0
sybil_type1,147,113,0,110.9924,0.9910035714285714,0.09434451043778377,0.09520097924751408,1.0180877249253102,8.3616,19,0
sybil_type1,149,112,0,111.00829999999999,1.0000747747747747,0.008681766732522252,0.008681117603908627,1.0089335662288317,8.4607,19,0
sybil_type1,150,117,0,111.00215,0.9569150862068966,0.2031990887015253,0.21234808775665098,1.0540336380871902,8.50785,19,0
sybil_type1,151,112,0,111.00179,1.000016126126126,0.008136689918568038,0.008136558707396092,1.0089927378648578,8.55421,19,0
sybil_type1,152,112,0,111.01061,1.0000955855855855,0.008639451693132991,0.00863862596501147,1.0089125715100566,8.60539,19,0
sybil_type1,153,119,0,111.00296,0.9407030508474578,0.23631269314161946,0.25120859651590455,1.0720434842458255,8.65904,19,0
sybil_type1,155,112,0,111.00341999999999,1.0000308108108107,0.008044667545595805,0.008044419690502638,1.008977921581155,8.75458,19,0
sybil_type1,156,112,0,111.00713,1.0000642342342343,0.008044321431698477,0.008043804744060412,1.0089442002509208,8.80887,19,0
sybil_type1,157,112,0,110.99447,0.9999501801801801,0.00710874109582951,0.0071090952696749275,1.009059280160534,8.86653,19,0
sybil_type1,158,112,0,110.99957,0.9999961261261262,0.008256219077857074,0.008256251061532357,1.0090129177977896,8.92043,19,0
sybil_type1,159,112,0,110.99807,0.9999826126126126,0.007875885960369443,0.007876022903830745,1.0090265533445761,8.95393,19,0
sybil_type1,160,111,0,110.01105,1.0001004545454544,0.007840751632146618,0.007839964072119374,1.0089895515041445,9.00895,8,0
sybil_type1,161,111,0,110.01346,1.0001223636363636,0.00781286385942698,0.007811907965961327,1.008967448164979,9.05654,8,0
sybil_type1,163,117,0,110.00295,0.9483012931034482,0.22140773925641777,0.23347826357151752,1.0636078396079378,9.15405,8,0
sybil_type1,164,111,0,109.98297000000001,0.9998451818181817,0.008221640151766515,0.008222913208238664,1.0092471589010552,9.22003,8,0
sybil_type1,215,118,0,117.0004,1.0000034188034188,3.6821639706816767e-05,3.682151382129943e-05,1.0085435605348358,2.3506,20,1
sybil_type1,223,113,0,117.0004,1.0446464285714288,0.4703413479151853,0.4502397510307721,0.9658086639020038,2.7506,20,1
sybil_type1,226,108,0,117.0004,1.0934616822429906,0.6771666228291273,0.6192870164778636,0.9230737672691718,2.9006,20,1
sybil_type1,231,107,0,116.0004,1.094343396226415,0.9666931009958608,0.8833544427912425,0.9224106123771987,3.1506,19,1
sybil_type1,234,117,0,116.0004,1.000003448275862,3.697863894737239e-05,3.6978511435263996e-05,1.0086172116647873,3.3006,19,1
sybil_type1,242,111,0,116.0004,1.0545490909090909,0.5694709170873122,0.5400136627080971,0.9568932520922342,3.7006,19,1
sybil_type1,250,116,0,115.0004,1.0000034782608695,3.713766348523974e-05,3.713753431120735e-05,1.0086921436795002,4.1006,18,1
sybil_type1,253,116,0,115.0004,1.0000034782608698,3.7137663485235415e-05,3.713753431120302e-05,1.0086921436795002,4.2506,18,1
sybil_type1,258,116,0,115.0004,1.0000034782608698,3.7137663485235415e-05,3.713753431120302e-05,1.0086921436795002,4.5006,18,1
sybil_type1,261,116,0,115.0004,1.0000034782608695,3.7137663485241906e-05,3.713753431120952e-05,1.0086921436795002,4.6506,18,1
sybil_type1,269,115,0,114.0004,1.00000350877193,3.729875723757631e-05,3.7298626365203094e-05,1.0087683902863498,5.0506,20,1
sybil_type1,272,115,0,114.0004,1.0000035087719297,3.72987572375829e-05,3.7298626365209694e-05,1.0087683902863498,5.2006,20,1
sybil_type1,277,115,0,114.0004,1.0000035087719297,3.72987572375829e-05,3.7298626365209694e-05,1.0087683902863498,5.4506,20,1
sybil_type1,280,115,0,114.0004,1.00000350877193,3.729875723757851e-05,3.7298626365205296e-05,1.0087683902863498,5.6006,20,1
sybil_type1,285,115,0,114.0004,1.00000350877193,3.729875723757851e-05,3.7298626365205296e-05,1.0087683902863498,5.8506,20,1
sybil_type1,288,114,0,113.0004,1.000003539823009,3.746196546630952e-05,3.7461832858051615e-05,1.008845986385889,6.0006,18,1
sybil_type1,296,114,0,113.0004,1.000003539823009,3.74619654663162e-05,3.7461832858058296e-05,1.008845986385889,6.4006,18,1
sybil_type1,299,114,0,113.0004,1.000003539823009,3.746196546631175e-05,3.7461832858053844e-05,1.008845986385889,6.5506,18,1
sybil_type1,304,114,0,113.0004,1.000003539823009,3.746196546631175e-05,3.7461832858053844e-05,1.008845986385889,6.8006,18,1
sybil_type1,307,28,0,57.00039999999999,2.1111259259259256,5.665652778355147,2.6837114303687164,0.49122462298510194,59.9506,1,1
sybil_type1,312,113,0,112.0004,1.0000035714285713,3.7627334831533746e-05,3.7627200448675e-05,1.0089249681251138,7.2006,20,1
sybil_type1,315,113,0,112.0004,1.0000035714285713,3.762733483152923e-05,3.762720044867049e-05,1.0089249681251138,7.3506,20,1
sybil_type1,323,113,0,112.0004,1.0000035714285715,3.762733483152472e-05,3.762720044866597e-05,1.0089249681251138,7.7506,20,1
sybil_type1,326,113,0,112.0004,1.0000035714285713,3.762733483153149e-05,3.762720044867275e-05,1.0089249681251138,7.9006,20,1
sybil_type1,331,112,0,111.0004,1.0000036036036035,3.779491344748801e-05,3.779477725009252e-05,1.009005372953611,8.1506,19,1
sybil_type1,334,112,0,111.0004,1.0000036036036035,3.7794913447481904e-05,3.779477725008641e-05,1.009005372953611,8.3006,19,1
sybil_type1,342,112,0,111.0004,1.0000036036036035,3.7794913447489534e-05,3.779477725009404e-05,1.009005372953611,8.7006,19,1
sybil_type1,350,111,0,110.0004,1.0000036363636364,3.796475094140442e-05,3.7964612888266645e-05,1.0090872396827648,9.1006,8,1
sybil_type1,353,111,0,110.0004,1.0000036363636364,3.7964750941399786e-05,3.796461288826201e-05,1.0090872396827648,9.2506,8,1
sybil_type1,358,111,0,110.0004,1.0000036363636364,3.7964750941399786e-05,3.796461288826201e-05,1.0090872396827648,9.5006,8,1
sybil_type1,361,111,0,110.0004,1.0000036363636364,3.796475094140752e-05,3.796461288826974e-05,1.0090872396827648,9.6506,8,1
sybil_type1,369,110,0,109.0004,1.0000036697247707,3.8136898515186017e-05,3.813675856377844e-05,1.0091706085482255,10.0506,2,1
sybil_type1,377,110,0,109.0004,1.0000036697247705,3.8136898515193864e-05,3.81367585637863e-05,1.0091706085482255,10.4506,2,1
sybil_type2,0,137,0,116.99157,0.8602321323529412,0.34669389994762567,0.4030236571137313,1.1710245447599346,1.01643,20,0
sybil_type2,1,118,0,116.98602000000001,0.9998805128205129,0.008245001992520352,0.0082459872822828,1.008667531385374,1.06898,20,0
sybil_type2,2,122,0,117.00532,0.9669861157024793,0.17885471314866475,0.18496099400427635,1.0426876316393134,1.10568,20,0
sybil_type2,3,103,0,117.00207,1.147079117647059,0.9843360687615327,0.8581239546759841,0.8803263053380166,1.16093,20,0
sybil_type2,4,109,0,111.99216,1.0369644444444444,0.38231876052905084,0.3686903274045031,0.9732824154833696,1.20984,20,0
sybil_type2,5,98,0,99.00692,1.0206898969072167,1.0658276034071017,1.0442227425162691,0.9898298017956725,1.25808,20,0
sybil_type2,6,86,0,117.00605,1.3765417647058824,2.479062844687211,1.8009354370856288,0.7350047283879765,1.30095,20,0
sybil_type2,7,122,0,117.00299,0.9669668595041322,0.17890056606183413,0.18501209664370055,1.042708395742707,1.35301,20,0
sybil_type2,8,118,0,116.98876,0.9999039316239317,0.5064352630053638,0.5064839200930719,1.0086439073292168,1.41324,20,0
sybil_type2,9,128,0,116.99849999999999,0.921248031496063,0.26923870804018574,0.29225431027836757,1.094031120057095,1.4595,20,0
sybil_type2,10,123,0,117.00279,0.959039262295082,0.19837959152357945,0.206852419210488,1.0512569828463065,1.51821,20,0
sybil_type2,11,131,0,116.9984,0.8999876923076924,0.7001897435778377,0.7779992432812662,1.1196734314315409,1.5706,20,0
sybil_type2,12,108,0,116.98683,1.0933348598130839,0.9892574125526687,0.9048073457767475,0.9231808400996933,1.61617,20,0
sybil_type2,13,108,0,106.99851,0.9999860747663553,0.009243708115941964,0.009243836838529714,1.009359849964266,1.65649,20,0
sybil_type2,14,119,0,117.00707,0.9915853389830508,0.09205452754663505,0.09283570856447339,1.017032560511087,1.70693,20,0
sybil_type2,15,103,0,116.98417,1.1469036274509805,1.0607799410023364,0.9249076518834839,0.8804610059634563,1.76883,20,0
sybil_type2,16,125,0,116.99020999999999,0.9434694354838709,0.9702287933916894,1.0283627183895943,1.0684654724527805,1.81879,20,0
sybil_type2,17,116,0,117.00784,1.0174594782608695,0.18676925073164083,0.1835643135890612,0.9913865600800766,1.85716,20,0
sybil_type2,18,149,0,117.0054,0.790577027027027,0.4069665417840904,0.514771524938553,1.2734454990966229,1.9026,20,0
sybil_type2,19,144,0,117.01230000000001,0.8182678321678322,0.38577667575714986,0.4714552626798416,1.2306398558100302,1.9557,20,0
sybil_type2,20,107,0,115.0039,1.0849424528301888,0.6160992631901269,0.5678635411334176,0.930403229803511,2.0041,35,0
sybil_type2,21,118,0,117.00413999999999,1.0000353846153847,0.008492298928522692,0.00849199844242396,1.0085113227617417,2.06686,35,0
sybil_type2,22,118,0,117.00929,1.0000794017094017,0.008459924863843107,0.008459253184679981,1.0084669345485304,2.10971,35,0
sybil_type2,23,107,0,116.98787,1.1036591509433962,1.0649719369959487,0.9649464112952101,0.9146247384451055,2.16713,35,0
sybil_type2,24,115,0,116.98408,1.0261761403508773,0.383988789030217,0.3741938385927789,0.9830397435274953,2.21892,35,0
sybil_type2,25,105,0,116.99273,1.1249300961538462,1.2682504710165274,1.1274038052254944,0.8974916646530088,2.26927,35,0
sybil_type2,26,120,0,116.99849,0.9831805882352941,0.12872266415717687,0.13092474129114015,1.0256542627174077,2.30751,35,0
sybil_type2,27,132,0,110.00331,0.8397199236641222,0.36690516655954347,0.4369375505091637,1.1999638919956137,2.35469,35,0
sybil_type2,28,117,0,112.01164,0.9656175862068965,0.1825829193847829,0.18908408669522933,1.0445343001852307,2.40736,35,0
sybil_type2,29,119,0,116.99623,0.9914934745762712,0.09190575667937607,0.09269426278236809,1.0171267911795108,2.46277,35,0
sybil_type2,30,119,0,116.99398000000001,0.991474406779661,0.09198810379555783,0.09277910066719522,1.0171463523165891,2.51602,35,0
sybil_type2,31,118,0,116.99437,0.9999518803418803,0.008170822378723963,0.008171215574823846,1.008595541819662,2.56463,35,0
sybil_type2,32,118,0,117.00529,1.0000452136752136,0.007998976173619332,0.007998614526859956,1.008501410491782,2.60171,35,0
sybil_type2,33,121,0,117.00773000000001,0.9750644166666668,0.15624766678682364,0.16024343019404647,1.0341197115780298,2.66027,35,0
sybil_type2,34,118,0,116.9986,0.9999880341880342,0.008379417624472304,0.008379517892207766,1.0085590767752777,2.7034,35,0
sybil_type2,35,160,0,116.99878,0.7358413836477987,0.4408776497321063,0.599147668953513,1.3675356272945753,2.75922,35,0
sybil_type2,36,118,0,116.99425,0.9999508547008547,0.00797966352916598,0.007980055711391112,1.0085965763274691,2.81175,35,0
sybil_type2,37,118,0,116.99123,0.9999250427350428,0.009107305100563439,0.009107987810418971,1.0086226121393886,2.86877,35,0
sybil_type2,38,162,0,117.00680000000001,0.7267503105590063,0.44557795629767516,0.6131101009849487,1.3845349159194165,2.9142,35,0
sybil_type2,39,118,0,117.00269,1.0000229914529914,0.008906183702642725,0.008905978941246555,1.0085238211189844,2.96531,35,0
sybil_type2,40,118,0,116.00631,0.9915069230769231,0.09234374317382348,0.09313474371641807,1.0171860478968773,3.00969,29,0
sybil_type2,41,117,0,116.00098,1.000008448275862,0.008215277673171754,0.008215208268826036,1.008612168621334,3.05802,29,0
sybil_type2,42,117,0,116.01006000000001,1.000086724137931,0.008599421870690386,0.008598676157913243,1.0085332254806176,3.10994,29,0
sybil_type2,43,146,0,115.98886,0.7999231724137931,0.3999615551571531,0.499999961184093,1.2587415722509903,3.16314,29,0
sybil_type2,44,117,0,115.99157,0.9999273275862068,0.00854209408204413,0.008542714901756388,1.0086939938824866,3.21543,29,0
sybil_type2,45,120,0,115.99962000000001,0.9747867226890757,0.15689470404218878,0.16095285295779815,1.034486147454621,3.26638,29,0
sybil_type2,46,138,0,116.01095,0.8467952554744527,0.36033496914459784,0.42552785554130795,1.1895428836674469,3.30105,29,0
sybil_type2,47,123,0,116.00529,0.9508630327868851,0.2162054599592986,0.22737813176480515,1.060296474410779,3.36071,29,0
sybil_type2,48,123,0,116.00237,0.9508390983606558,0.21635639254121716,0.22754259150074685,1.0603231640870785,3.40563,29,0
sybil_type2,49,122,0,116.00358999999999,0.9587073553719009,0.19918656529245676,0.2077657631146352,1.0516915898895889,3.45341,29,0
sybil_type2,50,117,0,116.00165,1.000014224137931,0.007343279140546261,0.007343174690216615,1.00860634309943,3.50335,29,0
sybil_type2,51,121,0,115.9865,0.9665541666666667,0.17955387312068494,0.18576700542289137,1.0432248580653782,3.5685,29,0
sybil_type2,52,129,0,116.00447,0.906284921875,0.29150070980294135,0.3216435612763585,1.1120261141661179,3.61153,29,0
sybil_type2,53,118,0,116.0063,0.9915068376068376,0.09231938050320167,0.09311018038567384,1.0171861355805676,3.6547,29,0
sybil_type2,54,144,0,116.00506,0.8112241958041958,0.3913293572816979,0.48239359637659596,1.2413251628851363,3.71094,29,0
sybil_type2,55,117,0,115.99455,0.9999530172413793,0.008746590391830868,0.008747001350083954,1.0086680796640877,3.76545,29,0
sybil_type2,56,125,0,115.99512999999999,0.9354445967741936,0.24576193558912793,0.2627220643922884,1.0776314488375505,3.81887,29,0
sybil_type2,57,131,0,115.98075,0.8921596153846154,0.3100165169753776,0.3474899688681017,1.1294977830372712,3.87025,29,0
sybil_type2,58,117,0,115.98803,0.9998968103448277,0.007952064967031283,0.0079528856225563,1.008724779617345,3.91997,29,0
sybil_type2,59,118,0,116.01132999999999,0.991549829059829,0.09246941270193511,0.0932574541307854,1.017142032592851,3.95467,29,0
sybil_type2,60,122,0,114.99837,0.9503997520661156,0.2171950146052164,0.22853016757742903,1.0608846021034908,4.01563,30,0
sybil_type2,61,121,0,115.01083,0.9584235833333334,0.20002965299673195,0.20870693968218323,1.052074835039448,4.05817,30,0
sybil_type2,62,136,0,115.00872,0.8519164444444444,0.35532129056404604,0.4170846717200767,1.182519029861388,4.10928,30,0
sybil_type2,63,116,0,115.00811999999999,1.0000706086956521,0.008153364446865976,0.008152788789083652,1.008624434518189,4.15788,30,0
sybil_type2,64,116,0,114.99092,0.9999210434782609,0.00767969806629212,0.007680304476419475,1.0087753015629408,4.21108,30,0
sybil_type2,65,136,0,115.00399999999999,0.8518814814814816,0.35528831744565,0.41706308350285853,1.1825675628673786,4.257,30,0
sybil_type2,66,125,0,114.99723,0.9273970161290322,0.259373953709448,0.2796795214977922,1.0869827038442579,4.31077,30,0
sybil_type2,67,138,0,115.00751,0.8394708759124088,0.36718801320915784,0.4374041122154077,1.199921639899864,4.36149,30,0
sybil_type2,68,116,0,115.00512,1.0000445217391305,0.007817755848733541,0.007817407804142609,1.0086507452885576,4.40888,30,0
sybil_type2,69,141,0,114.99584,0.8213988571428571,0.4012690332487771,0.4885191034286875,1.2261313104891447,4.46016,30,0
sybil_type2,70,137,0,114.99217,0.8455306617647058,0.3613429369913474,0.4273563967948709,1.1913854656364864,4.51583,30,0
sybil_type2,73,127,0,114.99886000000001,0.9126893650793653,0.2823819276298992,0.30939543993190277,1.1043587736434952,4.65714,30,0
sybil_type2,74,116,0,115.01651,1.0001435652173913,0.008886385208386824,0.0088851096156933,1.0085508593505401,4.70349,30,0
sybil_type2,75,117,0,114.99022,0.9912949999999999,0.09275672019060088,0.09357125799141616,1.0174778342019,4.76778,30,0
sybil_type2,76,120,0,115.01316,0.9664971428571428,0.18041906732388763,0.18667315124236764,1.0433588643247433,4.80284,30,0
sybil_type2,77,116,0,114.99067,0.9999188695652174,0.008268779181771692,0.008269450085852571,1.0087774947306596,4.86933,30,0
sybil_type2,78,116,0,115.00248,1.0000215652173914,0.008225106590170408,0.008224929217783799,1.0086738999019846,4.90652,30,0
sybil_type2,79,116,0,114.99251000000001,0.9999348695652175,0.00819669895010422,0.008197232839443066,1.0087613532394413,4.96949,30,0
sybil_type2,80,116,0,113.99616,0.9912709565217391,0.09321154477828757,0.0940323573136417,1.0175781359652816,5.00984,31,0
sybil_type2,81,127,0,113.99767,0.9047434126984126,0.2936244102946706,0.3245388760764014,1.1140578574983155,5.06933,31,0
sybil_type2,82,115,0,114.00229,1.0000200877192982,0.009048435504551882,0.009048253745770498,1.008751666304247,5.11471,31,0
sybil_type2,83,115,0,113.9997,0.9999973684210527,0.008091401224543942,0.008091422517761094,1.0087745844945206,5.1553,31,0
sybil_type2,84,141,0,113.98378,0.8141698571428572,0.3888461234656521,0.4775982800815282,1.237018109067799,5.22022,31,0
sybil_type2,85,125,0,114.00017000000001,0.9193562096774194,0.27235747975181906,0.29624804497419227,1.0964895929541156,5.25683,31,0
sybil_type2,86,115,0,114.00771999999999,1.0000677192982454,0.007301736039077283,0.007301241604119531,1.0087036211232012,5.30728,31,0
sybil_type2,87,115,0,114.00218,1.0000191228070174,0.007930918351440336,0.007930766692919367,1.008752639642505,5.35082,31,0
sybil_type2,88,115,0,113.99076,0.9999189473684211,0.0077737515349443655,0.007774381669037539,1.0088537000718305,5.41724,31,0
sybil_type2,89,140,0,114.00410000000001,0.8201733812949641,0.38403269758600644,0.46823355444633036,1.228026009590883,5.4579,31,0
sybil_type2,90,119,0,113.98854,0.9660045762711864,0.18112803397767302,0.18750225250157093,1.0439645950373608,5.51746,31,0
sybil_type2,91,115,0,114.00255,1.0000223684210525,0.008311967097032254,0.00831178117561122,1.008749365694013,5.55745,31,0
sybil_type2,92,31,0,57.9942,1.93314,5.59420213504422,2.8938422126924177,0.5345362122419138,59.6098,4,0
sybil_type2,93,115,0,113.99715,0.9999750000000001,0.008197970999507375,0.008198175953906222,1.0087971497533053,5.66685,31,0
sybil_type2,94,115,0,114.00235,1.0000206140350878,0.007697312732842421,0.007697154063438481,1.0087511353932617,5.71265,31,0
sybil_type2,95,115,0,113.99928,0.9999936842105263,0.007703888772307124,0.007703937428754044,1.0087783010559366,5.76172,31,0
sybil_type2,96,115,0,113.99398000000001,0.999947192982456,0.008382387708736425,0.008382830381007423,1.0088252028747482,5.80802,31,0
sybil_type2,97,138,0,113.99827,0.8321041605839415,0.37379660045523,0.4492185211439306,1.2105446863360294,5.86173,31,0
sybil_type2,98,116,0,113.99944,0.9912994782608696,0.09318058391563218,0.09399841920537241,1.0175488581347416,5.91556,31,0
sybil_type2,99,115,0,114.00027999999999,1.0000024561403509,0.008366472937024524,0.008366452387843221,1.0087694521452053,5.96572,31,0
sybil_type2,100,125,0,113.01015,0.9113721774193548,0.28443333154616807,0.3120934987850635,1.1060953374542022,6.00485,31,0
sybil_type2,101,114,0,112.99819000000001,0.9999839823008849,0.00783873099489305,0.00783885655533876,1.0088657172296298,6.05281,31,0
sybil_type2,102,121,0,113.01574,0.9417978333333334,0.23433890310539304,0.24882081356674002,1.0706473275315456,6.10326,31,0
sybil_type2,103,114,0,112.98488,0.9998661946902655,0.008428353676525814,0.00842948158592032,1.008984565014363,6.17012,31,0
sybil_type2,104,121,0,112.99273000000001,0.9416060833333333,0.23434907028225904,0.2488822814872345,1.0708653556737675,6.21627,31,0
sybil_type2,105,114,0,112.99797000000001,0.99998203539823,0.007500427617224372,0.007500562361840253,1.008867681428259,6.26203,31,0
sybil_type2,107,114,0,112.99946,0.999995221238938,0.00874984986949383,0.008749891683135502,1.0088543785961455,6.35354,31,0
sybil_type2,108,126,0,112.9978,0.9039824,0.29464172299903413,0.3259374551971744,1.1150659570363317,6.4102,31,0
sybil_type2,109,114,0,112.99710999999999,0.999974424778761,0.007782881139297036,0.0077830801932949,1.0088753597326516,6.45989,31,0
sybil_type2,110,116,0,112.99454999999999,0.982561304347826,0.13094305414466786,0.13326705780621106,1.0265981854877073,6.51345,31,0
sybil_type2,111,127,0,113.00344999999999,0.8968527777777777,0.30426064261658664,0.3392537216314185,1.1238594927853973,6.56355,31,0
sybil_type2,112,122,0,112.98875,0.9337913223140496,0.24850033379408548,0.2661197720045964,1.0797535152836013,6.61425,31,0
sybil_type2,113,114,0,112.98666,0.9998819469026549,0.00804261095042111,0.008043560517653902,1.0089686693986706,6.66934,31,0
sybil_type2,114,114,0,113.01204,1.0001065486725664,0.007657321647548526,0.007656505857012964,1.008742077392816,6.70196,31,0
sybil_type2,115,141,0,113.00579,0.8071842142857144,0.3945528251561107,0.48880146337506675,1.2477236785831947,6.75721,31,0
sybil_type2,116,123,0,113.0054,0.9262737704918033,0.2614825546803776,0.28229510864972884,1.0884435611041596,6.8116,31,0
sybil_type2,117,116,0,112.99235999999999,0.9825422608695651,0.13093368576471023,0.13326010593053972,1.0266180828509115,6.86664,31,0
sybil_type2,118,114,0,112.99629999999999,0.999967256637168,0.00759048219203459,0.007590730738085307,1.0088825917308797,6.9107,31,0
sybil_type2,119,144,0,113.00015,0.7902108391608392,0.40717589240000795,0.5152750028491213,1.27433459159125,6.95785,31,0
sybil_type2,120,113,0,111.99979,0.9999981250000001,0.007723996066439439,0.007724010548959218,1.00893046317319,7.00421,33,0
sybil_type2,122,113,0,112.00296,1.0000264285714286,0.00930808757950663,0.009307841586550413,1.0089019075924421,7.10904,33,0
sybil_type2,123,113,0,112.00042,1.00000375,0.008413233105925426,0.008413201556419588,1.0089247879606165,7.15458,33,0
sybil_type2,124,120,0,112.01113,0.9412699999999999,0.23522973737293024,0.24990676147431687,1.0713221087940101,7.20887,33,0
sybil_type2,125,114,0,111.98747,0.9910395575221239,0.0939358858396338,0.09478520320066718,1.0179710283659413,7.26653,33,0
sybil_type2,126,113,0,111.99157,0.9999247321428572,0.007838008124314726,0.007838598118798131,1.0090045170364164,7.32043,33,0
sybil_type2,127,127,0,112.01406999999999,0.8890005555555556,0.3143664781124135,0.3536178646322208,1.1337861395447912,7.35393,33,0
sybil_type2,128,96,0,111.00335000000001,1.1684563157894738,0.40234567366370433,0.3443395086549361,0.8648387638751442,8.41465,29,0
sybil_type2,129,113,0,111.99646,0.9999683928571429,0.008833011797631622,0.008833290992721928,1.0089604617860244,7.45654,33,0
sybil_type2,130,114,0,111.99695,0.9911234513274336,0.09394302482285266,0.09478438301205837,1.0178848620431182,7.50405,33,0
sybil_type2,131,113,0,111.99996999999999,0.9999997321428571,0.008918395261220805,0.008918397650077318,1.0089288416773683,7.57003,33,0
sybil_type2,132,114,0,112.0003,0.9911530973451327,0.09396790815471402,0.09480665338827382,1.0178544164613845,7.6127,33,0
sybil_type2,133,121,0,111.99743000000001,0.9333119166666667,0.24937466412774598,0.2671932712681846,1.0803819337640157,7.66057,33,0
sybil_type2,134,113,0,112.00941999999999,1.000084107142857,0.008047143853740685,0.008046467088383788,1.0088437204656537,7.70658,33,0
sybil_type2,135,127,0,112.01319,0.8889935714285714,0.3143621047668368,0.3536157232967067,1.133795046815469,7.75481,33,0
sybil_type2,136,113,0,111.99079,0.9999177678571429,0.008485649725714101,0.008486347576260328,1.0090115446100523,7.81321,33,0
sybil_type2,137,113,0,111.99448000000001,0.9999507142857144,0.007809289650599081,0.007809674555987911,1.008978299644768,7.86352,33,0
sybil_type2,138,144,0,112.0047,0.7832496503496502,0.4120720757401218,0.526105661912736,1.2856603338967025,7.9113,33,0
sybil_type2,139,116,0,111.99571999999999,0.9738758260869566,0.15930398662542025,0.16357730868575449,1.0357538663084627,7.95828,33,0
sybil_type2,140,112,0,110.98695,0.9998824324324324,0.009024349964483057,0.009025411060107692,1.0091276496921486,8.01805,29,0
sybil_type2,141,112,0,111.00031000000001,1.0000027927927928,0.008103682643124473,0.008103660011281199,1.0090061910637906,8.05169,29,0
sybil_type2,142,121,0,111.00342,0.9250285,0.2633294034653499,0.2846716652139365,1.0900565045653547,8.11358,29,0
sybil_type2,143,128,0,110.98946000000001,0.8739327559055119,0.3318417893445568,0.37971089549186665,1.1532626611571946,8.16854,29,0
sybil_type2,144,113,0,110.99208999999999,0.9910008035714285,0.09443671596193731,0.09529428797797194,1.018090568436003,8.21791,29,0
sybil_type2,145,119,0,111.00191,0.9406941525423729,0.23628580500743335,0.25118238948210114,1.0720536250232091,8.26809,29,0
sybil_type2,146,121,0,111.01228,0.9251023333333334,0.2635266334064849,0.284862143258189,1.0899695060762646,8.30272,29,0
sybil_type2,147,113,0,110.98765,0.9909611607142857,0.0944109680158436,0.09527211737318957,1.0181312965902063,8.36335,29,0
sybil_type2,149,115,0,111.01465,0.9738127192982458,0.16024454079041683,0.16455375619440782,1.0358993159911778,8.45335,29,0
sybil_type2,150,119,0,110.99922000000001,0.9406713559322033,0.23634250703599557,0.25124875499348087,1.0720796056044357,8.51878,29,0
sybil_type2,151,112,0,110.99904,0.9999913513513513,0.008415308496588966,0.008415381278264886,1.009017735648885,8.56796,29,0
sybil_type2,152,112,0,110.9999,0.9999990990990991,0.008298386421853049,0.008298393897883586,1.0090099180269532,8.6031,29,0
sybil_type2,153,120,0,110.99264,0.9327112605042016,0.2504890972939079,0.2685601728004221,1.0811527683277018,8.65836,29,0
sybil_type2,154,127,0,110.99688,0.8809276190476191,0.3239029367431525,0.36768393877050615,1.1441763047754134,8.71212,29,0
sybil_type2,155,112,0,111.00922,1.000083063063063,0.008278216045013345,0.00827752848814253,1.0089252045911141,8.75278,29,0
sybil_type2,156,112,0,111.00109,1.0000098198198197,0.007378774890620844,0.007378702433092447,1.0089991008196406,8.81691,29,0
sybil_type2,157,112,0,110.99437,0.9999492792792792,0.007458257496624445,0.007458635804008018,1.0090601892690594,8.86563,29,0
sybil_type2,158,112,0,111.00406,1.0000365765765766,0.007774984429230348,0.007774700057318341,1.0089721042635738,8.90594,29,0
sybil_type2,159,112,0,110.99616,0.9999654054054055,0.008329995272029907,0.008330283454808884,1.0090439164742275,8.95684,29,0
sybil_type2,160,111,0,109.99006,0.9999096363636364,0.0072550730749124884,0.007255728728944904,1.0091821024554402,9.01494,14,0
sybil_type2,161,111,0,110.00247999999999,1.0000225454545455,0.007788300367318281,0.007788124780505048,1.0090681591905928,9.06252,14,0
sybil_type2,162,125,0,109.99489,0.887055564516129,0.3164902537262624,0.35678740587000485,1.1364164280722495,9.11211,14,0
sybil_type2,163,120,0,109.98986000000001,0.9242845378151261,0.2643100051704246,0.2859617297019973,1.091009662163403,9.16914,14,0
sybil_type2,164,111,0,110.00601999999999,1.0000547272727272,0.008287734059119846,0.008287280518858724,1.0090356873196578,9.20098,14,0
sybil_type2,185,122,0,117.0004,0.9669454545454546,0.17876982569357827,0.18488098253444407,1.0427314778411014,2.0026,35,1
sybil_type2,186,132,0,117.0004,0.893132824427481,0.3089309966810439,0.3458959162978652,1.1282012711067655,2.0066,35,1
sybil_type2,187,123,0,117.0004,0.9590196721311476,0.19823886970568524,0.2067099095737587,1.0512784571676679,2.0116,35,1
sybil_type2,265,120,0,117.0004,0.9831966386554623,0.5182616602591622,0.5271190318224579,1.0256375191879685,2.4026,35,1
sybil_type2,266,118,0,117.0004,1.0000034188034188,0.5063612647267386,0.506359533583034,1.0085435605348358,2.4066,35,1
sybil_type2,267,122,0,117.00040000000001,0.9669454545454547,0.5290462030394067,0.5471313821813276,1.0427314778411012,2.4116,35,1
sybil_type2,295,118,0,117.0004,1.0000034188034186,0.6666794987138919,0.6666772194755348,1.0085435605348358,2.5526,35,1
sybil_type2,296,113,0,117.0004,1.0446464285714285,0.6462443057124883,0.6186249127336204,0.9658086639020038,2.5566,35,1
sybil_type2,297,110,0,117.0004,1.0733981651376148,0.6310933138786381,0.5879396242471953,0.9401677259223046,2.5616,35,1
sybil_type2,345,117,0,117.0004,1.0086241379310346,0.969311760781728,0.9610237593262967,0.9999965812082694,2.8026,35,1
sybil_type2,346,111,0,117.0004,1.06364,0.9655610489808971,0.907789335659525,0.9487147052488709,2.8066,35,1
sybil_type2,347,112,0,117.0004,1.0540576576576577,0.9664406373411784,0.916876444395667,0.9572616845754374,2.8116,35,1
sybil_type2,375,123,0,117.0004,0.9590196721311476,0.19823228742296703,0.20670304602037237,1.0512784571676679,2.9526,35,1
sybil_type2,376,122,0,117.0004,0.9669454545454544,0.178769808126318,0.18488096436665585,1.0427314778411014,2.9566,35,1
sybil_type2,377,122,0,117.0004,0.9669454545454547,0.17876981598535566,0.18488097249435073,1.0427314778411014,2.9616,35,1
sybil_type2,455,119,0,109.0004,0.9237322033898304,0.2654050860513501,0.2873182130896704,1.0917391128839895,3.3526,29,1
sybil_type2,456,126,0,109.0004,0.8720032,0.3340602091087172,0.38309516422499046,1.1559590607006947,3.3566,29,1
sybil_type2,457,123,0,109.0004,0.8934459016393442,0.308524557490983,0.3453197971190925,1.1284362259221068,3.3616,29,1
sybil_type2,535,125,0,116.0004,0.9354870967741935,0.24562830198642124,0.26256727947762454,1.0775824910948584,3.7526,29,1
sybil_type2,536,123,0,116.0004,0.9508229508196722,0.21622238126934176,0.2274055133849512,1.0603411712373405,3.7566,29,1
sybil_type2,537,138,0,116.0004,0.8467182481751825,0.360212526340628,0.42542194775764597,1.1896510701687235,3.7616,29,1
sybil_type2,565,121,0,116.0004,0.9666700000000001,0.1794875574146205,0.185676143269803,1.0430998513798229,3.9026,29,1
sybil_type2,566,127,0,116.0004,0.9206380952380953,0.27028401551112197,0.29358334931949687,1.094823810952376,3.9066,29,1
sybil_type2,567,124,0,116.00040000000001,0.9430926829268294,0.2316538769707211,0.24563214322880517,1.0689618311660993,3.9116,29,1
sybil_type2,615,122,0,115.00040000000001,0.9504165289256198,0.21706762260790016,0.22839209546711073,1.0608658752491293,4.1526,30,1
sybil_type2,616,122,0,115.0004,0.9504165289256197,0.21706763555279426,0.22839210908734325,1.0608658752491296,4.1566,30,1
sybil_type2,617,130,0,115.00040000000001,0.8914759689922481,0.31101123631218386,0.34887226030754426,1.1304308506753018,4.1616,30,1
sybil_type2,645,124,0,115.0004,0.9349626016260163,0.24658263074824924,0.2637352877210397,1.0782571191056727,4.3026,30,1
sybil_type2,646,117,0,115.0004,0.9913827586206898,0.09243760176452159,0.09324108268044723,1.0173877656077719,4.3066,30,1
sybil_type2,647,127,0,115.0004,0.9127015873015872,0.28225220604087553,0.3092491674911593,1.1043439848904872,4.3116,30,1
sybil_type2,725,149,0,115.0004,0.7770297297297298,0.41605452722479935,0.5354422248033076,1.2956476673124615,4.7026,30,1
sybil_type2,726,120,0,115.00010999999999,0.9663874789915966,0.18022800499711786,0.18649662678285286,1.0434772627608793,4.70689,30,1
sybil_type2,727,119,0,115.0004,0.9745796610169493,0.15739268529044206,0.16149801969621116,1.034779009464315,4.7116,30,1
sybil_type2,755,118,0,115.0004,0.9829094017094017,0.12960910394774708,0.13186271666782384,1.0260833875360433,4.8526,30,1
sybil_type2,756,123,0,115.0004,0.9426262295081967,0.23253783362307162,0.24669145239507634,1.0695614971774012,4.8566,30,1
sybil_type2,757,121,0,115.0004,0.9583366666666665,0.1998061685456409,0.2084926680731277,1.0521702533208581,4.8616,30,1
sybil_type2,805,121,0,114.0004,0.9500033333333332,0.21792280664390204,0.22939162316332443,1.0613997845621594,5.1026,31,1
sybil_type2,806,121,0,114.0004,0.9500033333333333,0.2179228081734958,0.22939162477341743,1.0613997845621594,5.1066,31,1
sybil_type2,807,125,0,114.0004,0.9193580645161289,0.2722607710173531,0.2961422556951711,1.0964873807460325,5.1116,31,1
sybil_type2,835,118,0,114.0004,0.9743623931623931,0.15804624159770989,0.162204784079109,1.0350840874242546,5.2526,31,1
sybil_type2,836,129,0,114.0004,0.8906281250000001,0.31209121710634824,0.3504169791475519,1.1315749769299055,5.2566,31,1
sybil_type2,837,117,0,114.0004,0.9827620689655172,0.13015681235577362,0.13243980050306614,1.0263121883782864,5.2616,31,1
sybil_type2,885,117,0,114.0004,0.9827620689655172,0.13015680904411794,0.13243979713332305,1.0263121883782864,5.5026,31,1
sybil_type2,886,118,0,114.0004,0.9743623931623933,0.15804625782145793,0.16220480072973933,1.0350840874242546,5.5066,31,1
sybil_type2,887,117,0,114.0004,0.9827620689655172,0.13015677923921706,0.1324397668056356,1.0263121883782864,5.5116,31,1
sybil_type2,915,118,0,114.00040000000001,0.9743623931623933,0.1580462367305855,0.1622047790839199,1.0350840874242546,5.6526,31,1
sybil_type2,916,125,0,114.0004,0.919358064516129,0.2722743874490769,0.2961570664987626,1.0964873807460325,5.6566,31,1
sybil_type2,917,122,0,114.00040000000001,0.9421520661157026,0.2334380067418301,0.24777105006439837,1.0701716836081276,5.6616,31,1
sybil_type2,995,118,0,113.0004,0.9658153846153846,0.18169376161876577,0.18812473326993173,1.0442440911713586,6.0526,31,1
sybil_type2,996,125,0,113.0004,0.9112935483870968,0.2842940849412284,0.31196762606780437,1.1061907745459307,6.0566,31,1
sybil_type2,997,120,0,113.0004,0.9495831932773109,0.21878812448351254,0.2304043774494426,1.0619431435640936,6.0616,31,1
sybil_type2,1025,121,0,113.0004,0.94167,0.2343486461094524,0.24886493793946118,1.070792669760461,6.2026,31,1
sybil_type2,1026,126,0,113.0004,0.9040031999999999,0.294559715626153,0.3258392399785234,1.1150403007422982,6.2066,31,1
sybil_type2,1027,122,0,113.0004,0.9338876033057852,0.24845853623187794,0.2660475793365088,1.0796421959568285,6.2116,31,1
sybil_type2,1075,126,0,113.0004,0.9040032,0.29455972866255903,0.3258392543992754,1.1150403007422982,6.4526,31,1
sybil_type2,1076,122,0,113.0004,0.9338876033057851,0.24842862838256138,0.26601555423069234,1.0796421959568285,6.4566,31,1
sybil_type2,1077,132,0,113.0004,0.8625984732824429,0.34423530364051663,0.39906783318384426,1.168137457920503,6.4616,31,1
sybil_type2,1105,29,0,58.00039999999999,2.071442857142857,5.762814559151047,2.782029221457599,0.49999655174791907,59.6026,4,1
sybil_type2,1106,30,0,58.0004,2.0000137931034483,5.675183728438567,2.837572294755182,0.5172378121530197,59.6066,4,1
sybil_type2,1107,28,0,58.00039999999999,2.148162962962963,5.85450535350202,2.7253543862551735,0.4827552913428184,59.6116,4,1
sybil_type2,1155,118,0,113.0004,0.9658153846153846,0.18169375174021027,0.18812472304172906,1.0442440911713586,6.8526,31,1
sybil_type2,1156,118,0,113.0004,0.9658153846153846,0.1816937451545079,0.18812471622292862,1.0442440911713586,6.8566,31,1
sybil_type2,1157,121,0,113.0004,0.94167,0.23435965509945064,0.24887662886090736,1.070792669760461,6.8616,31,1
sybil_type2,1185,129,0,112.0004,0.8750031249999999,0.3306931903846777,0.3779337249620426,1.1517816007799972,7.0026,33,1
sybil_type2,1186,120,0,112.0004,0.9411798319327732,0.23526997850666428,0.24997345940097576,1.0714247449116254,7.0066,33,1
sybil_type2,1187,121,0,112.0004,0.9333366666666667,0.24941801857301513,0.2672326369259557,1.0803532844525556,7.0116,33,1
sybil_type2,1265,120,0,112.00040000000001,0.9411798319327732,0.23526997957820292,0.2499734605394815,1.0714247449116252,7.4026,33,1
sybil_type2,1266,114,0,112.0004,0.9911539823008849,0.09364582593062926,0.09448161194211009,1.017853507666044,7.4066,33,1
sybil_type2,1267,116,0,112.00040000000001,0.9739165217391306,0.15937816223246304,0.16364663569713364,1.0357105867479044,7.4116,33,1
sybil_type2,1295,118,0,112.0004,0.9572683760683761,0.20223873623968336,0.2112664967271809,1.0535676658297648,7.5526,33,1
sybil_type2,1296,119,0,112.0004,0.9491559322033899,0.21966378875892945,0.23143066519006783,1.0624962053706952,7.5566,33,1
sybil_type2,1297,120,0,112.0004,0.9411798319327731,0.23526997422051024,0.2499734548469534,1.0714247449116254,7.5616,33,1
sybil_type2,1345,115,0,112.0004,0.982459649122807,0.13127335061745407,0.13361704038905006,1.0267820472069742,7.8026,33,1
sybil_type2,1346,120,0,112.0004,0.9411798319327732,0.2352699995802544,0.24997348179158532,1.0714247449116254,7.8066,33,1
sybil_type2,1347,121,0,112.0004,0.9333366666666667,0.24942870966581918,0.26724409162733614,1.0803532844525556,7.8116,33,1
sybil_type2,1375,116,0,112.0004,0.9739165217391306,0.15937814750129684,0.16364662057143664,1.0357105867479044,7.9526,33,1
sybil_type2,1376,118,0,112.0004,0.9572683760683759,0.20223873919802224,0.2112664998175775,1.0535676658297648,7.9566,33,1
sybil_type2,1377,117,0,112.0004,0.9655206896551726,0.18244738188898485,0.18896268494685947,1.0446391262888346,7.9616,33,1
sybil_type2,1455,113,0,111.0004,0.9910749999999998,0.09405922099173142,0.0949062593564881,1.0180143494978398,8.3526,29,1
sybil_type2,1456,114,0,111.0004,0.982304424778761,0.13184250149955593,0.13421755840023838,1.0270233260420683,8.3566,29,1
sybil_type2,1457,116,0,111.0004,0.9652208695652174,0.18321046319828674,0.18981195804522305,1.0450412791305257,8.3616,29,1
sybil_type2,1535,115,0,111.0004,0.9736877192982456,0.1600568452420372,0.16438211355627763,1.036032302586297,8.7526,29,1
sybil_type2,1536,117,0,111.0004,0.9569000000000001,0.20306953327574165,0.21221604480691988,1.0540502556747544,8.7566,29,1
sybil_type2,1537,121,0,111.0004,0.9250033333333333,0.26336385823081715,0.2847166585678796,1.090086161851669,8.7616,29,1
sybil_type2,1565,113,0,111.00040000000001,0.991075,0.09405921149923142,0.09490624977850458,1.0180143494978395,8.9026,29,1
sybil_type2,1566,114,0,111.0004,0.982304424778761,0.13184251156788343,0.13421756864994025,1.0270233260420683,8.9066,29,1
sybil_type2,1567,123,0,110.99984,0.9098347540983607,0.2863920622704073,0.31477371135841,1.108109705383359,8.91216,29,1
sybil_type2,1615,117,0,110.00040000000001,0.9482793103448277,0.2214470044476434,0.23352508278085016,1.063632495881833,9.1526,14,1
sybil_type2,1616,114,0,110.0004,0.9734548672566372,0.16074427995501633,0.16512761439882806,1.036359867782299,9.1566,14,1
sybil_type2,1617,117,0,110.00040000000001,0.9482793103448277,0.22144310256900424,0.2335209680874296,1.063632495881833,9.1616,14,1
sybil_type2,1645,122,0,110.0004,0.909094214876033,0.2874492364231492,0.31619301027269947,1.1090868760477235,9.3026,14,1
sybil_type2,1646,116,0,110.0004,0.9565252173913044,0.2039105634483468,0.21317845022890716,1.054541619848655,9.3066,14,1
sybil_type2,1647,118,0,110.00039,0.9401742735042735,0.23715342855216098,0.2522441160490689,1.072723469434972,9.31161,14,1
sybil_type2,1725,118,0,110.0004,0.9401743589743591,0.23714552499741257,0.25223568664020557,1.0727233719150113,9.7026,14,1
sybil_type2,1726,121,0,110.0004,0.9166699999999999,0.2763562847123255,0.30147848703712954,1.0999960000145454,9.7066,14,1
sybil_type2,1727,118,0,110.0004,0.940174358974359,0.23714554409924635,0.2522357069575367,1.0727233719150113,9.7116,14,1
sybil_type2,1805,115,0,109.0004,0.9561438596491226,0.20476212559047913,0.21415409775849104,1.0550419998458722,10.1026,3,1
sybil_type2,1806,116,0,109.0003,0.947828695652174,0.2223547767460301,0.2345938435563339,1.0642172544479236,10.1067,3,1
sybil_type2,1807,121,0,109.0004,0.9083366666666667,0.28852415379344193,0.3176401045795523,1.1100876694030481,10.1116,3,1
sybil_type3,0,122,0,116.99157,0.9668724793388429,0.17892255998024936,0.18505290387683637,1.0428101785453432,1.01643,20,0
sybil_type3,1,118,0,116.98602000000001,0.9998805128205129,0.008245001992520352,0.0082459872822828,1.008667531385374,1.06898,20,0
sybil_type3,2,124,0,117.00532,0.9512627642276423,0.21542486983912723,0.22646200181506831,1.059780871502253,1.10568,20,0
sybil_type3,3,103,0,117.00207,1.147079117647059,0.9843360687615327,0.8581239546759841,0.8803263053380166,1.16093,20,0
sybil_type3,4,109,0,111.99216,1.0369644444444444,0.38231876052905084,0.3686903274045031,0.9732824154833696,1.20984,20,0
sybil_type3,5,91,0,99.00692,1.1000768888888888,1.0663200260383006,0.9693140877773702,0.9191276730959816,1.25808,20,0
sybil_type3,6,86,0,117.00605,1.3765417647058824,2.479062844687211,1.8009354370856288,0.7350047283879765,1.30095,20,0
sybil_type3,7,122,0,117.00299,0.9669668595041322,0.17889586280103664,0.18500723271196262,1.042708395742707,1.35301,20,0
sybil_type3,8,114,0,116.98876,1.0352987610619468,0.47845785049031275,0.46214471463245993,0.9744525884367011,1.41324,20,0
sybil_type3,9,124,0,116.99849999999999,0.9512073170731707,0.21538636882336676,0.2264347266441374,1.0598426475553107,1.4595,20,0
sybil_type3,10,123,0,117.00279,0.959039262295082,0.19837959152357945,0.206852419210488,1.0512569828463065,1.51821,20,0
sybil_type3,11,110,0,116.9984,1.0733798165137616,0.631430737225967,0.5882640305989688,0.9401837973852634,1.5706,20,0
sybil_type3,12,109,0,116.98683,1.0832113888888888,0.9902185793078235,0.9141508199277214,0.9317288108413572,1.61617,20,0
sybil_type3,13,108,0,106.99851,0.9999860747663553,0.009243708115941964,0.009243836838529714,1.009359849964266,1.65649,20,0
sybil_type3,14,119,0,117.00707,0.9915853389830508,0.09205452754663505,0.09283570856447339,1.017032560511087,1.70693,20,0
sybil_type3,15,103,0,116.98417,1.1469036274509805,1.0607799410023364,0.9249076518834839,0.8804610059634563,1.76883,20,0
sybil_type3,16,109,0,116.99020999999999,1.083242685185185,0.9640663386114645,0.8899818589097171,0.9317018919788246,1.81879,20,0
sybil_type3,17,116,0,117.00784,1.0174594782608695,0.18676925073164083,0.1835643135890612,0.9913865600800766,1.85716,20,0
sybil_type3,18,125,0,117.0054,0.9435919354838709,0.23089141517408732,0.24469413789095915,1.0683267609870999,1.9026,20,0
sybil_type3,19,126,0,117.01230000000001,0.9360984,0.24491390906487912,0.26163265428600146,1.0768098738337764,1.9557,20,0
sybil_type3,20,109,0,115.0039,1.0648509259259258,0.6276461057285222,0.5894215710830711,0.9477939443792776,2.0041,30,0
sybil_type3,21,118,0,117.00413999999999,1.0000353846153847,0.008492298928522692,0.00849199844242396,1.0085113227617417,2.06686,30,0
sybil_type3,22,118,0,117.00929,1.0000794017094017,0.008459924863843107,0.008459253184679981,1.0084669345485304,2.10971,30,0
sybil_type3,23,107,0,116.98787,1.1036591509433962,1.0649719369959487,0.9649464112952101,0.9146247384451055,2.16713,30,0
sybil_type3,24,115,0,116.98408,1.0261761403508773,0.383988789030217,0.3741938385927789,0.9830397435274953,2.21892,30,0
sybil_type3,25,107,0,116.99273,1.103705,1.2655170495107353,1.146608060587508,0.9145867439797328,2.26927,30,0
sybil_type3,26,120,0,116.99849,0.9831805882352941,0.12872266415717687,0.13092474129114015,1.0256542627174077,2.30751,30,0
sybil_type3,27,115,0,110.00331,0.9649413157894737,0.1841443466724589,0.1908347623417906,1.0454230877234512,2.35469,30,0
sybil_type3,28,119,0,112.01164,0.949251186440678,0.21978113965430446,0.23153106658565062,1.0623895873678844,2.40736,30,0
sybil_type3,29,119,0,116.99623,0.9914934745762712,0.09190575667937607,0.09269426278236809,1.0171267911795108,2.46277,30,0
sybil_type3,30,119,0,116.99398000000001,0.991474406779661,0.09198810379555783,0.09277910066719522,1.0171463523165891,2.51602,30,0
sybil_type3,31,118,0,116.99437,0.9999518803418803,0.008170822378723963,0.008171215574823846,1.008595541819662,2.56463,30,0
sybil_type3,32,119,0,117.00529,0.9915702542372882,0.09200681949174412,0.09278900723228672,1.0170480326145936,2.60171,30,0
sybil_type3,33,121,0,117.00773000000001,0.9750644166666668,0.15624766678682364,0.16024343019404647,1.0341197115780298,2.66027,30,0
sybil_type3,34,118,0,116.9986,0.9999880341880342,0.008379417624472304,0.008379517892207766,1.0085590767752777,2.7034,30,0
sybil_type3,35,127,0,116.99878,0.928561746031746,0.25763247783123006,0.27745325384362973,1.085481404165069,2.75922,30,0
sybil_type3,36,118,0,116.99425,0.9999508547008547,0.00797966352916598,0.007980055711391112,1.0085965763274691,2.81175,30,0
sybil_type3,37,118,0,116.99123,0.9999250427350428,0.009107305100563439,0.009107987810418971,1.0086226121393886,2.86877,30,0
sybil_type3,38,136,0,117.00680000000001,0.8667170370370371,0.339855379957469,0.3921180332618131,1.1623256084261768,2.9142,30,0
sybil_type3,39,120,0,117.00269,0.9832158823529411,0.1288391893405719,0.1310385558787414,1.025617445205747,2.96531,30,0
sybil_type3,40,119,0,116.00631,0.9831043220338983,0.12928300611566532,0.13150487005102143,1.0258062686417662,3.00969,34,0
sybil_type3,41,117,0,116.00098,1.000008448275862,0.008215277673171754,0.008215208268826036,1.008612168621334,3.05802,34,0
sybil_type3,42,117,0,116.01006000000001,1.000086724137931,0.008599421870690386,0.008598676157913243,1.0085332254806176,3.10994,34,0
sybil_type3,43,119,0,115.98886,0.9829564406779662,0.12924730087681233,0.1314883300298309,1.0259605965607386,3.16314,34,0
sybil_type3,44,117,0,115.99157,0.9999273275862068,0.00854209408204413,0.008542714901756388,1.0086939938824866,3.21543,34,0
sybil_type3,45,120,0,115.99962000000001,0.9747867226890757,0.15689470404218878,0.16095285295779815,1.034486147454621,3.26638,34,0
sybil_type3,46,117,0,116.01095,1.0000943965517242,0.008279289104997013,0.008278507642422146,1.0085254883267485,3.30105,34,0
sybil_type3,47,123,0,116.00529,0.9508630327868851,0.2162054599592986,0.22737813176480515,1.060296474410779,3.36071,34,0
sybil_type3,48,118,0,116.00237,0.991473247863248,0.09235622520843163,0.09315049640267263,1.0172205964412624,3.40563,34,0
sybil_type3,49,122,0,116.00358999999999,0.9587073553719009,0.19918656529245676,0.2077657631146352,1.0516915898895889,3.45341,34,0
sybil_type3,50,117,0,116.00165,1.000014224137931,0.007343279140546261,0.007343174690216615,1.00860634309943,3.50335,34,0
sybil_type3,51,121,0,115.9865,0.9665541666666667,0.17955387312068494,0.18576700542289137,1.0432248580653782,3.5685,34,0
sybil_type3,52,129,0,116.00447,0.906284921875,0.29150070980294135,0.3216435612763585,1.1120261141661179,3.61153,34,0
sybil_type3,53,118,0,116.0063,0.9915068376068376,0.09231938050320167,0.09311018038567384,1.0171861355805676,3.6547,34,0
sybil_type3,54,125,0,116.00506,0.9355246774193549,0.24562195022627817,0.26254994245991076,1.0775392038933473,3.71094,34,0
sybil_type3,55,117,0,115.99455,0.9999530172413793,0.008746590391830868,0.008747001350083954,1.0086680796640877,3.76545,34,0
sybil_type3,56,125,0,115.99512999999999,0.9354445967741936,0.24576193558912793,0.2627220643922884,1.0776314488375505,3.81887,34,0
sybil_type3,57,117,0,115.98075,0.9998340517241379,0.00842339046105466,0.008424788540187408,1.0087880963004636,3.87025,34,0
sybil_type3,58,117,0,115.98803,0.9998968103448277,0.007952064967031283,0.0079528856225563,1.008724779617345,3.91997,34,0
sybil_type3,59,118,0,116.01132999999999,0.991549829059829,0.09246941270193511,0.0932574541307854,1.017142032592851,3.95467,34,0
sybil_type3,60,122,0,114.99837,0.9503997520661156,0.2171950146052164,0.22853016757742903,1.0608846021034908,4.01563,34,0
sybil_type3,61,121,0,115.01083,0.9584235833333334,0.20002965299673195,0.20870693968218323,1.052074835039448,4.05817,34,0
sybil_type3,62,117,0,115.00872,0.9914544827586207,0.09281949418411271,0.09361952141852439,1.0173141653954587,4.10928,34,0
sybil_type3,63,116,0,115.00811999999999,1.0000706086956521,0.008153364446865976,0.008152788789083652,1.008624434518189,4.15788,34,0
sybil_type3,64,117,0,114.99092,0.9913010344827586,0.09274548820125111,0.09355935782881926,1.0174716403695179,4.21108,34,0
sybil_type3,65,120,0,115.00399999999999,0.9664201680672269,0.18039818782737357,0.18666641465912018,1.0434419672359223,4.257,34,0
sybil_type3,66,127,0,114.99723,0.9126764285714287,0.2822376341449191,0.30924172610296613,1.1043744271057658,4.31077,34,0
sybil_type3,67,117,0,115.00751,0.9914440517241381,0.09279896740636201,0.09359980247496874,1.0173248686107543,4.36149,34,0
sybil_type3,68,116,0,115.00512,1.0000445217391305,0.007811134888704597,0.007810787138877196,1.0086507452885576,4.40888,34,0
sybil_type3,69,128,0,114.99584,0.9054790551181102,0.29254868776409326,0.3230871946849542,1.1130837428553937,4.46016,34,0
sybil_type3,70,119,0,114.99217,0.9745099152542372,0.15755115899016817,0.1616721969925417,1.0348530686915465,4.51583,34,0
sybil_type3,73,116,0,114.99886000000001,0.9999900869565218,0.009296568557749801,0.00929666071595168,1.0087056515168933,4.65714,34,0
sybil_type3,74,116,0,115.01651,1.0001435652173913,0.008886385208386824,0.0088851096156933,1.0085508593505401,4.70349,34,0
sybil_type3,75,117,0,114.99022,0.9912949999999999,0.09275672019060088,0.09357125799141616,1.0174778342019,4.76778,34,0
sybil_type3,76,120,0,115.01316,0.9664971428571428,0.18041906732388763,0.18667315124236764,1.0433588643247433,4.80284,34,0
sybil_type3,77,116,0,114.99067,0.9999188695652174,0.008268779181771692,0.008269450085852571,1.0087774947306596,4.86933,34,0
sybil_type3,78,116,0,115.00248,1.0000215652173914,0.008225106590170408,0.008224929217783799,1.0086738999019846,4.90652,34,0
sybil_type3,79,117,0,114.99251000000001,0.9913147413793104,0.09278968767447288,0.09360265090516637,1.0174575718018504,4.96949,34,0
sybil_type3,80,117,0,113.99616,0.9827255172413794,0.13041400101576256,0.13270643605739402,1.026350361275327,5.00984,46,0
sybil_type3,81,115,0,113.99767,0.9999795614035087,0.008847148553455822,0.008847329380451054,1.008792548128396,5.06933,46,0
sybil_type3,82,115,0,114.00229,1.0000200877192982,0.009048435504551882,0.009048253745770498,1.008751666304247,5.11471,46,0
sybil_type3,83,115,0,113.9997,0.9999973684210527,0.008091401224543942,0.008091422517761094,1.0087745844945206,5.1553,46,0
sybil_type3,84,117,0,113.98378,0.9826187931034484,0.13037464789620912,0.13268080033808544,1.0264618351839183,5.22022,46,0
sybil_type3,85,125,0,114.00017000000001,0.9193562096774194,0.27235747975181906,0.29624804497419227,1.0964895929541156,5.25683,46,0
sybil_type3,86,115,0,114.00771999999999,1.0000677192982454,0.007301736039077283,0.007301241604119531,1.0087036211232012,5.30728,46,0
sybil_type3,87,115,0,114.00218,1.0000191228070174,0.007930918351440336,0.007930766692919367,1.008752639642505,5.35082,46,0
sybil_type3,88,115,0,113.99076,0.9999189473684211,0.0077737515349443655,0.007774381669037539,1.0088537000718305,5.41724,46,0
sybil_type3,89,131,0,114.00410000000001,0.8769546153846154,0.3284809261765058,0.37457004092787677,1.1490814804028977,5.4579,46,0
sybil_type3,90,119,0,113.98854,0.9660045762711864,0.18112803397767302,0.18750225250157093,1.0439645950373608,5.51746,46,0
sybil_type3,91,115,0,114.00255,1.0000223684210525,0.008311967097032254,0.00831178117561122,1.008749365694013,5.55745,46,0
sybil_type3,92,28,0,57.9942,2.1479333333333335,5.857578061129208,2.7270762878096186,0.48280690137979315,59.6098,45,0
sybil_type3,93,115,0,113.99715,0.9999750000000001,0.008197970999507375,0.008198175953906222,1.0087971497533053,5.66685,46,0
sybil_type3,94,115,0,114.00235,1.0000206140350878,0.007697312732842421,0.007697154063438481,1.0087511353932617,5.71265,46,0
sybil_type3,95,115,0,113.99928,0.9999936842105263,0.007703888772307124,0.007703937428754044,1.0087783010559366,5.76172,46,0
sybil_type3,96,115,0,113.99398000000001,0.999947192982456,0.008382387708736425,0.008382830381007423,1.0088252028747482,5.80802,46,0
sybil_type3,97,115,0,113.99827,0.9999848245614036,0.008759063599761996,0.008759196524411006,1.0087872386133578,5.86173,46,0
sybil_type3,98,116,0,113.99944,0.9912994782608696,0.09318058391563218,0.09399841920537241,1.0175488581347416,5.91556,46,0
sybil_type3,99,115,0,114.00027999999999,1.0000024561403509,0.008366472937024524,0.008366452387843221,1.0087694521452053,5.96572,46,0
sybil_type3,100,116,0,113.01015,0.9826969565217393,0.13099171917520686,0.13329818343882197,1.0264564731574997,6.00485,49,0
sybil_type3,101,114,0,112.99819000000001,0.9999839823008849,0.00783873099489305,0.00783885655533876,1.0088657172296298,6.05281,49,0
sybil_type3,102,121,0,113.01574,0.9417978333333334,0.23433890310539304,0.24882081356674002,1.0706473275315456,6.10326,49,0
sybil_type3,103,114,0,112.98488,0.9998661946902655,0.008428353676525814,0.00842948158592032,1.008984565014363,6.17012,49,0
sybil_type3,104,121,0,112.99273000000001,0.9416060833333333,0.23434560107277322,0.24887859713392876,1.0708653556737675,6.21627,49,0
sybil_type3,105,114,0,112.99797000000001,0.99998203539823,0.007500427617224372,0.007500562361840253,1.008867681428259,6.26203,49,0
sybil_type3,107,115,0,112.99946,0.9912233333333333,0.09364339703463931,0.09447255112501317,1.0177039784083923,6.35354,49,0
sybil_type3,108,115,0,112.9978,0.9912087719298247,0.09354531064733322,0.09437498264387435,1.0177189290410964,6.4102,49,0
sybil_type3,109,116,0,112.99710999999999,0.9825835652173912,0.13093509134842227,0.13325593464353702,1.0265749274472595,6.45989,49,0
sybil_type3,110,116,0,112.99454999999999,0.982561304347826,0.13094305414466786,0.13326705780621106,1.0265981854877073,6.51345,49,0
sybil_type3,111,116,0,113.00344999999999,0.9826386956521739,0.13094377349289818,0.13325729392937377,1.0265173319929615,6.56355,49,0
sybil_type3,112,123,0,112.98875,0.9261372950819672,0.26140302989713865,0.28225084043721976,1.0886039539334669,6.61425,49,0
sybil_type3,113,114,0,112.98666,0.9998819469026549,0.00804261095042111,0.008043560517653902,1.0089686693986706,6.66934,49,0
sybil_type3,114,114,0,113.01204,1.0001065486725664,0.007657321647548526,0.007656505857012964,1.008742077392816,6.70196,49,0
sybil_type3,115,123,0,113.00579,0.9262769672131148,0.2615009931582843,0.2823140404160768,1.0884398047215103,6.75721,49,0
sybil_type3,116,114,0,113.0054,1.0000477876106195,0.00759254813226325,0.007592185319867433,1.0088013493160504,6.8116,49,0
sybil_type3,117,116,0,112.99235999999999,0.9825422608695651,0.13093368576471023,0.13326010593053972,1.0266180828509115,6.86664,49,0
sybil_type3,118,114,0,112.99629999999999,0.999967256637168,0.00759048219203459,0.007590730738085307,1.0088825917308797,6.9107,49,0
sybil_type3,119,118,0,113.00015,0.965813247863248,0.18186117414928255,0.18829848788223782,1.0442464014428299,6.95785,49,0
sybil_type3,120,113,0,111.99979,0.9999981250000001,0.007723996066439439,0.007724010548959218,1.00893046317319,7.00421,49,0
sybil_type3,122,113,0,112.00296,1.0000264285714286,0.00930808757950663,0.009307841586550413,1.0089019075924421,7.10904,49,0
sybil_type3,123,113,0,112.00042,1.00000375,0.008413233105925426,0.008413201556419588,1.0089247879606165,7.15458,49,0
sybil_type3,124,119,0,112.01113,0.9492468644067796,0.21964836219839926,0.23139224414048062,1.06239442455406,7.20887,49,0
sybil_type3,125,114,0,111.98747,0.9910395575221239,0.0939358858396338,0.09478520320066718,1.0179710283659413,7.26653,49,0
sybil_type3,126,113,0,111.99157,0.9999247321428572,0.007838008124314726,0.007838598118798131,1.0090045170364164,7.32043,49,0
sybil_type3,127,115,0,112.01406999999999,0.9825795614035088,0.13154127132610688,0.13387340475331522,1.026656740532685,7.35393,49,0
sybil_type3,128,109,0,111.00335000000001,1.0278087962962965,0.16549468937836073,0.16101700041361774,0.9819523464832367,8.41465,64,0
sybil_type3,129,113,0,111.99646,0.9999683928571429,0.008833011797631622,0.008833290992721928,1.0089604617860244,7.45654,49,0
sybil_type3,130,114,0,111.99695,0.9911234513274336,0.09394302482285266,0.09478438301205837,1.0178848620431182,7.50405,49,0
sybil_type3,131,113,0,111.99996999999999,0.9999997321428571,0.008918395261220805,0.008918397650077318,1.0089288416773683,7.57003,49,0
sybil_type3,132,114,0,112.0003,0.9911530973451327,0.09396790815471402,0.09480665338827382,1.0178544164613845,7.6127,49,0
sybil_type3,133,121,0,111.99743000000001,0.9333119166666667,0.24937466412774598,0.2671932712681846,1.0803819337640157,7.66057,49,0
sybil_type3,134,113,0,112.00941999999999,1.000084107142857,0.008047143853740685,0.008046467088383788,1.0088437204656537,7.70658,49,0
sybil_type3,135,113,0,112.01319,1.000117767857143,0.008019640478874315,0.008018696134213509,1.0088097660641573,7.75481,49,0
sybil_type3,136,113,0,111.99079,0.9999177678571429,0.008485649725714101,0.008486347576260328,1.0090115446100523,7.81321,49,0
sybil_type3,137,113,0,111.99448000000001,0.9999507142857144,0.007809289650599081,0.007809674555987911,1.008978299644768,7.86352,49,0
sybil_type3,138,113,0,112.0047,1.0000419642857141,0.007141245869605616,0.007140946204898804,1.0088862342383846,7.9113,49,0
sybil_type3,139,116,0,111.99571999999999,0.9738758260869566,0.15935839885361217,0.1636331805194466,1.0357538663084627,7.95828,49,0
sybil_type3,140,112,0,110.98695,0.9998824324324324,0.009024349964483057,0.009025411060107692,1.0091276496921486,8.01805,64,0
sybil_type3,141,112,0,111.00031000000001,1.0000027927927928,0.008103682643124473,0.008103660011281199,1.0090061910637906,8.05169,64,0
sybil_type3,142,121,0,111.00342,0.9250285,0.2633230605727818,0.28466480824405066,1.0900565045653547,8.11358,64,0
sybil_type3,143,112,0,110.98946000000001,0.9999050450450451,0.0077810257636707,0.007781764680785434,1.0091048285125452,8.16854,64,0
sybil_type3,144,114,0,110.99208999999999,0.9822308849557522,0.13210396175255762,0.1344937975133094,1.0271002194841092,8.21791,64,0
sybil_type3,145,119,0,111.00191,0.9406941525423729,0.23628580500743335,0.25118238948210114,1.0720536250232091,8.26809,64,0
sybil_type3,146,112,0,111.01228,1.0001106306306304,0.008757472925150065,0.008756504187569675,1.008897394054063,8.30272,64,0
sybil_type3,147,113,0,110.98765,0.9909611607142857,0.0944109680158436,0.09527211737318957,1.0181312965902063,8.36335,64,0
sybil_type3,149,115,0,111.01465,0.9738127192982458,0.16024454079041683,0.16455375619440782,1.0358993159911778,8.45335,64,0
sybil_type3,150,119,0,110.99922000000001,0.9406713559322033,0.23634250703599557,0.25124875499348087,1.0720796056044357,8.51878,64,0
sybil_type3,151,112,0,110.99904,0.9999913513513513,0.008415308496588966,0.008415381278264886,1.009017735648885,8.56796,64,0
sybil_type3,152,112,0,110.9999,0.9999990990990991,0.008298386421853049,0.008298393897883586,1.0090099180269532,8.6031,64,0
sybil_type3,153,120,0,110.99264,0.9327112605042016,0.2504890972939079,0.2685601728004221,1.0811527683277018,8.65836,64,0
sybil_type3,154,112,0,110.99688,0.999971891891892,0.008752347794519232,0.008752593813372364,1.009037371140522,8.71212,64,0
sybil_type3,155,112,0,111.00922,1.000083063063063,0.008278216045013345,0.00827752848814253,1.0089252045911141,8.75278,64,0
sybil_type3,156,112,0,111.00109,1.0000098198198197,0.007378774890620844,0.007378702433092447,1.0089991008196406,8.81691,64,0
sybil_type3,157,112,0,110.99437,0.9999492792792792,0.007458257496624445,0.007458635804008018,1.0090601892690594,8.86563,64,0
sybil_type3,158,112,0,111.00406,1.0000365765765766,0.007774984429230348,0.007774700057318341,1.0089721042635738,8.90594,64,0
sybil_type3,159,112,0,110.99616,0.9999654054054055,0.008329995272029907,0.008330283454808884,1.0090439164742275,8.95684,64,0
sybil_type3,160,111,0,109.99006,0.9999096363636364,0.0072550730749124884,0.007255728728944904,1.0091821024554402,9.01494,48,0
sybil_type3,161,111,0,110.00247999999999,1.0000225454545455,0.007788300367318281,0.007788124780505048,1.0090681591905928,9.06252,48,0
sybil_type3,162,111,0,109.99489,0.9999535454545454,0.006894947239083887,0.00689526755560397,1.0091377881281576,9.11211,48,0
sybil_type3,163,120,0,109.98986000000001,0.9242845378151261,0.2643100051704246,0.2859617297019973,1.091009662163403,9.16914,48,0
sybil_type3,164,111,0,110.00601999999999,1.0000547272727272,0.008287734059119846,0.008287280518858724,1.0090356873196578,9.20098,48,0
sybil_type3,465,1,1,0.0,0.0,0.0,0.0,0.0,2.0006,30,1
sybil_type3,466,1,1,0.0,0.0,0.0,0.0,0.0,2.1206,30,1
sybil_type3,467,1,1,0.0,0.0,0.0,0.0,0.0,2.5506,30,1
sybil_type3,468,1,1,0.0,0.0,0.0,0.0,0.0,3.2506,34,1
sybil_type3,470,1,1,0.0,0.0,0.0,0.0,0.0,5.0306,46,1
sybil_type3,471,1,1,0.0,0.0,0.0,0.0,0.0,5.1506,46,1
sybil_type3,472,1,1,0.0,0.0,0.0,0.0,0.0,5.5806,46,1
sybil_type3,473,1,1,0.0,0.0,0.0,0.0,0.0,6.2806,49,1
sybil_type3,475,1,1,0.0,0.0,0.0,0.0,0.0,8.0606,64,1
sybil_type3,476,1,1,0.0,0.0,0.0,0.0,0.0,8.1806,64,1
sybil_type3,477,1,1,0.0,0.0,0.0,0.0,0.0,8.6106,64,1
sybil_type3,478,1,1,0.0,0.0,0.0,0.0,0.0,9.3106,48,1
sybil_type3,480,1,1,0.0,0.0,0.0,0.0,0.0,11.0006,42,1
sybil_type3,481,1,1,0.0,0.0,0.0,0.0,0.0,11.1206,42,1
sybil_type3,482,1,1,0.0,0.0,0.0,0.0,0.0,11.5506,42,1
sybil_type3,483,1,1,0.0,0.0,0.0,0.0,0.0,12.2506,46,1
sybil_type3,485,1,1,0.0,0.0,0.0,0.0,0.0,14.0306,44,1
sybil_type3,486,1,1,0.0,0.0,0.0,0.0,0.0,14.1506,44,1
sybil_type3,487,1,1,0.0,0.0,0.0,0.0,0.0,14.5806,44,1
sybil_type3,488,1,1,0.0,0.0,0.0,0.0,0.0,15.2806,44,1
sybil_type3,490,1,1,0.0,0.0,0.0,0.0,0.0,17.0606,45,1
sybil_type3,491,1,1,0.0,0.0,0.0,0.0,0.0,17.1806,45,1
sybil_type3,492,1,1,0.0,0.0,0.0,0.0,0.0,17.6106,45,1
sybil_type3,493,1,1,0.0,0.0,0.0,0.0,0.0,18.3106,43,1
sybil_type3,495,1,1,0.0,0.0,0.0,0.0,0.0,20.0006,42,1
sybil_type3,496,1,1,0.0,0.0,0.0,0.0,0.0,20.1206,42,1
sybil_type3,497,1,1,0.0,0.0,0.0,0.0,0.0,20.5506,42,1
sybil_type3,498,1,1,0.0,0.0,0.0,0.0,0.0,21.2506,46,1
sybil_type3,500,1,1,0.0,0.0,0.0,0.0,0.0,23.0306,44,1
sybil_type3,501,1,1,0.0,0.0,0.0,0.0,0.0,23.1506,44,1
sybil_type3,502,1,1,0.0,0.0,0.0,0.0,0.0,23.5806,44,1
sybil_type3,503,1,1,0.0,0.0,0.0,0.0,0.0,24.2806,44,1
sybil_type3,505,1,1,0.0,0.0,0.0,0.0,0.0,26.0606,45,1
sybil_type3,506,1,1,0.0,0.0,0.0,0.0,0.0,26.1806,45,1
sybil_type3,507,1,1,0.0,0.0,0.0,0.0,0.0,26.6106,45,1
sybil_type3,508,1,1,0.0,0.0,0.0,0.0,0.0,27.3106,43,1
sybil_type3,510,1,1,0.0,0.0,0.0,0.0,0.0,29.0006,42,1
sybil_type3,511,1,1,0.0,0.0,0.0,0.0,0.0,29.1206,42,1
sybil_type3,512,1,1,0.0,0.0,0.0,0.0,0.0,29.5506,42,1
sybil_type3,513,1,1,0.0,0.0,0.0,0.0,0.0,30.2506,46,1
sybil_type3,515,1,1,0.0,0.0,0.0,0.0,0.0,32.0306,44,1
sybil_type3,516,1,1,0.0,0.0,0.0,0.0,0.0,32.1506,44,1
sybil_type3,517,1,1,0.0,0.0,0.0,0.0,0.0,32.5806,44,1
sybil_type3,518,1,1,0.0,0.0,0.0,0.0,0.0,33.2806,44,1
sybil_type3,520,1,1,0.0,0.0,0.0,0.0,0.0,35.0606,45,1
sybil_type3,521,1,1,0.0,0.0,0.0,0.0,0.0,35.1806,45,1
sybil_type3,522,1,1,0.0,0.0,0.0,0.0,0.0,35.6106,45,1
sybil_type3,523,1,1,0.0,0.0,0.0,0.0,0.0,36.3106,43,1
sybil_type3,525,1,1,0.0,0.0,0.0,0.0,0.0,38.0006,42,1
sybil_type3,526,1,1,0.0,0.0,0.0,0.0,0.0,38.1206,42,1
sybil_type3,527,1,1,0.0,0.0,0.0,0.0,0.0,38.5506,42,1
sybil_type3,528,1,1,0.0,0.0,0.0,0.0,0.0,39.2506,46,1
sybil_type3,530,1,1,0.0,0.0,0.0,0.0,0.0,41.0306,44,1
sybil_type3,531,1,1,0.0,0.0,0.0,0.0,0.0,41.1506,44,1
sybil_type3,532,1,1,0.0,0.0,0.0,0.0,0.0,41.5806,44,1
sybil_type3,533,1,1,0.0,0.0,0.0,0.0,0.0,42.2806,44,1
sybil_type3,535,1,1,0.0,0.0,0.0,0.0,0.0,44.0606,45,1
sybil_type3,536,1,1,0.0,0.0,0.0,0.0,0.0,44.1806,45,1
sybil_type3,537,1,1,0.0,0.0,0.0,0.0,0.0,44.6106,45,1
sybil_type3,538,1,1,0.0,0.0,0.0,0.0,0.0,45.3106,43,1
sybil_type3,540,1,1,0.0,0.0,0.0,0.0,0.0,47.0006,42,1
sybil_type3,541,1,1,0.0,0.0,0.0,0.0,0.0,47.1206,42,1
sybil_type3,542,1,1,0.0,0.0,0.0,0.0,0.0,47.5506,42,1
sybil_type3,543,1,1,0.0,0.0,0.0,0.0,0.0,48.2506,46,1
sybil_type3,545,1,1,0.0,0.0,0.0,0.0,0.0,50.0306,44,1
sybil_type3,546,1,1,0.0,0.0,0.0,0.0,0.0,50.1506,44,1
sybil_type3,547,1,1,0.0,0.0,0.0,0.0,0.0,50.5806,44,1
sybil_type3,548,1,1,0.0,0.0,0.0,0.0,0.0,51.2806,44,1
sybil_type3,550,1,1,0.0,0.0,0.0,0.0,0.0,53.0606,45,1
sybil_type3,551,1,1,0.0,0.0,0.0,0.0,0.0,53.1806,45,1
sybil_type3,552,1,1,0.0,0.0,0.0,0.0,0.0,53.6106,45,1
sybil_type3,553,1,1,0.0,0.0,0.0,0.0,0.0,54.3106,43,1
sybil_type3,555,1,1,0.0,0.0,0.0,0.0,0.0,56.0006,42,1
sybil_type3,556,1,1,0.0,0.0,0.0,0.0,0.0,56.1206,42,1
sybil_type3,557,1,1,0.0,0.0,0.0,0.0,0.0,56.5506,42,1
sybil_type3,558,1,1,0.0,0.0,0.0,0.0,0.0,57.2506,46,1
sybil_type3,560,1,1,0.0,0.0,0.0,0.0,0.0,59.0306,45,1
sybil_type3,561,1,1,0.0,0.0,0.0,0.0,0.0,59.1506,45,1
sybil_type3,562,1,1,0.0,0.0,0.0,0.0,0.0,59.5806,45,1
sybil_type3,563,1,1,0.0,0.0,0.0,0.0,0.0,60.2806,46,1
sybil_type3,565,1,1,0.0,0.0,0.0,0.0,0.0,62.0606,45,1
sybil_type3,566,1,1,0.0,0.0,0.0,0.0,0.0,62.1806,45,1
sybil_type3,567,1,1,0.0,0.0,0.0,0.0,0.0,62.6106,45,1
sybil_type3,568,1,1,0.0,0.0,0.0,0.0,0.0,63.3106,45,1
sybil_type3,570,1,1,0.0,0.0,0.0,0.0,0.0,65.0006,41,1
sybil_type3,571,1,1,0.0,0.0,0.0,0.0,0.0,65.1206,41,1
sybil_type3,572,1,1,0.0,0.0,0.0,0.0,0.0,65.5506,41,1
sybil_type3,573,1,1,0.0,0.0,0.0,0.0,0.0,66.2506,48,1
sybil_type3,575,1,1,0.0,0.0,0.0,0.0,0.0,68.0306,42,1
sybil_type3,576,1,1,0.0,0.0,0.0,0.0,0.0,68.1506,42,1
sybil_type3,577,1,1,0.0,0.0,0.0,0.0,0.0,68.5806,42,1
sybil_type3,578,1,1,0.0,0.0,0.0,0.0,0.0,69.2806,46,1
sybil_type3,580,1,1,0.0,0.0,0.0,0.0,0.0,71.0606,44,1
sybil_type3,581,1,1,0.0,0.0,0.0,0.0,0.0,71.1806,44,1
sybil_type3,582,1,1,0.0,0.0,0.0,0.0,0.0,71.6106,44,1
sybil_type3,583,1,1,0.0,0.0,0.0,0.0,0.0,72.3106,45,1
sybil_type3,585,1,1,0.0,0.0,0.0,0.0,0.0,74.0006,40,1
sybil_type3,586,3,0,0.0002000000000066393,0.00010000000000331966,0.0,0.0,14999.999999502052,74.1207,40,1
sybil_type3,587,1,1,0.0,0.0,0.0,0.0,0.0,74.5506,40,1
sybil_type3,588,1,1,0.0,0.0,0.0,0.0,0.0,75.2506,45,1
sybil_type3,590,1,1,0.0,0.0,0.0,0.0,0.0,77.0306,41,1
sybil_type3,591,1,1,0.0,0.0,0.0,0.0,0.0,77.1506,41,1
sybil_type3,592,1,1,0.0,0.0,0.0,0.0,0.0,77.5806,41,1
sybil_type3,593,1,1,0.0,0.0,0.0,0.0,0.0,78.2806,42,1
sybil_type3,595,1,1,0.0,0.0,0.0,0.0,0.0,80.0606,43,1
sybil_type3,596,1,1,0.0,0.0,0.0,0.0,0.0,80.1806,43,1
sybil_type3,597,1,1,0.0,0.0,0.0,0.0,0.0,80.6106,43,1
sybil_type3,598,1,1,0.0,0.0,0.0,0.0,0.0,81.3106,42,1
sybil_type3,600,1,1,0.0,0.0,0.0,0.0,0.0,83.0006,38,1
sybil_type3,601,1,1,0.0,0.0,0.0,0.0,0.0,83.1206,38,1
sybil_type3,602,1,1,0.0,0.0,0.0,0.0,0.0,83.5506,38,1
sybil_type3,603,1,1,0.0,0.0,0.0,0.0,0.0,84.2506,43,1
sybil_type3,605,1,1,0.0,0.0,0.0,0.0,0.0,86.0306,42,1
sybil_type3,606,1,1,0.0,0.0,0.0,0.0,0.0,86.1506,42,1
sybil_type3,607,1,1,0.0,0.0,0.0,0.0,0.0,86.5806,42,1
sybil_type3,608,1,1,0.0,0.0,0.0,0.0,0.0,87.2806,43,1
sybil_type3,610,1,1,0.0,0.0,0.0,0.0,0.0,89.0606,43,1
sybil_type3,611,1,1,0.0,0.0,0.0,0.0,0.0,89.1806,43,1
sybil_type3,612,1,1,0.0,0.0,0.0,0.0,0.0,89.6106,43,1
sybil_type3,613,1,1,0.0,0.0,0.0,0.0,0.0,90.3106,42,1
sybil_type3,615,1,1,0.0,0.0,0.0,0.0,0.0,92.0006,42,1
sybil_type3,616,1,1,0.0,0.0,0.0,0.0,0.0,92.1206,42,1
sybil_type3,617,1,1,0.0,0.0,0.0,0.0,0.0,92.5506,42,1
sybil_type3,618,1,1,0.0,0.0,0.0,0.0,0.0,93.2506,46,1
sybil_type3,620,1,1,0.0,0.0,0.0,0.0,0.0,95.0306,42,1
sybil_type3,621,1,1,0.0,0.0,0.0,0.0,0.0,95.1506,42,1
sybil_type3,622,1,1,0.0,0.0,0.0,0.0,0.0,95.5806,42,1
sybil_type3,623,1,1,0.0,0.0,0.0,0.0,0.0,96.2806,42,1
sybil_type3,625,1,1,0.0,0.0,0.0,0.0,0.0,98.0606,43,1
sybil_type3,626,1,1,0.0,0.0,0.0,0.0,0.0,98.1806,43,1
sybil_type3,627,1,1,0.0,0.0,0.0,0.0,0.0,98.6106,43,1
sybil_type3,628,1,1,0.0,0.0,0.0,0.0,0.0,99.3106,42,1
sybil_type3,630,1,1,0.0,0.0,0.0,0.0,0.0,101.001,42,1
sybil_type3,631,1,1,0.0,0.0,0.0,0.0,0.0,101.121,42,1
sybil_type3,632,1,1,0.0,0.0,0.0,0.0,0.0,101.551,42,1
sybil_type3,633,1,1,0.0,0.0,0.0,0.0,0.0,102.251,46,1
sybil_type3,635,1,1,0.0,0.0,0.0,0.0,0.0,104.031,44,1
sybil_type3,636,1,1,0.0,0.0,0.0,0.0,0.0,104.151,44,1
sybil_type3,637,1,1,0.0,0.0,0.0,0.0,0.0,104.581,44,1
sybil_type3,638,1,1,0.0,0.0,0.0,0.0,0.0,105.281,46,1
sybil_type3,640,1,1,0.0,0.0,0.0,0.0,0.0,107.061,45,1
sybil_type3,641,1,1,0.0,0.0,0.0,0.0,0.0,107.181,45,1
sybil_type3,642,1,1,0.0,0.0,0.0,0.0,0.0,107.611,45,1
sybil_type3,643,1,1,0.0,0.0,0.0,0.0,0.0,108.311,45,1
sybil_type3,645,1,1,0.0,0.0,0.0,0.0,0.0,110.001,42,1
sybil_type3,646,1,1,0.0,0.0,0.0,0.0,0.0,110.121,42,1
sybil_type3,647,1,1,0.0,0.0,0.0,0.0,0.0,110.551,42,1
sybil_type3,648,1,1,0.0,0.0,0.0,0.0,0.0,111.251,48,1
sybil_type3,650,1,1,0.0,0.0,0.0,0.0,0.0,113.031,44,1
sybil_type3,651,1,1,0.0,0.0,0.0,0.0,0.0,113.151,44,1
sybil_type3,652,1,1,0.0,0.0,0.0,0.0,0.0,113.581,44,1
sybil_type3,653,1,1,0.0,0.0,0.0,0.0,0.0,114.281,43,1
sybil_type3,655,1,1,0.0,0.0,0.0,0.0,0.0,116.061,45,1
sybil_type3,656,1,1,0.0,0.0,0.0,0.0,0.0,116.181,45,1
sybil_type3,657,1,1,0.0,0.0,0.0,0.0,0.0,116.611,45,1
sybil_type3,658,1,1,0.0,0.0,0.0,0.0,0.0,117.311,42,1
sybil_type3,1265,1,1,0.0,0.0,0.0,0.0,0.0,2.4606,30,1
sybil_type3,1266,1,1,0.0,0.0,0.0,0.0,0.0,2.5806,30,1
sybil_type3,1267,1,1,0.0,0.0,0.0,0.0,0.0,3.0106,34,1
sybil_type3,1268,1,1,0.0,0.0,0.0,0.0,0.0,3.7106,34,1
sybil_type3,1270,1,1,0.0,0.0,0.0,0.0,0.0,5.4006,46,1
sybil_type3,1271,1,1,0.0,0.0,0.0,0.0,0.0,5.5206,46,1
sybil_type3,1272,1,1,0.0,0.0,0.0,0.0,0.0,5.9506,46,1
sybil_type3,1273,1,1,0.0,0.0,0.0,0.0,0.0,6.6506,49,1
sybil_type3,1275,1,1,0.0,0.0,0.0,0.0,0.0,8.4306,64,1
sybil_type3,1276,1,1,0.0,0.0,0.0,0.0,0.0,8.5506,64,1
sybil_type3,1277,1,1,0.0,0.0,0.0,0.0,0.0,8.9806,64,1
sybil_type3,1278,1,1,0.0,0.0,0.0,0.0,0.0,9.6806,48,1
sybil_type3,1280,1,1,0.0,0.0,0.0,0.0,0.0,11.4606,42,1
sybil_type3,1281,1,1,0.0,0.0,0.0,0.0,0.0,11.5806,42,1
sybil_type3,1282,1,1,0.0,0.0,0.0,0.0,0.0,12.0106,46,1
sybil_type3,1283,1,1,0.0,0.0,0.0,0.0,0.0,12.7106,46,1
sybil_type3,1285,1,1,0.0,0.0,0.0,0.0,0.0,14.4006,44,1
sybil_type3,1286,1,1,0.0,0.0,0.0,0.0,0.0,14.5206,44,1
sybil_type3,1287,1,1,0.0,0.0,0.0,0.0,0.0,14.9506,44,1
sybil_type3,1288,1,1,0.0,0.0,0.0,0.0,0.0,15.6506,44,1
sybil_type3,1290,1,1,0.0,0.0,0.0,0.0,0.0,17.4306,45,1
sybil_type3,1291,1,1,0.0,0.0,0.0,0.0,0.0,17.5506,45,1
sybil_type3,1292,1,1,0.0,0.0,0.0,0.0,0.0,17.9806,45,1
sybil_type3,1293,1,1,0.0,0.0,0.0,0.0,0.0,18.6806,43,1
sybil_type3,1295,1,1,0.0,0.0,0.0,0.0,0.0,20.4606,42,1
sybil_type3,1296,1,1,0.0,0.0,0.0,0.0,0.0,20.5806,42,1
sybil_type3,1297,1,1,0.0,0.0,0.0,0.0,0.0,21.0106,46,1
sybil_type3,1298,1,1,0.0,0.0,0.0,0.0,0.0,21.7106,46,1
sybil_type3,1300,1,1,0.0,0.0,0.0,0.0,0.0,23.4006,44,1
sybil_type3,1301,1,1,0.0,0.0,0.0,0.0,0.0,23.5206,44,1
sybil_type3,1302,1,1,0.0,0.0,0.0,0.0,0.0,23.9506,44,1
sybil_type3,1303,1,1,0.0,0.0,0.0,0.0,0.0,24.6506,44,1
sybil_type3,1305,1,1,0.0,0.0,0.0,0.0,0.0,26.4306,45,1
sybil_type3,1306,1,1,0.0,0.0,0.0,0.0,0.0,26.5506,45,1
sybil_type3,1307,1,1,0.0,0.0,0.0,0.0,0.0,26.9806,45,1
sybil_type3,1308,1,1,0.0,0.0,0.0,0.0,0.0,27.6806,43,1
sybil_type3,1310,1,1,0.0,0.0,0.0,0.0,0.0,29.4606,42,1
sybil_type3,1311,1,1,0.0,0.0,0.0,0.0,0.0,29.5806,42,1
sybil_type3,1312,1,1,0.0,0.0,0.0,0.0,0.0,30.0106,46,1
sybil_type3,1313,1,1,0.0,0.0,0.0,0.0,0.0,30.7106,46,1
sybil_type3,1315,1,1,0.0,0.0,0.0,0.0,0.0,32.4006,44,1
sybil_type3,1316,1,1,0.0,0.0,0.0,0.0,0.0,32.5206,44,1
sybil_type3,1317,1,1,0.0,0.0,0.0,0.0,0.0,32.9506,44,1
sybil_type3,1318,1,1,0.0,0.0,0.0,0.0,0.0,33.6506,44,1
sybil_type3,1320,1,1,0.0,0.0,0.0,0.0,0.0,35.4306,45,1
sybil_type3,1321,1,1,0.0,0.0,0.0,0.0,0.0,35.5506,45,1
sybil_type3,1322,1,1,0.0,0.0,0.0,0.0,0.0,35.9806,45,1
sybil_type3,1323,1,1,0.0,0.0,0.0,0.0,0.0,36.6806,43,1
sybil_type3,1325,1,1,0.0,0.0,0.0,0.0,0.0,38.4606,42,1
sybil_type3,1326,1,1,0.0,0.0,0.0,0.0,0.0,38.5806,42,1
sybil_type3,1327,1,1,0.0,0.0,0.0,0.0,0.0,39.0106,46,1
sybil_type3,1328,1,1,0.0,0.0,0.0,0.0,0.0,39.7106,46,1
sybil_type3,1330,1,1,0.0,0.0,0.0,0.0,0.0,41.4006,44,1
sybil_type3,1331,1,1,0.0,0.0,0.0,0.0,0.0,41.5206,44,1
sybil_type3,1332,1,1,0.0,0.0,0.0,0.0,0.0,41.9506,44,1
sybil_type3,1333,1,1,0.0,0.0,0.0,0.0,0.0,42.6506,44,1
sybil_type3,1335,1,1,0.0,0.0,0.0,0.0,0.0,44.4306,45,1
sybil_type3,1336,1,1,0.0,0.0,0.0,0.0,0.0,44.5506,45,1
sybil_type3,1337,1,1,0.0,0.0,0.0,0.0,0.0,44.9806,45,1
sybil_type3,1338,1,1,0.0,0.0,0.0,0.0,0.0,45.6806,43,1
sybil_type3,1340,1,1,0.0,0.0,0.0,0.0,0.0,47.4606,42,1
sybil_type3,1341,1,1,0.0,0.0,0.0,0.0,0.0,47.5806,42,1
sybil_type3,1342,1,1,0.0,0.0,0.0,0.0,0.0,48.0106,46,1
sybil_type3,1343,1,1,0.0,0.0,0.0,0.0,0.0,48.7106,46,1
sybil_type3,1345,1,1,0.0,0.0,0.0,0.0,0.0,50.4006,44,1
sybil_type3,1346,1,1,0.0,0.0,0.0,0.0,0.0,50.5206,44,1
sybil_type3,1347,1,1,0.0,0.0,0.0,0.0,0.0,50.9506,44,1
sybil_type3,1348,1,1,0.0,0.0,0.0,0.0,0.0,51.6506,44,1
sybil_type3,1350,1,1,0.0,0.0,0.0,0.0,0.0,53.4306,45,1
sybil_type3,1351,1,1,0.0,0.0,0.0,0.0,0.0,53.5506,45,1
sybil_type3,1352,1,1,0.0,0.0,0.0,0.0,0.0,53.9806,45,1
sybil_type3,1353,1,1,0.0,0.0,0.0,0.0,0.0,54.6806,43,1
sybil_type3,1355,1,1,0.0,0.0,0.0,0.0,0.0,56.4606,42,1
sybil_type3,1356,1,1,0.0,0.0,0.0,0.0,0.0,56.5806,42,1
sybil_type3,1357,1,1,0.0,0.0,0.0,0.0,0.0,57.0106,46,1
sybil_type3,1358,1,1,0.0,0.0,0.0,0.0,0.0,57.7106,46,1
sybil_type3,1360,1,1,0.0,0.0,0.0,0.0,0.0,59.4006,45,1
sybil_type3,1361,1,1,0.0,0.0,0.0,0.0,0.0,59.5206,45,1
sybil_type3,1362,1,1,0.0,0.0,0.0,0.0,0.0,59.9506,45,1
sybil_type3,1363,1,1,0.0,0.0,0.0,0.0,0.0,60.6506,46,1
sybil_type3,1365,1,1,0.0,0.0,0.0,0.0,0.0,62.4306,45,1
sybil_type3,1366,1,1,0.0,0.0,0.0,0.0,0.0,62.5506,45,1
sybil_type3,1367,1,1,0.0,0.0,0.0,0.0,0.0,62.9806,45,1
sybil_type3,1368,1,1,0.0,0.0,0.0,0.0,0.0,63.6806,45,1
sybil_type3,1370,1,1,0.0,0.0,0.0,0.0,0.0,65.4606,41,1
sybil_type3,1371,1,1,0.0,0.0,0.0,0.0,0.0,65.5806,41,1
sybil_type3,1372,1,1,0.0,0.0,0.0,0.0,0.0,66.0106,48,1
sybil_type3,1373,1,1,0.0,0.0,0.0,0.0,0.0,66.7106,48,1
sybil_type3,1375,1,1,0.0,0.0,0.0,0.0,0.0,68.4006,42,1
sybil_type3,1376,1,1,0.0,0.0,0.0,0.0,0.0,68.5206,42,1
sybil_type3,1377,1,1,0.0,0.0,0.0,0.0,0.0,68.9506,42,1
sybil_type3,1378,1,1,0.0,0.0,0.0,0.0,0.0,69.6506,46,1
sybil_type3,1380,1,1,0.0,0.0,0.0,0.0,0.0,71.4306,44,1
sybil_type3,1381,1,1,0.0,0.0,0.0,0.0,0.0,71.5506,44,1
sybil_type3,1382,1,1,0.0,0.0,0.0,0.0,0.0,71.9806,44,1
sybil_type3,1383,1,1,0.0,0.0,0.0,0.0,0.0,72.6806,45,1
sybil_type3,1385,1,1,0.0,0.0,0.0,0.0,0.0,74.4606,40,1
sybil_type3,1386,1,1,0.0,0.0,0.0,0.0,0.0,74.5806,40,1
sybil_type3,1387,1,1,0.0,0.0,0.0,0.0,0.0,75.0106,45,1
sybil_type3,1388,1,1,0.0,0.0,0.0,0.0,0.0,75.7106,45,1
sybil_type3,1390,1,1,0.0,0.0,0.0,0.0,0.0,77.4006,41,1
sybil_type3,1391,1,1,0.0,0.0,0.0,0.0,0.0,77.5206,41,1
sybil_type3,1392,1,1,0.0,0.0,0.0,0.0,0.0,77.9506,41,1
sybil_type3,1393,1,1,0.0,0.0,0.0,0.0,0.0,78.6506,42,1
sybil_type3,1395,1,1,0.0,0.0,0.0,0.0,0.0,80.4306,43,1
sybil_type3,1396,1,1,0.0,0.0,0.0,0.0,0.0,80.5506,43,1
sybil_type3,1405,1,1,0.0,0.0,0.0,0.0,0.0,86.4006,42,1
sybil_type3,1406,1,1,0.0,0.0,0.0,0.0,0.0,86.5206,42,1
sybil_type3,1407,1,1,0.0,0.0,0.0,0.0,0.0,86.9506,42,1
sybil_type3,1408,1,1,0.0,0.0,0.0,0.0,0.0,87.6506,43,1
sybil_type3,1410,1,1,0.0,0.0,0.0,0.0,0.0,89.4306,43,1
sybil_type3,1411,1,1,0.0,0.0,0.0,0.0,0.0,89.5506,43,1
sybil_type3,1412,1,1,0.0,0.0,0.0,0.0,0.0,89.9806,43,1
sybil_type3,1413,1,1,0.0,0.0,0.0,0.0,0.0,90.6806,42,1
sybil_type3,1415,1,1,0.0,0.0,0.0,0.0,0.0,92.4606,42,1
sybil_type3,1416,1,1,0.0,0.0,0.0,0.0,0.0,92.5806,42,1
sybil_type3,1417,1,1,0.0,0.0,0.0,0.0,0.0,93.0106,46,1
sybil_type3,1418,1,1,0.0,0.0,0.0,0.0,0.0,93.7106,46,1
sybil_type3,1420,1,1,0.0,0.0,0.0,0.0,0.0,95.4006,42,1
sybil_type3,1421,1,1,0.0,0.0,0.0,0.0,0.0,95.5206,42,1
sybil_type3,1422,1,1,0.0,0.0,0.0,0.0,0.0,95.9506,42,1
sybil_type3,1423,1,1,0.0,0.0,0.0,0.0,0.0,96.6506,42,1
sybil_type3,1425,1,1,0.0,0.0,0.0,0.0,0.0,98.4306,43,1
sybil_type3,1426,1,1,0.0,0.0,0.0,0.0,0.0,98.5506,43,1
sybil_type3,1427,1,1,0.0,0.0,0.0,0.0,0.0,98.9806,43,1
sybil_type3,1428,1,1,0.0,0.0,0.0,0.0,0.0,99.6806,42,1
sybil_type3,1430,1,1,0.0,0.0,0.0,0.0,0.0,101.461,42,1
sybil_type3,1431,1,1,0.0,0.0,0.0,0.0,0.0,101.581,42,1
sybil_type3,1432,1,1,0.0,0.0,0.0,0.0,0.0,102.011,46,1
sybil_type3,1433,1,1,0.0,0.0,0.0,0.0,0.0,102.711,46,1
sybil_type3,1435,1,1,0.0,0.0,0.0,0.0,0.0,104.401,44,1
sybil_type3,1436,1,1,0.0,0.0,0.0,0.0,0.0,104.521,44,1
sybil_type3,1437,1,1,0.0,0.0,0.0,0.0,0.0,104.951,44,1
sybil_type3,1438,1,1,0.0,0.0,0.0,0.0,0.0,105.651,46,1
sybil_type3,1440,1,1,0.0,0.0,0.0,0.0,0.0,107.431,45,1
sybil_type3,1441,1,1,0.0,0.0,0.0,0.0,0.0,107.551,45,1
sybil_type3,1442,1,1,0.0,0.0,0.0,0.0,0.0,107.981,45,1
sybil_type3,1443,1,1,0.0,0.0,0.0,0.0,0.0,108.681,45,1
sybil_type3,1445,1,1,0.0,0.0,0.0,0.0,0.0,110.461,42,1
sybil_type3,1446,1,1,0.0,0.0,0.0,0.0,0.0,110.581,42,1
sybil_type3,1447,1,1,0.0,0.0,0.0,0.0,0.0,111.011,48,1
sybil_type3,1448,1,1,0.0,0.0,0.0,0.0,0.0,111.711,48,1
sybil_type3,1450,1,1,0.0,0.0,0.0,0.0,0.0,113.401,44,1
sybil_type3,1451,1,1,0.0,0.0,0.0,0.0,0.0,113.521,44,1
sybil_type3,1452,1,1,0.0,0.0,0.0,0.0,0.0,113.951,44,1
sybil_type3,1453,1,1,0.0,0.0,0.0,0.0,0.0,114.651,43,1
sybil_type3,1455,1,1,0.0,0.0,0.0,0.0,0.0,116.431,45,1
sybil_type3,1456,1,1,0.0,0.0,0.0,0.0,0.0,116.551,45,1
sybil_type3,1457,1,1,0.0,0.0,0.0,0.0,0.0,116.981,45,1
sybil_type3,1458,1,1,0.0,0.0,0.0,0.0,0.0,117.681,42,1
sybil_type3,1565,1,1,0.0,0.0,0.0,0.0,0.0,2.6106,30,1
sybil_type3,1566,1,1,0.0,0.0,0.0,0.0,0.0,2.7306,30,1
sybil_type3,1567,1,1,0.0,0.0,0.0,0.0,0.0,3.1606,34,1
sybil_type3,1568,1,1,0.0,0.0,0.0,0.0,0.0,3.8606,34,1
sybil_type3,1570,1,1,0.0,0.0,0.0,0.0,0.0,5.5506,46,1
sybil_type3,1571,1,1,0.0,0.0,0.0,0.0,0.0,5.6706,46,1
sybil_type3,1572,1,1,0.0,0.0,0.0,0.0,0.0,6.1006,49,1
sybil_type3,1573,1,1,0.0,0.0,0.0,0.0,0.0,6.8006,49,1
sybil_type3,1575,1,1,0.0,0.0,0.0,0.0,0.0,8.5806,64,1
sybil_type3,1576,1,1,0.0,0.0,0.0,0.0,0.0,8.7006,64,1
sybil_type3,1577,1,1,0.0,0.0,0.0,0.0,0.0,9.1306,48,1
sybil_type3,1578,1,1,0.0,0.0,0.0,0.0,0.0,9.8306,48,1
sybil_type3,1580,1,1,0.0,0.0,0.0,0.0,0.0,11.6106,42,1
sybil_type3,1581,1,1,0.0,0.0,0.0,0.0,0.0,11.7306,42,1
sybil_type3,1582,1,1,0.0,0.0,0.0,0.0,0.0,12.1606,46,1
sybil_type3,1583,1,1,0.0,0.0,0.0,0.0,0.0,12.8606,46,1
sybil_type3,1585,1,1,0.0,0.0,0.0,0.0,0.0,14.5506,44,1
sybil_type3,1586,1,1,0.0,0.0,0.0,0.0,0.0,14.6706,44,1
sybil_type3,1587,1,1,0.0,0.0,0.0,0.0,0.0,15.1006,44,1
sybil_type3,1588,1,1,0.0,0.0,0.0,0.0,0.0,15.8006,44,1
sybil_type3,1590,1,1,0.0,0.0,0.0,0.0,0.0,17.5806,45,1
sybil_type3,1591,1,1,0.0,0.0,0.0,0.0,0.0,17.7006,45,1
sybil_type3,1592,1,1,0.0,0.0,0.0,0.0,0.0,18.1306,43,1
sybil_type3,1593,1,1,0.0,0.0,0.0,0.0,0.0,18.8306,43,1
sybil_type3,1595,1,1,0.0,0.0,0.0,0.0,0.0,20.6106,42,1
sybil_type3,1596,1,1,0.0,0.0,0.0,0.0,0.0,20.7306,42,1
sybil_type3,1597,1,1,0.0,0.0,0.0,0.0,0.0,21.1606,46,1
sybil_type3,1598,1,1,0.0,0.0,0.0,0.0,0.0,21.8606,46,1
sybil_type3,1600,1,1,0.0,0.0,0.0,0.0,0.0,23.5506,44,1
sybil_type3,1601,1,1,0.0,0.0,0.0,0.0,0.0,23.6706,44,1
sybil_type3,1602,1,1,0.0,0.0,0.0,0.0,0.0,24.1006,44,1
sybil_type3,1603,1,1,0.0,0.0,0.0,0.0,0.0,24.8006,44,1
sybil_type3,1605,1,1,0.0,0.0,0.0,0.0,0.0,26.5806,45,1
sybil_type3,1606,1,1,0.0,0.0,0.0,0.0,0.0,26.7006,45,1
sybil_type3,1607,1,1,0.0,0.0,0.0,0.0,0.0,27.1306,43,1
sybil_type3,1608,1,1,0.0,0.0,0.0,0.0,0.0,27.8306,43,1
sybil_type3,1610,1,1,0.0,0.0,0.0,0.0,0.0,29.6106,42,1
sybil_type3,1611,1,1,0.0,0.0,0.0,0.0,0.0,29.7306,42,1
sybil_type3,1612,1,1,0.0,0.0,0.0,0.0,0.0,30.1606,46,1
sybil_type3,1613,1,1,0.0,0.0,0.0,0.0,0.0,30.8606,46,1
sybil_type3,1615,1,1,0.0,0.0,0.0,0.0,0.0,32.5506,44,1
sybil_type3,1616,1,1,0.0,0.0,0.0,0.0,0.0,32.6706,44,1
sybil_type3,1617,1,1,0.0,0.0,0.0,0.0,0.0,33.1006,44,1
sybil_type3,1618,1,1,0.0,0.0,0.0,0.0,0.0,33.8006,44,1
sybil_type3,1620,1,1,0.0,0.0,0.0,0.0,0.0,35.5806,45,1
sybil_type3,1621,1,1,0.0,0.0,0.0,0.0,0.0,35.7006,45,1
sybil_type3,1622,1,1,0.0,0.0,0.0,0.0,0.0,36.1306,43,1
sybil_type3,1623,1,1,0.0,0.0,0.0,0.0,0.0,36.8306,43,1
sybil_type3,1625,1,1,0.0,0.0,0.0,0.0,0.0,38.6106,42,1
sybil_type3,1626,1,1,0.0,0.0,0.0,0.0,0.0,38.7306,42,1
sybil_type3,1627,1,1,0.0,0.0,0.0,0.0,0.0,39.1606,46,1
sybil_type3,1628,1,1,0.0,0.0,0.0,0.0,0.0,39.8606,46,1
sybil_type3,1630,1,1,0.0,0.0,0.0,0.0,0.0,41.5506,44,1
sybil_type3,1631,1,1,0.0,0.0,0.0,0.0,0.0,41.6706,44,1
sybil_type3,1632,1,1,0.0,0.0,0.0,0.0,0.0,42.1006,44,1
sybil_type3,1633,1,1,0.0,0.0,0.0,0.0,0.0,42.8006,44,1
sybil_type3,1635,1,1,0.0,0.0,0.0,0.0,0.0,44.5806,45,1
sybil_type3,1636,1,1,0.0,0.0,0.0,0.0,0.0,44.7006,45,1
sybil_type3,1637,1,1,0.0,0.0,0.0,0.0,0.0,45.1306,43,1
sybil_type3,1638,1,1,0.0,0.0,0.0,0.0,0.0,45.8306,43,1
sybil_type3,1640,3,0,0.00019999999999953388,9.999999999976694e-05,3.552713678800501e-15,3.552713678808781e-11,15000.00000003496,47.6108,42,1
sybil_type3,1641,1,1,0.0,0.0,0.0,0.0,0.0,47.7306,42,1
sybil_type3,1642,1,1,0.0,0.0,0.0,0.0,0.0,48.1606,46,1
sybil_type3,1643,1,1,0.0,0.0,0.0,0.0,0.0,48.8606,46,1
sybil_type3,1645,1,1,0.0,0.0,0.0,0.0,0.0,50.5506,44,1
sybil_type3,1646,1,1,0.0,0.0,0.0,0.0,0.0,50.6712,44,1
sybil_type3,1647,1,1,0.0,0.0,0.0,0.0,0.0,51.1006,44,1
sybil_type3,1648,1,1,0.0,0.0,0.0,0.0,0.0,51.8006,44,1
sybil_type3,1650,1,1,0.0,0.0,0.0,0.0,0.0,53.5806,45,1
sybil_type3,1651,1,1,0.0,0.0,0.0,0.0,0.0,53.7006,45,1
sybil_type3,1652,1,1,0.0,0.0,0.0,0.0,0.0,54.1306,43,1
sybil_type3,1653,1,1,0.0,0.0,0.0,0.0,0.0,54.8306,43,1
sybil_type3,1655,1,1,0.0,0.0,0.0,0.0,0.0,56.6106,42,1
sybil_type3,1656,1,1,0.0,0.0,0.0,0.0,0.0,56.7306,42,1
sybil_type3,1657,1,1,0.0,0.0,0.0,0.0,0.0,57.1606,46,1
sybil_type3,1658,1,1,0.0,0.0,0.0,0.0,0.0,57.8606,46,1
sybil_type3,1660,1,1,0.0,0.0,0.0,0.0,0.0,59.5506,45,1
sybil_type3,1661,1,1,0.0,0.0,0.0,0.0,0.0,59.6706,45,1
sybil_type3,1662,1,1,0.0,0.0,0.0,0.0,0.0,60.1006,46,1
sybil_type3,1663,1,1,0.0,0.0,0.0,0.0,0.0,60.8006,46,1
sybil_type3,1665,1,1,0.0,0.0,0.0,0.0,0.0,62.5806,45,1
sybil_type3,1666,1,1,0.0,0.0,0.0,0.0,0.0,62.7006,45,1
sybil_type3,1667,1,1,0.0,0.0,0.0,0.0,0.0,63.1306,45,1
sybil_type3,1668,1,1,0.0,0.0,0.0,0.0,0.0,63.8306,45,1
sybil_type3,1670,1,1,0.0,0.0,0.0,0.0,0.0,65.6106,41,1
sybil_type3,1671,1,1,0.0,0.0,0.0,0.0,0.0,65.7306,41,1
sybil_type3,1672,1,1,0.0,0.0,0.0,0.0,0.0,66.1606,48,1
sybil_type3,1673,1,1,0.0,0.0,0.0,0.0,0.0,66.8606,48,1
sybil_type3,1675,1,1,0.0,0.0,0.0,0.0,0.0,68.5506,42,1
sybil_type3,1676,1,1,0.0,0.0,0.0,0.0,0.0,68.6706,42,1
sybil_type3,1677,1,1,0.0,0.0,0.0,0.0,0.0,69.1006,46,1
sybil_type3,1678,1,1,0.0,0.0,0.0,0.0,0.0,69.8006,46,1
sybil_type3,1680,1,1,0.0,0.0,0.0,0.0,0.0,71.5806,44,1
sybil_type3,1681,1,1,0.0,0.0,0.0,0.0,0.0,71.7006,44,1
sybil_type3,1682,1,1,0.0,0.0,0.0,0.0,0.0,72.1306,45,1
sybil_type3,1683,1,1,0.0,0.0,0.0,0.0,0.0,72.8306,45,1
sybil_type3,1685,1,1,0.0,0.0,0.0,0.0,0.0,74.6106,40,1
sybil_type3,1686,1,1,0.0,0.0,0.0,0.0,0.0,74.7306,40,1
sybil_type3,1687,1,1,0.0,0.0,0.0,0.0,0.0,75.1606,45,1
sybil_type3,1695,1,1,0.0,0.0,0.0,0.0,0.0,80.5806,43,1
sybil_type3,1696,1,1,0.0,0.0,0.0,0.0,0.0,80.7006,43,1
sybil_type3,1697,1,1,0.0,0.0,0.0,0.0,0.0,81.1306,42,1
sybil_type3,1698,1,1,0.0,0.0,0.0,0.0,0.0,81.8306,42,1
sybil_type3,1700,1,1,0.0,0.0,0.0,0.0,0.0,83.6106,38,1
sybil_type3,1701,1,1,0.0,0.0,0.0,0.0,0.0,83.7306,38,1
sybil_type3,1702,1,1,0.0,0.0,0.0,0.0,0.0,84.1606,43,1
sybil_type3,1703,1,1,0.0,0.0,0.0,0.0,0.0,84.8606,43,1
sybil_type3,1705,1,1,0.0,0.0,0.0,0.0,0.0,86.5506,42,1
sybil_type3,1706,1,1,0.0,0.0,0.0,0.0,0.0,86.6706,42,1
sybil_type3,1707,1,1,0.0,0.0,0.0,0.0,0.0,87.1006,43,1
sybil_type3,1708,1,1,0.0,0.0,0.0,0.0,0.0,87.8006,43,1
sybil_type3,1710,1,1,0.0,0.0,0.0,0.0,0.0,89.5806,43,1
sybil_type3,1711,1,1,0.0,0.0,0.0,0.0,0.0,89.7006,43,1
sybil_type3,1712,1,1,0.0,0.0,0.0,0.0,0.0,90.1306,42,1
sybil_type3,1713,1,1,0.0,0.0,0.0,0.0,0.0,90.8306,42,1
sybil_type3,1715,1,1,0.0,0.0,0.0,0.0,0.0,92.6106,42,1
sybil_type3,1716,1,1,0.0,0.0,0.0,0.0,0.0,92.7306,42,1
sybil_type3,1717,1,1,0.0,0.0,0.0,0.0,0.0,93.1606,46,1
sybil_type3,1718,1,1,0.0,0.0,0.0,0.0,0.0,93.8606,46,1
sybil_type3,1728,1,1,0.0,0.0,0.0,0.0,0.0,99.8306,42,1
sybil_type3,1730,1,1,0.0,0.0,0.0,0.0,0.0,101.611,42,1
sybil_type3,1731,1,1,0.0,0.0,0.0,0.0,0.0,101.731,42,1
sybil_type3,1732,1,1,0.0,0.0,0.0,0.0,0.0,102.161,46,1
sybil_type3,1733,1,1,0.0,0.0,0.0,0.0,0.0,102.861,46,1
sybil_type3,1735,1,1,0.0,0.0,0.0,0.0,0.0,104.551,44,1
sybil_type3,1736,1,1,0.0,0.0,0.0,0.0,0.0,104.671,44,1
sybil_type3,1737,1,1,0.0,0.0,0.0,0.0,0.0,105.101,46,1
sybil_type3,1738,1,1,0.0,0.0,0.0,0.0,0.0,105.801,46,1
sybil_type3,1740,1,1,0.0,0.0,0.0,0.0,0.0,107.581,45,1
sybil_type3,1741,1,1,0.0,0.0,0.0,0.0,0.0,107.701,45,1
sybil_type3,1742,1,1,0.0,0.0,0.0,0.0,0.0,108.131,45,1
sybil_type3,1743,1,1,0.0,0.0,0.0,0.0,0.0,108.831,45,1
sybil_type3,1745,1,1,0.0,0.0,0.0,0.0,0.0,110.611,42,1
sybil_type3,1746,1,1,0.0,0.0,0.0,0.0,0.0,110.731,42,1
sybil_type3,1747,1,1,0.0,0.0,0.0,0.0,0.0,111.161,48,1
sybil_type3,1748,1,1,0.0,0.0,0.0,0.0,0.0,111.861,48,1
sybil_type3,1750,1,1,0.0,0.0,0.0,0.0,0.0,113.551,44,1
sybil_type3,1751,1,1,0.0,0.0,0.0,0.0,0.0,113.671,44,1
sybil_type3,1752,1,1,0.0,0.0,0.0,0.0,0.0,114.101,43,1
sybil_type3,1753,1,1,0.0,0.0,0.0,0.0,0.0,114.801,43,1
sybil_type3,1755,1,1,0.0,0.0,0.0,0.0,0.0,116.581,45,1
sybil_type3,1756,1,1,0.0,0.0,0.0,0.0,0.0,116.701,45,1
sybil_type3,1757,1,1,0.0,0.0,0.0,0.0,0.0,117.131,42,1
sybil_type3,1758,1,1,0.0,0.0,0.0,0.0,0.0,117.831,42,1
sybil_type3,2065,1,1,0.0,0.0,0.0,0.0,0.0,2.8306,30,1
sybil_type3,2066,1,1,0.0,0.0,0.0,0.0,0.0,2.9506,30,1
sybil_type3,2067,1,1,0.0,0.0,0.0,0.0,0.0,3.3806,34,1
sybil_type3,2068,1,1,0.0,0.0,0.0,0.0,0.0,4.0806,34,1
sybil_type3,2070,1,1,0.0,0.0,0.0,0.0,0.0,5.8606,46,1
sybil_type3,2071,1,1,0.0,0.0,0.0,0.0,0.0,5.9806,46,1
sybil_type3,2072,1,1,0.0,0.0,0.0,0.0,0.0,6.4106,49,1
sybil_type3,2073,1,1,0.0,0.0,0.0,0.0,0.0,7.1106,49,1
sybil_type3,2075,1,1,0.0,0.0,0.0,0.0,0.0,8.8006,64,1
sybil_type3,2076,1,1,0.0,0.0,0.0,0.0,0.0,8.9206,64,1
sybil_type3,2077,1,1,0.0,0.0,0.0,0.0,0.0,9.3506,48,1
sybil_type3,2078,1,1,0.0,0.0,0.0,0.0,0.0,10.0506,41,1
sybil_type3,2080,1,1,0.0,0.0,0.0,0.0,0.0,11.8306,42,1
sybil_type3,2081,1,1,0.0,0.0,0.0,0.0,0.0,11.9506,42,1
sybil_type3,2082,1,1,0.0,0.0,0.0,0.0,0.0,12.3806,46,1
sybil_type3,2083,1,1,0.0,0.0,0.0,0.0,0.0,13.0806,39,1
sybil_type3,2085,1,1,0.0,0.0,0.0,0.0,0.0,14.8606,44,1
sybil_type3,2086,1,1,0.0,0.0,0.0,0.0,0.0,14.9806,44,1
sybil_type3,2087,1,1,0.0,0.0,0.0,0.0,0.0,15.4106,44,1
sybil_type3,2088,1,1,0.0,0.0,0.0,0.0,0.0,16.1106,40,1
sybil_type3,2090,1,1,0.0,0.0,0.0,0.0,0.0,17.8006,45,1
sybil_type3,2091,1,1,0.0,0.0,0.0,0.0,0.0,17.9206,45,1
sybil_type3,2092,1,1,0.0,0.0,0.0,0.0,0.0,18.3506,43,1
sybil_type3,2093,1,1,0.0,0.0,0.0,0.0,0.0,19.0506,41,1
sybil_type3,2095,1,1,0.0,0.0,0.0,0.0,0.0,20.8306,42,1
sybil_type3,2096,1,1,0.0,0.0,0.0,0.0,0.0,20.9506,42,1
sybil_type3,2097,1,1,0.0,0.0,0.0,0.0,0.0,21.3806,46,1
sybil_type3,2098,1,1,0.0,0.0,0.0,0.0,0.0,22.0806,39,1
sybil_type3,2100,1,1,0.0,0.0,0.0,0.0,0.0,23.8606,44,1
sybil_type3,2101,1,1,0.0,0.0,0.0,0.0,0.0,23.9806,44,1
sybil_type3,2102,1,1,0.0,0.0,0.0,0.0,0.0,24.4106,44,1
sybil_type3,2103,1,1,0.0,0.0,0.0,0.0,0.0,25.1106,40,1
sybil_type3,2105,1,1,0.0,0.0,0.0,0.0,0.0,26.8006,45,1
sybil_type3,2106,1,1,0.0,0.0,0.0,0.0,0.0,26.9206,45,1
sybil_type3,2107,1,1,0.0,0.0,0.0,0.0,0.0,27.3506,43,1
sybil_type3,2108,1,1,0.0,0.0,0.0,0.0,0.0,28.0506,41,1
sybil_type3,2110,1,1,0.0,0.0,0.0,0.0,0.0,29.8306,42,1
sybil_type3,2111,1,1,0.0,0.0,0.0,0.0,0.0,29.9506,42,1
sybil_type3,2112,1,1,0.0,0.0,0.0,0.0,0.0,30.3806,46,1
sybil_type3,2113,1,1,0.0,0.0,0.0,0.0,0.0,31.0806,39,1
sybil_type3,2115,1,1,0.0,0.0,0.0,0.0,0.0,32.8606,44,1
sybil_type3,2116,1,1,0.0,0.0,0.0,0.0,0.0,32.9806,44,1
sybil_type3,2117,1,1,0.0,0.0,0.0,0.0,0.0,33.4106,44,1
sybil_type3,2118,1,1,0.0,0.0,0.0,0.0,0.0,34.1106,40,1
sybil_type3,2120,1,1,0.0,0.0,0.0,0.0,0.0,35.8006,45,1
sybil_type3,2121,1,1,0.0,0.0,0.0,0.0,0.0,35.9206,45,1
sybil_type3,2122,1,1,0.0,0.0,0.0,0.0,0.0,36.3506,43,1
sybil_type3,2123,1,1,0.0,0.0,0.0,0.0,0.0,37.0506,41,1
sybil_type3,2125,1,1,0.0,0.0,0.0,0.0,0.0,38.8306,42,1
sybil_type3,2126,1,1,0.0,0.0,0.0,0.0,0.0,38.9506,42,1
sybil_type3,2127,1,1,0.0,0.0,0.0,0.0,0.0,39.3806,46,1
sybil_type3,2128,1,1,0.0,0.0,0.0,0.0,0.0,40.0806,39,1
sybil_type3,2130,1,1,0.0,0.0,0.0,0.0,0.0,41.8606,44,1
sybil_type3,2131,1,1,0.0,0.0,0.0,0.0,0.0,41.9806,44,1
sybil_type3,2132,1,1,0.0,0.0,0.0,0.0,0.0,42.4106,44,1
sybil_type3,2133,1,1,0.0,0.0,0.0,0.0,0.0,43.1106,40,1
sybil_type3,2135,1,1,0.0,0.0,0.0,0.0,0.0,44.8006,45,1
sybil_type3,2136,1,1,0.0,0.0,0.0,0.0,0.0,44.9206,45,1
sybil_type3,2137,1,1,0.0,0.0,0.0,0.0,0.0,45.3506,43,1
sybil_type3,2138,1,1,0.0,0.0,0.0,0.0,0.0,46.0506,41,1
sybil_type3,2140,1,1,0.0,0.0,0.0,0.0,0.0,47.8306,42,1
sybil_type3,2141,1,1,0.0,0.0,0.0,0.0,0.0,47.9506,42,1
sybil_type3,2142,1,1,0.0,0.0,0.0,0.0,0.0,48.3806,46,1
sybil_type3,2143,1,1,0.0,0.0,0.0,0.0,0.0,49.0806,39,1
sybil_type3,2145,1,1,0.0,0.0,0.0,0.0,0.0,50.8606,44,1
sybil_type3,2146,1,1,0.0,0.0,0.0,0.0,0.0,50.9806,44,1
sybil_type3,2147,1,1,0.0,0.0,0.0,0.0,0.0,51.4106,44,1
sybil_type3,2148,1,1,0.0,0.0,0.0,0.0,0.0,52.1106,40,1
sybil_type3,2150,1,1,0.0,0.0,0.0,0.0,0.0,53.8006,45,1
sybil_type3,2151,1,1,0.0,0.0,0.0,0.0,0.0,53.9206,45,1
sybil_type3,2152,1,1,0.0,0.0,0.0,0.0,0.0,54.3506,43,1
sybil_type3,2153,1,1,0.0,0.0,0.0,0.0,0.0,55.0506,41,1
sybil_type3,2155,1,1,0.0,0.0,0.0,0.0,0.0,56.8306,42,1
sybil_type3,2156,1,1,0.0,0.0,0.0,0.0,0.0,56.9506,42,1
sybil_type3,2157,1,1,0.0,0.0,0.0,0.0,0.0,57.3806,46,1
sybil_type3,2158,1,1,0.0,0.0,0.0,0.0,0.0,58.0806,39,1
sybil_type3,2160,1,1,0.0,0.0,0.0,0.0,0.0,59.8606,45,1
sybil_type3,2161,1,1,0.0,0.0,0.0,0.0,0.0,59.9806,45,1
sybil_type3,2162,1,1,0.0,0.0,0.0,0.0,0.0,60.4106,46,1
sybil_type3,2163,1,1,0.0,0.0,0.0,0.0,0.0,61.1106,42,1
sybil_type3,2165,1,1,0.0,0.0,0.0,0.0,0.0,62.8006,45,1
sybil_type3,2166,1,1,0.0,0.0,0.0,0.0,0.0,62.9206,45,1
sybil_type3,2167,1,1,0.0,0.0,0.0,0.0,0.0,63.3506,45,1
sybil_type3,2168,1,1,0.0,0.0,0.0,0.0,0.0,64.0506,43,1
sybil_type3,2171,1,1,0.0,0.0,0.0,0.0,0.0,65.9506,41,1
sybil_type3,2172,1,1,0.0,0.0,0.0,0.0,0.0,66.3806,48,1
sybil_type3,2173,1,1,0.0,0.0,0.0,0.0,0.0,67.0806,41,1
sybil_type3,2176,1,1,0.0,0.0,0.0,0.0,0.0,68.9806,42,1
sybil_type3,2177,1,1,0.0,0.0,0.0,0.0,0.0,69.4106,46,1
sybil_type3,2178,1,1,0.0,0.0,0.0,0.0,0.0,70.1106,42,1
sybil_type3,2180,1,1,0.0,0.0,0.0,0.0,0.0,71.8006,44,1
sybil_type3,2181,1,1,0.0,0.0,0.0,0.0,0.0,71.9206,44,1
sybil_type3,2182,1,1,0.0,0.0,0.0,0.0,0.0,72.3506,45,1
sybil_type3,2183,1,1,0.0,0.0,0.0,0.0,0.0,73.0506,41,1
sybil_type3,2186,1,1,0.0,0.0,0.0,0.0,0.0,74.9506,40,1
sybil_type3,2187,1,1,0.0,0.0,0.0,0.0,0.0,75.3806,45,1
sybil_type3,2188,1,1,0.0,0.0,0.0,0.0,0.0,76.0806,39,1
sybil_type3,2191,1,1,0.0,0.0,0.0,0.0,0.0,77.9806,41,1
sybil_type3,2192,1,1,0.0,0.0,0.0,0.0,0.0,78.4106,42,1
sybil_type3,2193,1,1,0.0,0.0,0.0,0.0,0.0,79.1106,40,1
sybil_type3,2196,1,1,0.0,0.0,0.0,0.0,0.0,80.9206,43,1
sybil_type3,2197,1,1,0.0,0.0,0.0,0.0,0.0,81.3506,42,1
sybil_type3,2215,1,1,0.0,0.0,0.0,0.0,0.0,92.8306,42,1
sybil_type3,2216,1,1,0.0,0.0,0.0,0.0,0.0,92.9506,42,1
sybil_type3,2217,1,1,0.0,0.0,0.0,0.0,0.0,93.3806,46,1
sybil_type3,2218,1,1,0.0,0.0,0.0,0.0,0.0,94.0806,39,1
sybil_type3,2220,1,1,0.0,0.0,0.0,0.0,0.0,95.8606,42,1
sybil_type3,2221,1,1,0.0,0.0,0.0,0.0,0.0,95.9806,42,1
sybil_type3,2222,1,1,0.0,0.0,0.0,0.0,0.0,96.4106,42,1
sybil_type3,2223,1,1,0.0,0.0,0.0,0.0,0.0,97.1106,40,1
sybil_type3,2225,1,1,0.0,0.0,0.0,0.0,0.0,98.8006,43,1
sybil_type3,2226,1,1,0.0,0.0,0.0,0.0,0.0,98.9206,43,1
sybil_type3,2227,1,1,0.0,0.0,0.0,0.0,0.0,99.3506,42,1
sybil_type3,2228,1,1,0.0,0.0,0.0,0.0,0.0,100.051,41,1
sybil_type3,2230,1,1,0.0,0.0,0.0,0.0,0.0,101.831,42,1
sybil_type3,2231,1,1,0.0,0.0,0.0,0.0,0.0,101.951,42,1
sybil_type3,2232,1,1,0.0,0.0,0.0,0.0,0.0,102.381,46,1
sybil_type3,2233,1,1,0.0,0.0,0.0,0.0,0.0,103.081,39,1
sybil_type3,2235,1,1,0.0,0.0,0.0,0.0,0.0,104.861,44,1
sybil_type3,2236,1,1,0.0,0.0,0.0,0.0,0.0,104.981,44,1
sybil_type3,2237,1,1,0.0,0.0,0.0,0.0,0.0,105.411,46,1
sybil_type3,2238,1,1,0.0,0.0,0.0,0.0,0.0,106.111,42,1
sybil_type3,2240,1,1,0.0,0.0,0.0,0.0,0.0,107.801,45,1
sybil_type3,2241,1,1,0.0,0.0,0.0,0.0,0.0,107.921,45,1
sybil_type3,2242,1,1,0.0,0.0,0.0,0.0,0.0,108.351,45,1
sybil_type3,2243,1,1,0.0,0.0,0.0,0.0,0.0,109.051,43,1
sybil_type3,2245,1,1,0.0,0.0,0.0,0.0,0.0,110.831,42,1
sybil_type3,2246,1,1,0.0,0.0,0.0,0.0,0.0,110.951,42,1
sybil_type3,2247,1,1,0.0,0.0,0.0,0.0,0.0,111.381,48,1
sybil_type3,2248,1,1,0.0,0.0,0.0,0.0,0.0,112.081,41,1
sybil_type3,2250,1,1,0.0,0.0,0.0,0.0,0.0,113.861,44,1
sybil_type3,2251,1,1,0.0,0.0,0.0,0.0,0.0,113.981,44,1
sybil_type3,2252,1,1,0.0,0.0,0.0,0.0,0.0,114.411,43,1
sybil_type3,2253,1,1,0.0,0.0,0.0,0.0,0.0,115.111,41,1
sybil_type3,2255,1,1,0.0,0.0,0.0,0.0,0.0,116.801,45,1
sybil_type3,2256,1,1,0.0,0.0,0.0,0.0,0.0,116.921,45,1
sybil_type3,2257,1,1,0.0,0.0,0.0,0.0,0.0,117.351,42,1
sybil_type3,2258,1,1,0.0,0.0,0.0,0.0,0.0,118.051,40,1
sybil_type3,2365,1,1,0.0,0.0,0.0,0.0,0.0,2.9806,30,1
sybil_type3,2366,1,1,0.0,0.0,0.0,0.0,0.0,3.1006,34,1
sybil_type3,2367,1,1,0.0,0.0,0.0,0.0,0.0,3.5306,34,1
sybil_type3,2368,1,1,0.0,0.0,0.0,0.0,0.0,4.2306,34,1
sybil_type3,2370,1,1,0.0,0.0,0.0,0.0,0.0,6.0106,49,1
sybil_type3,2371,1,1,0.0,0.0,0.0,0.0,0.0,6.1306,49,1
sybil_type3,2372,1,1,0.0,0.0,0.0,0.0,0.0,6.5606,49,1
sybil_type3,2373,1,1,0.0,0.0,0.0,0.0,0.0,7.2606,49,1
sybil_type3,2375,1,1,0.0,0.0,0.0,0.0,0.0,8.9506,64,1
sybil_type3,2376,1,1,0.0,0.0,0.0,0.0,0.0,9.0706,48,1
sybil_type3,2377,1,1,0.0,0.0,0.0,0.0,0.0,9.5006,48,1
sybil_type3,2378,1,1,0.0,0.0,0.0,0.0,0.0,10.2006,41,1
sybil_type3,2380,1,1,0.0,0.0,0.0,0.0,0.0,11.9806,42,1
sybil_type3,2381,1,1,0.0,0.0,0.0,0.0,0.0,12.1006,46,1
sybil_type3,2382,1,1,0.0,0.0,0.0,0.0,0.0,12.5306,46,1
sybil_type3,2383,1,1,0.0,0.0,0.0,0.0,0.0,13.2306,39,1
sybil_type3,2385,1,1,0.0,0.0,0.0,0.0,0.0,15.0106,44,1
sybil_type3,2386,1,1,0.0,0.0,0.0,0.0,0.0,15.1306,44,1
sybil_type3,2387,1,1,0.0,0.0,0.0,0.0,0.0,15.5606,44,1
sybil_type3,2388,1,1,0.0,0.0,0.0,0.0,0.0,16.2606,40,1
sybil_type3,2390,1,1,0.0,0.0,0.0,0.0,0.0,17.9506,45,1
sybil_type3,2391,1,1,0.0,0.0,0.0,0.0,0.0,18.0706,43,1
sybil_type3,2392,1,1,0.0,0.0,0.0,0.0,0.0,18.5006,43,1
sybil_type3,2393,1,1,0.0,0.0,0.0,0.0,0.0,19.2006,41,1
sybil_type3,2395,1,1,0.0,0.0,0.0,0.0,0.0,20.9806,42,1
sybil_type3,2396,1,1,0.0,0.0,0.0,0.0,0.0,21.1006,46,1
sybil_type3,2397,1,1,0.0,0.0,0.0,0.0,0.0,21.5306,46,1
sybil_type3,2398,1,1,0.0,0.0,0.0,0.0,0.0,22.2306,39,1
sybil_type3,2400,1,1,0.0,0.0,0.0,0.0,0.0,24.0106,44,1
sybil_type3,2401,1,1,0.0,0.0,0.0,0.0,0.0,24.1306,44,1
sybil_type3,2402,1,1,0.0,0.0,0.0,0.0,0.0,24.5606,44,1
sybil_type3,2403,1,1,0.0,0.0,0.0,0.0,0.0,25.2606,40,1
sybil_type3,2405,1,1,0.0,0.0,0.0,0.0,0.0,26.9506,45,1
sybil_type3,2406,1,1,0.0,0.0,0.0,0.0,0.0,27.0706,43,1
sybil_type3,2407,1,1,0.0,0.0,0.0,0.0,0.0,27.5006,43,1
sybil_type3,2408,1,1,0.0,0.0,0.0,0.0,0.0,28.2006,41,1
sybil_type3,2410,1,1,0.0,0.0,0.0,0.0,0.0,29.9806,42,1
sybil_type3,2411,1,1,0.0,0.0,0.0,0.0,0.0,30.1006,46,1
sybil_type3,2412,1,1,0.0,0.0,0.0,0.0,0.0,30.5306,46,1
sybil_type3,2413,1,1,0.0,0.0,0.0,0.0,0.0,31.2306,39,1
sybil_type3,2415,1,1,0.0,0.0,0.0,0.0,0.0,33.0106,44,1
sybil_type3,2416,1,1,0.0,0.0,0.0,0.0,0.0,33.1306,44,1
sybil_type3,2417,1,1,0.0,0.0,0.0,0.0,0.0,33.5606,44,1
sybil_type3,2418,1,1,0.0,0.0,0.0,0.0,0.0,34.2606,40,1
sybil_type3,2420,1,1,0.0,0.0,0.0,0.0,0.0,35.9506,45,1
sybil_type3,2421,1,1,0.0,0.0,0.0,0.0,0.0,36.0706,43,1
sybil_type3,2422,1,1,0.0,0.0,0.0,0.0,0.0,36.5006,43,1
sybil_type3,2423,1,1,0.0,0.0,0.0,0.0,0.0,37.2006,41,1
sybil_type3,2425,1,1,0.0,0.0,0.0,0.0,0.0,38.9806,42,1
sybil_type3,2426,1,1,0.0,0.0,0.0,0.0,0.0,39.1006,46,1
sybil_type3,2427,1,1,0.0,0.0,0.0,0.0,0.0,39.5306,46,1
sybil_type3,2428,1,1,0.0,0.0,0.0,0.0,0.0,40.2306,39,1
sybil_type3,2430,1,1,0.0,0.0,0.0,0.0,0.0,42.0106,44,1
sybil_type3,2431,1,1,0.0,0.0,0.0,0.0,0.0,42.1306,44,1
sybil_type3,2432,1,1,0.0,0.0,0.0,0.0,0.0,42.5606,44,1
sybil_type3,2433,1,1,0.0,0.0,0.0,0.0,0.0,43.2606,40,1
sybil_type3,2435,1,1,0.0,0.0,0.0,0.0,0.0,44.9506,45,1
sybil_type3,2436,2,0,9.999999999621423e-05,9.999999999621423e-05,0.0,0.0,20000.000000757154,45.0707,43,1
sybil_type3,2437,1,1,0.0,0.0,0.0,0.0,0.0,45.5006,43,1
sybil_type3,2438,1,1,0.0,0.0,0.0,0.0,0.0,46.2006,41,1
sybil_type3,2440,1,1,0.0,0.0,0.0,0.0,0.0,47.9806,42,1
sybil_type3,2441,1,1,0.0,0.0,0.0,0.0,0.0,48.1006,46,1
sybil_type3,2442,1,1,0.0,0.0,0.0,0.0,0.0,48.5306,46,1
sybil_type3,2443,1,1,0.0,0.0,0.0,0.0,0.0,49.2306,39,1
sybil_type3,2445,1,1,0.0,0.0,0.0,0.0,0.0,51.0106,44,1
sybil_type3,2446,1,1,0.0,0.0,0.0,0.0,0.0,51.1306,44,1
sybil_type3,2447,1,1,0.0,0.0,0.0,0.0,0.0,51.5606,44,1
sybil_type3,2448,1,1,0.0,0.0,0.0,0.0,0.0,52.2606,40,1
sybil_type3,2450,1,1,0.0,0.0,0.0,0.0,0.0,53.9506,45,1
sybil_type3,2451,1,1,0.0,0.0,0.0,0.0,0.0,54.0706,43,1
sybil_type3,2452,1,1,0.0,0.0,0.0,0.0,0.0,54.5006,43,1
sybil_type3,2453,1,1,0.0,0.0,0.0,0.0,0.0,55.2006,41,1
sybil_type3,2455,1,1,0.0,0.0,0.0,0.0,0.0,56.9806,42,1
sybil_type3,2456,1,1,0.0,0.0,0.0,0.0,0.0,57.1006,46,1
sybil_type3,2457,1,1,0.0,0.0,0.0,0.0,0.0,57.5306,46,1
sybil_type3,2458,1,1,0.0,0.0,0.0,0.0,0.0,58.2306,39,1
sybil_type3,2460,1,1,0.0,0.0,0.0,0.0,0.0,60.0106,46,1
sybil_type3,2461,1,1,0.0,0.0,0.0,0.0,0.0,60.1306,46,1
sybil_type3,2462,1,1,0.0,0.0,0.0,0.0,0.0,60.5606,46,1
sybil_type3,2463,1,1,0.0,0.0,0.0,0.0,0.0,61.2606,42,1
sybil_type3,2465,1,1,0.0,0.0,0.0,0.0,0.0,62.9506,45,1
sybil_type3,2466,1,1,0.0,0.0,0.0,0.0,0.0,63.0706,45,1
sybil_type3,2467,1,1,0.0,0.0,0.0,0.0,0.0,63.5006,45,1
sybil_type3,2468,1,1,0.0,0.0,0.0,0.0,0.0,64.2006,43,1
sybil_type3,2470,1,1,0.0,0.0,0.0,0.0,0.0,65.9806,41,1
sybil_type3,2471,1,1,0.0,0.0,0.0,0.0,0.0,66.1006,48,1
sybil_type3,2472,1,1,0.0,0.0,0.0,0.0,0.0,66.5306,48,1
sybil_type3,2473,1,1,0.0,0.0,0.0,0.0,0.0,67.2306,41,1
sybil_type3,2475,1,1,0.0,0.0,0.0,0.0,0.0,69.0106,46,1
sybil_type3,2476,1,1,0.0,0.0,0.0,0.0,0.0,69.1306,46,1
sybil_type3,2477,1,1,0.0,0.0,0.0,0.0,0.0,69.5606,46,1
sybil_type3,2478,1,1,0.0,0.0,0.0,0.0,0.0,70.2606,42,1
sybil_type3,2480,1,1,0.0,0.0,0.0,0.0,0.0,71.9506,44,1
sybil_type3,2481,1,1,0.0,0.0,0.0,0.0,0.0,72.0706,45,1
sybil_type3,2482,1,1,0.0,0.0,0.0,0.0,0.0,72.5006,45,1
sybil_type3,2483,1,1,0.0,0.0,0.0,0.0,0.0,73.2006,41,1
sybil_type3,2485,1,1,0.0,0.0,0.0,0.0,0.0,74.9806,40,1
sybil_type3,2486,1,1,0.0,0.0,0.0,0.0,0.0,75.1006,45,1
sybil_type3,2487,1,1,0.0,0.0,0.0,0.0,0.0,75.5306,45,1
sybil_type3,2488,1,1,0.0,0.0,0.0,0.0,0.0,76.2306,39,1
sybil_type3,2490,1,1,0.0,0.0,0.0,0.0,0.0,78.0106,42,1
sybil_type3,2491,1,1,0.0,0.0,0.0,0.0,0.0,78.1306,42,1
sybil_type3,2492,1,1,0.0,0.0,0.0,0.0,0.0,78.5606,42,1
sybil_type3,2493,1,1,0.0,0.0,0.0,0.0,0.0,79.2606,40,1
sybil_type3,2495,1,1,0.0,0.0,0.0,0.0,0.0,80.9506,43,1
sybil_type3,2496,1,1,0.0,0.0,0.0,0.0,0.0,81.0706,42,1
sybil_type3,2497,1,1,0.0,0.0,0.0,0.0,0.0,81.5006,42,1
sybil_type3,2498,1,1,0.0,0.0,0.0,0.0,0.0,82.2006,40,1
sybil_type3,2500,1,1,0.0,0.0,0.0,0.0,0.0,83.9806,38,1
sybil_type3,2501,1,1,0.0,0.0,0.0,0.0,0.0,84.1006,43,1
sybil_type3,2502,1,1,0.0,0.0,0.0,0.0,0.0,84.5306,43,1
sybil_type3,2503,1,1,0.0,0.0,0.0,0.0,0.0,85.2306,38,1
sybil_type3,2505,1,1,0.0,0.0,0.0,0.0,0.0,87.0106,43,1
sybil_type3,2506,1,1,0.0,0.0,0.0,0.0,0.0,87.1306,43,1
sybil_type3,2507,1,1,0.0,0.0,0.0,0.0,0.0,87.5606,43,1
sybil_type3,2508,1,1,0.0,0.0,0.0,0.0,0.0,88.2606,39,1
sybil_type3,2510,1,1,0.0,0.0,0.0,0.0,0.0,89.9506,43,1
sybil_type3,2511,1,1,0.0,0.0,0.0,0.0,0.0,90.0706,42,1
sybil_type3,2512,1,1,0.0,0.0,0.0,0.0,0.0,90.5006,42,1
sybil_type3,2513,1,1,0.0,0.0,0.0,0.0,0.0,91.2006,40,1
sybil_type3,2515,1,1,0.0,0.0,0.0,0.0,0.0,92.9806,42,1
sybil_type3,2516,1,1,0.0,0.0,0.0,0.0,0.0,93.1006,46,1
sybil_type3,2517,1,1,0.0,0.0,0.0,0.0,0.0,93.5306,46,1
sybil_type3,2518,1,1,0.0,0.0,0.0,0.0,0.0,94.2306,39,1
sybil_type3,2520,1,1,0.0,0.0,0.0,0.0,0.0,96.0106,42,1
sybil_type3,2521,1,1,0.0,0.0,0.0,0.0,0.0,96.1306,42,1
sybil_type3,2522,1,1,0.0,0.0,0.0,0.0,0.0,96.5606,42,1
sybil_type3,2523,1,1,0.0,0.0,0.0,0.0,0.0,97.2606,40,1
sybil_type3,2525,1,1,0.0,0.0,0.0,0.0,0.0,98.9506,43,1
sybil_type3,2526,1,1,0.0,0.0,0.0,0.0,0.0,99.0706,42,1
sybil_type3,2527,1,1,0.0,0.0,0.0,0.0,0.0,99.5006,42,1
sybil_type3,2528,1,1,0.0,0.0,0.0,0.0,0.0,100.201,41,1
sybil_type3,2530,1,1,0.0,0.0,0.0,0.0,0.0,101.981,42,1
sybil_type3,2531,1,1,0.0,0.0,0.0,0.0,0.0,102.101,46,1
sybil_type3,2532,1,1,0.0,0.0,0.0,0.0,0.0,102.531,46,1
sybil_type3,2533,1,1,0.0,0.0,0.0,0.0,0.0,103.231,39,1
sybil_type3,2535,1,1,0.0,0.0,0.0,0.0,0.0,105.011,46,1
sybil_type3,2536,1,1,0.0,0.0,0.0,0.0,0.0,105.131,46,1
sybil_type3,2537,1,1,0.0,0.0,0.0,0.0,0.0,105.561,46,1
sybil_type3,2538,1,1,0.0,0.0,0.0,0.0,0.0,106.261,42,1
sybil_type3,2540,1,1,0.0,0.0,0.0,0.0,0.0,107.951,45,1
sybil_type3,2541,1,1,0.0,0.0,0.0,0.0,0.0,108.071,45,1
sybil_type3,2542,1,1,0.0,0.0,0.0,0.0,0.0,108.501,45,1
sybil_type3,2543,1,1,0.0,0.0,0.0,0.0,0.0,109.201,43,1
sybil_type3,2545,1,1,0.0,0.0,0.0,0.0,0.0,110.981,42,1
sybil_type3,2546,1,1,0.0,0.0,0.0,0.0,0.0,111.101,48,1
sybil_type3,2547,1,1,0.0,0.0,0.0,0.0,0.0,111.531,48,1
sybil_type3,2548,1,1,0.0,0.0,0.0,0.0,0.0,112.231,41,1
sybil_type3,2550,1,1,0.0,0.0,0.0,0.0,0.0,114.011,43,1
sybil_type3,2551,1,1,0.0,0.0,0.0,0.0,0.0,114.131,43,1
sybil_type3,2552,1,1,0.0,0.0,0.0,0.0,0.0,114.561,43,1
sybil_type3,2553,1,1,0.0,0.0,0.0,0.0,0.0,115.261,41,1
sybil_type3,2555,1,1,0.0,0.0,0.0,0.0,0.0,116.951,45,1
sybil_type3,2556,1,1,0.0,0.0,0.0,0.0,0.0,117.071,42,1
sybil_type3,2557,1,1,0.0,0.0,0.0,0.0,0.0,117.501,42,1
sybil_type3,2558,1,1,0.0,0.0,0.0,0.0,0.0,118.201,40,1
sybil_type3,3165,1,1,0.0,0.0,0.0,0.0,0.0,3.3506,34,1
sybil_type3,3166,1,1,0.0,0.0,0.0,0.0,0.0,3.4706,34,1
sybil_type3,3167,1,1,0.0,0.0,0.0,0.0,0.0,3.9006,34,1
sybil_type3,3168,1,1,0.0,0.0,0.0,0.0,0.0,4.6006,34,1
sybil_type3,3170,1,1,0.0,0.0,0.0,0.0,0.0,6.3806,49,1
sybil_type3,3171,1,1,0.0,0.0,0.0,0.0,0.0,6.5006,49,1
sybil_type3,3172,1,1,0.0,0.0,0.0,0.0,0.0,6.9306,49,1
sybil_type3,3173,1,1,0.0,0.0,0.0,0.0,0.0,7.6306,49,1
sybil_type3,3175,1,1,0.0,0.0,0.0,0.0,0.0,9.4106,48,1
sybil_type3,3176,1,1,0.0,0.0,0.0,0.0,0.0,9.5306,48,1
sybil_type3,3177,1,1,0.0,0.0,0.0,0.0,0.0,9.9606,48,1
sybil_type3,3178,1,1,0.0,0.0,0.0,0.0,0.0,10.6606,41,1
sybil_type3,3180,1,1,0.0,0.0,0.0,0.0,0.0,12.3506,46,1
sybil_type3,3181,1,1,0.0,0.0,0.0,0.0,0.0,12.4706,46,1
sybil_type3,3182,1,1,0.0,0.0,0.0,0.0,0.0,12.9006,46,1
sybil_type3,3183,1,1,0.0,0.0,0.0,0.0,0.0,13.6006,39,1
sybil_type3,3185,1,1,0.0,0.0,0.0,0.0,0.0,15.3806,44,1
sybil_type3,3186,1,1,0.0,0.0,0.0,0.0,0.0,15.5006,44,1
sybil_type3,3187,1,1,0.0,0.0,0.0,0.0,0.0,15.9306,44,1
sybil_type3,3188,1,1,0.0,0.0,0.0,0.0,0.0,16.6306,40,1
sybil_type3,3190,1,1,0.0,0.0,0.0,0.0,0.0,18.4106,43,1
sybil_type3,3191,1,1,0.0,0.0,0.0,0.0,0.0,18.5306,43,1
sybil_type3,3192,1,1,0.0,0.0,0.0,0.0,0.0,18.9606,43,1
sybil_type3,3193,1,1,0.0,0.0,0.0,0.0,0.0,19.6606,41,1
sybil_type3,3195,1,1,0.0,0.0,0.0,0.0,0.0,21.3506,46,1
sybil_type3,3196,1,1,0.0,0.0,0.0,0.0,0.0,21.4706,46,1
sybil_type3,3197,1,1,0.0,0.0,0.0,0.0,0.0,21.9006,46,1
sybil_type3,3198,1,1,0.0,0.0,0.0,0.0,0.0,22.6006,39,1
sybil_type3,3200,1,1,0.0,0.0,0.0,0.0,0.0,24.3806,44,1
sybil_type3,3201,1,1,0.0,0.0,0.0,0.0,0.0,24.5006,44,1
sybil_type3,3202,1,1,0.0,0.0,0.0,0.0,0.0,24.9306,44,1
sybil_type3,3203,1,1,0.0,0.0,0.0,0.0,0.0,25.6306,40,1
sybil_type3,3205,1,1,0.0,0.0,0.0,0.0,0.0,27.4106,43,1
sybil_type3,3206,1,1,0.0,0.0,0.0,0.0,0.0,27.5306,43,1
sybil_type3,3207,1,1,0.0,0.0,0.0,0.0,0.0,27.9606,43,1
sybil_type3,3208,1,1,0.0,0.0,0.0,0.0,0.0,28.6606,41,1
sybil_type3,3210,1,1,0.0,0.0,0.0,0.0,0.0,30.3506,46,1
sybil_type3,3211,1,1,0.0,0.0,0.0,0.0,0.0,30.4706,46,1
sybil_type3,3212,1,1,0.0,0.0,0.0,0.0,0.0,30.9006,46,1
sybil_type3,3213,1,1,0.0,0.0,0.0,0.0,0.0,31.6006,39,1
sybil_type3,3215,1,1,0.0,0.0,0.0,0.0,0.0,33.3806,44,1
sybil_type3,3216,1,1,0.0,0.0,0.0,0.0,0.0,33.5006,44,1
sybil_type3,3217,1,1,0.0,0.0,0.0,0.0,0.0,33.9306,44,1
sybil_type3,3218,1,1,0.0,0.0,0.0,0.0,0.0,34.6306,40,1
sybil_type3,3220,1,1,0.0,0.0,0.0,0.0,0.0,36.4106,43,1
sybil_type3,3221,1,1,0.0,0.0,0.0,0.0,0.0,36.5306,43,1
sybil_type3,3222,1,1,0.0,0.0,0.0,0.0,0.0,36.9606,43,1
sybil_type3,3223,1,1,0.0,0.0,0.0,0.0,0.0,37.6606,41,1
sybil_type3,3225,1,1,0.0,0.0,0.0,0.0,0.0,39.3506,46,1
sybil_type3,3226,1,1,0.0,0.0,0.0,0.0,0.0,39.4706,46,1
sybil_type3,3227,1,1,0.0,0.0,0.0,0.0,0.0,39.9006,46,1
sybil_type3,3228,1,1,0.0,0.0,0.0,0.0,0.0,40.6006,39,1
sybil_type3,3230,1,1,0.0,0.0,0.0,0.0,0.0,42.3806,44,1
sybil_type3,3231,1,1,0.0,0.0,0.0,0.0,0.0,42.5006,44,1
sybil_type3,3232,1,1,0.0,0.0,0.0,0.0,0.0,42.9306,44,1
sybil_type3,3233,1,1,0.0,0.0,0.0,0.0,0.0,43.6306,40,1
sybil_type3,3235,1,1,0.0,0.0,0.0,0.0,0.0,45.4106,43,1
sybil_type3,3236,1,1,0.0,0.0,0.0,0.0,0.0,45.5306,43,1
sybil_type3,3237,1,1,0.0,0.0,0.0,0.0,0.0,45.9606,43,1
sybil_type3,3238,1,1,0.0,0.0,0.0,0.0,0.0,46.6606,41,1
sybil_type3,3240,1,1,0.0,0.0,0.0,0.0,0.0,48.3506,46,1
sybil_type3,3241,1,1,0.0,0.0,0.0,0.0,0.0,48.4706,46,1
sybil_type3,3242,1,1,0.0,0.0,0.0,0.0,0.0,48.9006,46,1
sybil_type3,3243,1,1,0.0,0.0,0.0,0.0,0.0,49.6006,39,1
sybil_type3,3245,1,1,0.0,0.0,0.0,0.0,0.0,51.3806,44,1
sybil_type3,3246,1,1,0.0,0.0,0.0,0.0,0.0,51.5006,44,1
sybil_type3,3247,1,1,0.0,0.0,0.0,0.0,0.0,51.9306,44,1
sybil_type3,3248,1,1,0.0,0.0,0.0,0.0,0.0,52.6306,40,1
sybil_type3,3250,1,1,0.0,0.0,0.0,0.0,0.0,54.4106,43,1
sybil_type3,3251,1,1,0.0,0.0,0.0,0.0,0.0,54.5306,43,1
sybil_type3,3252,1,1,0.0,0.0,0.0,0.0,0.0,54.9606,43,1
sybil_type3,3253,1,1,0.0,0.0,0.0,0.0,0.0,55.6606,41,1
sybil_type3,3255,1,1,0.0,0.0,0.0,0.0,0.0,57.3506,46,1
sybil_type3,3256,1,1,0.0,0.0,0.0,0.0,0.0,57.4706,46,1
sybil_type3,3257,1,1,0.0,0.0,0.0,0.0,0.0,57.9006,46,1
sybil_type3,3258,1,1,0.0,0.0,0.0,0.0,0.0,58.6006,39,1
sybil_type3,3260,1,1,0.0,0.0,0.0,0.0,0.0,60.3806,46,1
sybil_type3,3261,1,1,0.0,0.0,0.0,0.0,0.0,60.5006,46,1
sybil_type3,3262,1,1,0.0,0.0,0.0,0.0,0.0,60.9306,46,1
sybil_type3,3263,1,1,0.0,0.0,0.0,0.0,0.0,61.6306,42,1
sybil_type3,3265,1,1,0.0,0.0,0.0,0.0,0.0,63.4106,45,1
sybil_type3,3266,1,1,0.0,0.0,0.0,0.0,0.0,63.5306,45,1
sybil_type3,3267,1,1,0.0,0.0,0.0,0.0,0.0,63.9606,45,1
sybil_type3,3268,1,1,0.0,0.0,0.0,0.0,0.0,64.6606,43,1
sybil_type3,3270,1,1,0.0,0.0,0.0,0.0,0.0,66.3506,48,1
sybil_type3,3271,1,1,0.0,0.0,0.0,0.0,0.0,66.4706,48,1
sybil_type3,3272,1,1,0.0,0.0,0.0,0.0,0.0,66.9006,48,1
sybil_type3,3273,1,1,0.0,0.0,0.0,0.0,0.0,67.6006,41,1
sybil_type3,3275,1,1,0.0,0.0,0.0,0.0,0.0,69.3806,46,1
sybil_type3,3276,1,1,0.0,0.0,0.0,0.0,0.0,69.5006,46,1
sybil_type3,3277,1,1,0.0,0.0,0.0,0.0,0.0,69.9306,46,1
sybil_type3,3278,1,1,0.0,0.0,0.0,0.0,0.0,70.6306,42,1
sybil_type3,3280,1,1,0.0,0.0,0.0,0.0,0.0,72.4106,45,1
sybil_type3,3281,1,1,0.0,0.0,0.0,0.0,0.0,72.5306,45,1
sybil_type3,3282,1,1,0.0,0.0,0.0,0.0,0.0,72.9606,45,1
sybil_type3,3283,1,1,0.0,0.0,0.0,0.0,0.0,73.6606,41,1
sybil_type3,3285,1,1,0.0,0.0,0.0,0.0,0.0,75.3506,45,1
sybil_type3,3286,1,1,0.0,0.0,0.0,0.0,0.0,75.4706,45,1
sybil_type3,3287,1,1,0.0,0.0,0.0,0.0,0.0,75.9006,45,1
sybil_type3,3288,1,1,0.0,0.0,0.0,0.0,0.0,76.6006,39,1
sybil_type3,3290,1,1,0.0,0.0,0.0,0.0,0.0,78.3806,42,1
sybil_type3,3291,1,1,0.0,0.0,0.0,0.0,0.0,78.5006,42,1
sybil_type3,3292,1,1,0.0,0.0,0.0,0.0,0.0,78.9306,42,1
sybil_type3,3293,1,1,0.0,0.0,0.0,0.0,0.0,79.6306,40,1
sybil_type3,3295,1,1,0.0,0.0,0.0,0.0,0.0,81.4106,42,1
sybil_type3,3296,1,1,0.0,0.0,0.0,0.0,0.0,81.5306,42,1
sybil_type3,3297,1,1,0.0,0.0,0.0,0.0,0.0,81.9606,42,1
sybil_type3,3298,1,1,0.0,0.0,0.0,0.0,0.0,82.6606,40,1
sybil_type3,3300,1,1,0.0,0.0,0.0,0.0,0.0,84.3506,43,1
sybil_type3,3301,1,1,0.0,0.0,0.0,0.0,0.0,84.4706,43,1
sybil_type3,3302,1,1,0.0,0.0,0.0,0.0,0.0,84.9006,43,1
sybil_type3,3303,1,1,0.0,0.0,0.0,0.0,0.0,85.6006,38,1
sybil_type3,3305,1,1,0.0,0.0,0.0,0.0,0.0,87.3806,43,1
sybil_type3,3306,1,1,0.0,0.0,0.0,0.0,0.0,87.5006,43,1
sybil_type3,3307,1,1,0.0,0.0,0.0,0.0,0.0,87.9306,43,1
sybil_type3,3308,1,1,0.0,0.0,0.0,0.0,0.0,88.6306,39,1
sybil_type3,3310,1,1,0.0,0.0,0.0,0.0,0.0,90.4106,42,1
sybil_type3,3311,1,1,0.0,0.0,0.0,0.0,0.0,90.5306,42,1
sybil_type3,3312,1,1,0.0,0.0,0.0,0.0,0.0,90.9606,42,1
sybil_type3,3313,1,1,0.0,0.0,0.0,0.0,0.0,91.6606,40,1
sybil_type3,3315,1,1,0.0,0.0,0.0,0.0,0.0,93.3506,46,1
sybil_type3,3316,1,1,0.0,0.0,0.0,0.0,0.0,93.4706,46,1
sybil_type3,3317,1,1,0.0,0.0,0.0,0.0,0.0,93.9006,46,1
sybil_type3,3318,1,1,0.0,0.0,0.0,0.0,0.0,94.6006,39,1
sybil_type3,3320,1,1,0.0,0.0,0.0,0.0,0.0,96.3806,42,1
sybil_type3,3321,1,1,0.0,0.0,0.0,0.0,0.0,96.5006,42,1
sybil_type3,3322,1,1,0.0,0.0,0.0,0.0,0.0,96.9306,42,1
sybil_type3,3323,1,1,0.0,0.0,0.0,0.0,0.0,97.6306,40,1
sybil_type3,3325,1,1,0.0,0.0,0.0,0.0,0.0,99.4106,42,1
sybil_type3,3326,1,1,0.0,0.0,0.0,0.0,0.0,99.5306,42,1
sybil_type3,3327,1,1,0.0,0.0,0.0,0.0,0.0,99.9606,42,1
sybil_type3,3328,1,1,0.0,0.0,0.0,0.0,0.0,100.661,41,1
sybil_type3,3330,1,1,0.0,0.0,0.0,0.0,0.0,102.351,46,1
sybil_type3,3331,1,1,0.0,0.0,0.0,0.0,0.0,102.471,46,1
sybil_type3,3332,1,1,0.0,0.0,0.0,0.0,0.0,102.901,46,1
sybil_type3,3333,1,1,0.0,0.0,0.0,0.0,0.0,103.601,39,1
sybil_type3,3335,1,1,0.0,0.0,0.0,0.0,0.0,105.381,46,1
sybil_type3,3336,1,1,0.0,0.0,0.0,0.0,0.0,105.501,46,1
sybil_type3,3337,1,1,0.0,0.0,0.0,0.0,0.0,105.931,46,1
sybil_type3,3338,1,1,0.0,0.0,0.0,0.0,0.0,106.631,42,1
sybil_type3,3340,1,1,0.0,0.0,0.0,0.0,0.0,108.411,45,1
sybil_type3,3341,1,1,0.0,0.0,0.0,0.0,0.0,108.531,45,1
sybil_type3,3342,1,1,0.0,0.0,0.0,0.0,0.0,108.961,45,1
sybil_type3,3343,1,1,0.0,0.0,0.0,0.0,0.0,109.661,43,1
sybil_type3,3345,1,1,0.0,0.0,0.0,0.0,0.0,111.351,48,1
sybil_type3,3346,1,1,0.0,0.0,0.0,0.0,0.0,111.471,48,1
sybil_type3,3347,1,1,0.0,0.0,0.0,0.0,0.0,111.901,48,1
sybil_type3,3348,1,1,0.0,0.0,0.0,0.0,0.0,112.601,41,1
sybil_type3,3965,1,1,0.0,0.0,0.0,0.0,0.0,3.8106,34,1
sybil_type3,3966,1,1,0.0,0.0,0.0,0.0,0.0,3.9306,34,1
sybil_type3,3967,1,1,0.0,0.0,0.0,0.0,0.0,4.3606,34,1
sybil_type3,3968,1,1,0.0,0.0,0.0,0.0,0.0,5.0606,46,1
sybil_type3,3970,1,1,0.0,0.0,0.0,0.0,0.0,6.7506,49,1
sybil_type3,3971,1,1,0.0,0.0,0.0,0.0,0.0,6.8706,49,1
sybil_type3,3972,1,1,0.0,0.0,0.0,0.0,0.0,7.3006,49,1
sybil_type3,3973,1,1,0.0,0.0,0.0,0.0,0.0,8.0006,64,1
sybil_type3,3975,1,1,0.0,0.0,0.0,0.0,0.0,9.7806,48,1
sybil_type3,3976,1,1,0.0,0.0,0.0,0.0,0.0,9.9006,48,1
sybil_type3,3977,1,1,0.0,0.0,0.0,0.0,0.0,10.3306,41,1
sybil_type3,3978,1,1,0.0,0.0,0.0,0.0,0.0,11.0306,42,1
sybil_type3,3980,1,1,0.0,0.0,0.0,0.0,0.0,12.8106,46,1
sybil_type3,3981,1,1,0.0,0.0,0.0,0.0,0.0,12.9306,46,1
sybil_type3,3982,1,1,0.0,0.0,0.0,0.0,0.0,13.3606,39,1
sybil_type3,3983,1,1,0.0,0.0,0.0,0.0,0.0,14.0606,44,1
sybil_type3,3985,1,1,0.0,0.0,0.0,0.0,0.0,15.7506,44,1
sybil_type3,3986,1,1,0.0,0.0,0.0,0.0,0.0,15.8706,44,1
sybil_type3,3987,1,1,0.0,0.0,0.0,0.0,0.0,16.3006,40,1
sybil_type3,3988,1,1,0.0,0.0,0.0,0.0,0.0,17.0006,45,1
sybil_type3,3990,1,1,0.0,0.0,0.0,0.0,0.0,18.7806,43,1
sybil_type3,3991,1,1,0.0,0.0,0.0,0.0,0.0,18.9006,43,1
sybil_type3,3992,1,1,0.0,0.0,0.0,0.0,0.0,19.3306,41,1
sybil_type3,3993,1,1,0.0,0.0,0.0,0.0,0.0,20.0306,42,1
sybil_type3,3995,1,1,0.0,0.0,0.0,0.0,0.0,21.8106,46,1
sybil_type3,3996,1,1,0.0,0.0,0.0,0.0,0.0,21.9306,46,1
sybil_type3,3997,1,1,0.0,0.0,0.0,0.0,0.0,22.3606,39,1
sybil_type3,3998,1,1,0.0,0.0,0.0,0.0,0.0,23.0606,44,1
sybil_type3,4000,1,1,0.0,0.0,0.0,0.0,0.0,24.7506,44,1
sybil_type3,4001,1,1,0.0,0.0,0.0,0.0,0.0,24.8706,44,1
sybil_type3,4002,1,1,0.0,0.0,0.0,0.0,0.0,25.3006,40,1
sybil_type3,4003,1,1,0.0,0.0,0.0,0.0,0.0,26.0006,45,1
sybil_type3,4005,1,1,0.0,0.0,0.0,0.0,0.0,27.7806,43,1
sybil_type3,4006,1,1,0.0,0.0,0.0,0.0,0.0,27.9006,43,1
sybil_type3,4007,1,1,0.0,0.0,0.0,0.0,0.0,28.3306,41,1
sybil_type3,4008,1,1,0.0,0.0,0.0,0.0,0.0,29.0306,42,1
sybil_type3,4010,1,1,0.0,0.0,0.0,0.0,0.0,30.8106,46,1
sybil_type3,4011,1,1,0.0,0.0,0.0,0.0,0.0,30.9306,46,1
sybil_type3,4012,1,1,0.0,0.0,0.0,0.0,0.0,31.3606,39,1
sybil_type3,4013,1,1,0.0,0.0,0.0,0.0,0.0,32.0606,44,1
sybil_type3,4015,1,1,0.0,0.0,0.0,0.0,0.0,33.7506,44,1
sybil_type3,4016,1,1,0.0,0.0,0.0,0.0,0.0,33.8706,44,1
sybil_type3,4017,1,1,0.0,0.0,0.0,0.0,0.0,34.3006,40,1
sybil_type3,4018,1,1,0.0,0.0,0.0,0.0,0.0,35.0006,45,1
sybil_type3,4020,1,1,0.0,0.0,0.0,0.0,0.0,36.7806,43,1
sybil_type3,4021,1,1,0.0,0.0,0.0,0.0,0.0,36.9006,43,1
sybil_type3,4022,1,1,0.0,0.0,0.0,0.0,0.0,37.3306,41,1
sybil_type3,4023,1,1,0.0,0.0,0.0,0.0,0.0,38.0306,42,1
sybil_type3,4025,1,1,0.0,0.0,0.0,0.0,0.0,39.8106,46,1
sybil_type3,4026,1,1,0.0,0.0,0.0,0.0,0.0,39.9306,46,1
sybil_type3,4027,1,1,0.0,0.0,0.0,0.0,0.0,40.3606,39,1
sybil_type3,4028,1,1,0.0,0.0,0.0,0.0,0.0,41.0606,44,1
sybil_type3,4030,1,1,0.0,0.0,0.0,0.0,0.0,42.7506,44,1
sybil_type3,4031,1,1,0.0,0.0,0.0,0.0,0.0,42.8706,44,1
sybil_type3,4032,1,1,0.0,0.0,0.0,0.0,0.0,43.3006,40,1
sybil_type3,4033,1,1,0.0,0.0,0.0,0.0,0.0,44.0006,45,1
sybil_type3,4035,1,1,0.0,0.0,0.0,0.0,0.0,45.7806,43,1
sybil_type3,4036,1,1,0.0,0.0,0.0,0.0,0.0,45.9006,43,1
sybil_type3,4037,1,1,0.0,0.0,0.0,0.0,0.0,46.3306,41,1
sybil_type3,4038,1,1,0.0,0.0,0.0,0.0,0.0,47.0306,42,1
sybil_type3,4040,1,1,0.0,0.0,0.0,0.0,0.0,48.8106,46,1
sybil_type3,4041,1,1,0.0,0.0,0.0,0.0,0.0,48.9306,46,1
sybil_type3,4042,1,1,0.0,0.0,0.0,0.0,0.0,49.3606,39,1
sybil_type3,4043,1,1,0.0,0.0,0.0,0.0,0.0,50.0606,44,1
sybil_type3,4045,1,1,0.0,0.0,0.0,0.0,0.0,51.7506,44,1
sybil_type3,4046,1,1,0.0,0.0,0.0,0.0,0.0,51.8706,44,1
sybil_type3,4047,1,1,0.0,0.0,0.0,0.0,0.0,52.3006,40,1
sybil_type3,4048,1,1,0.0,0.0,0.0,0.0,0.0,53.0006,45,1
sybil_type3,4050,1,1,0.0,0.0,0.0,0.0,0.0,54.7806,43,1
sybil_type3,4051,1,1,0.0,0.0,0.0,0.0,0.0,54.9006,43,1
sybil_type3,4052,1,1,0.0,0.0,0.0,0.0,0.0,55.3306,41,1
sybil_type3,4053,1,1,0.0,0.0,0.0,0.0,0.0,56.0306,42,1
sybil_type3,4055,1,1,0.0,0.0,0.0,0.0,0.0,57.8106,46,1
sybil_type3,4056,1,1,0.0,0.0,0.0,0.0,0.0,57.9306,46,1
sybil_type3,4057,1,1,0.0,0.0,0.0,0.0,0.0,58.3606,39,1
sybil_type3,4058,1,1,0.0,0.0,0.0,0.0,0.0,59.0606,45,1
sybil_type3,4060,1,1,0.0,0.0,0.0,0.0,0.0,60.7506,46,1
sybil_type3,4061,1,1,0.0,0.0,0.0,0.0,0.0,60.8706,46,1
sybil_type3,4062,1,1,0.0,0.0,0.0,0.0,0.0,61.3006,42,1
sybil_type3,4063,1,1,0.0,0.0,0.0,0.0,0.0,62.0006,45,1
sybil_type3,4065,1,1,0.0,0.0,0.0,0.0,0.0,63.7806,45,1
sybil_type3,4066,1,1,0.0,0.0,0.0,0.0,0.0,63.9006,45,1
sybil_type3,4067,1,1,0.0,0.0,0.0,0.0,0.0,64.3306,43,1
sybil_type3,4068,1,1,0.0,0.0,0.0,0.0,0.0,65.0306,41,1
sybil_type3,4070,1,1,0.0,0.0,0.0,0.0,0.0,66.8106,48,1
sybil_type3,4071,1,1,0.0,0.0,0.0,0.0,0.0,66.9306,48,1
sybil_type3,4072,1,1,0.0,0.0,0.0,0.0,0.0,67.3606,41,1
sybil_type3,4073,1,1,0.0,0.0,0.0,0.0,0.0,68.0606,42,1
sybil_type3,4075,1,1,0.0,0.0,0.0,0.0,0.0,69.7506,46,1
sybil_type3,4076,1,1,0.0,0.0,0.0,0.0,0.0,69.8706,46,1
sybil_type3,4077,1,1,0.0,0.0,0.0,0.0,0.0,70.3006,42,1
sybil_type3,4078,1,1,0.0,0.0,0.0,0.0,0.0,71.0006,44,1
sybil_type3,4080,1,1,0.0,0.0,0.0,0.0,0.0,72.7806,45,1
sybil_type3,4081,1,1,0.0,0.0,0.0,0.0,0.0,72.9006,45,1
sybil_type3,4082,1,1,0.0,0.0,0.0,0.0,0.0,73.3306,41,1
sybil_type3,4083,1,1,0.0,0.0,0.0,0.0,0.0,74.0306,40,1
sybil_type3,4085,1,1,0.0,0.0,0.0,0.0,0.0,75.8106,45,1
sybil_type3,4086,1,1,0.0,0.0,0.0,0.0,0.0,75.9306,45,1
sybil_type3,4087,1,1,0.0,0.0,0.0,0.0,0.0,76.3606,39,1
sybil_type3,4088,1,1,0.0,0.0,0.0,0.0,0.0,77.0606,41,1
sybil_type3,4090,1,1,0.0,0.0,0.0,0.0,0.0,78.7506,42,1
sybil_type3,4091,1,1,0.0,0.0,0.0,0.0,0.0,78.8706,42,1
sybil_type3,4092,1,1,0.0,0.0,0.0,0.0,0.0,79.3006,40,1
sybil_type3,4093,1,1,0.0,0.0,0.0,0.0,0.0,80.0006,43,1
sybil_type3,4095,1,1,0.0,0.0,0.0,0.0,0.0,81.7806,42,1
sybil_type3,4096,1,1,0.0,0.0,0.0,0.0,0.0,81.9006,42,1
sybil_type3,4097,1,1,0.0,0.0,0.0,0.0,0.0,82.3306,40,1
sybil_type3,4098,1,1,0.0,0.0,0.0,0.0,0.0,83.0306,38,1
sybil_type3,4100,1,1,0.0,0.0,0.0,0.0,0.0,84.8106,43,1
sybil_type3,4101,1,1,0.0,0.0,0.0,0.0,0.0,84.9306,43,1
sybil_type3,4102,1,1,0.0,0.0,0.0,0.0,0.0,85.3606,38,1
sybil_type3,4103,1,1,0.0,0.0,0.0,0.0,0.0,86.0606,42,1
sybil_type3,4105,1,1,0.0,0.0,0.0,0.0,0.0,87.7506,43,1
sybil_type3,4106,1,1,0.0,0.0,0.0,0.0,0.0,87.8706,43,1
sybil_type3,4107,1,1,0.0,0.0,0.0,0.0,0.0,88.3006,39,1
sybil_type3,4108,1,1,0.0,0.0,0.0,0.0,0.0,89.0006,43,1
sybil_type3,4110,1,1,0.0,0.0,0.0,0.0,0.0,90.7806,42,1
sybil_type3,4111,1,1,0.0,0.0,0.0,0.0,0.0,90.9006,42,1
sybil_type3,4112,1,1,0.0,0.0,0.0,0.0,0.0,91.3306,40,1
sybil_type3,4113,1,1,0.0,0.0,0.0,0.0,0.0,92.0306,42,1
sybil_type3,4115,1,1,0.0,0.0,0.0,0.0,0.0,93.8106,46,1
sybil_type3,4116,1,1,0.0,0.0,0.0,0.0,0.0,93.9306,46,1
sybil_type3,4117,1,1,0.0,0.0,0.0,0.0,0.0,94.3606,39,1
sybil_type3,4118,1,1,0.0,0.0,0.0,0.0,0.0,95.0606,42,1
sybil_type3,4120,1,1,0.0,0.0,0.0,0.0,0.0,96.7506,42,1
sybil_type3,4121,1,1,0.0,0.0,0.0,0.0,0.0,96.8706,42,1
sybil_type3,4122,1,1,0.0,0.0,0.0,0.0,0.0,97.3006,40,1
sybil_type3,4123,1,1,0.0,0.0,0.0,0.0,0.0,98.0006,43,1
sybil_type3,4125,1,1,0.0,0.0,0.0,0.0,0.0,99.7806,42,1
sybil_type3,4126,1,1,0.0,0.0,0.0,0.0,0.0,99.9006,42,1
sybil_type3,4127,1,1,0.0,0.0,0.0,0.0,0.0,100.331,41,1
sybil_type3,4128,1,1,0.0,0.0,0.0,0.0,0.0,101.031,42,1
sybil_type3,4130,1,1,0.0,0.0,0.0,0.0,0.0,102.811,46,1
sybil_type3,4131,1,1,0.0,0.0,0.0,0.0,0.0,102.931,46,1
sybil_type3,4132,1,1,0.0,0.0,0.0,0.0,0.0,103.361,39,1
sybil_type3,4133,1,1,0.0,0.0,0.0,0.0,0.0,104.061,44,1
sybil_type3,4135,1,1,0.0,0.0,0.0,0.0,0.0,105.751,46,1
sybil_type3,4136,1,1,0.0,0.0,0.0,0.0,0.0,105.871,46,1
sybil_type3,4137,1,1,0.0,0.0,0.0,0.0,0.0,106.301,42,1
sybil_type3,4138,1,1,0.0,0.0,0.0,0.0,0.0,107.001,45,1
sybil_type3,4140,1,1,0.0,0.0,0.0,0.0,0.0,108.781,45,1
sybil_type3,4141,1,1,0.0,0.0,0.0,0.0,0.0,108.901,45,1
sybil_type3,4142,1,1,0.0,0.0,0.0,0.0,0.0,109.331,43,1
sybil_type3,4143,1,1,0.0,0.0,0.0,0.0,0.0,110.031,42,1
sybil_type3,4145,1,1,0.0,0.0,0.0,0.0,0.0,111.811,48,1
sybil_type3,4146,1,1,0.0,0.0,0.0,0.0,0.0,111.931,48,1
sybil_type3,4147,1,1,0.0,0.0,0.0,0.0,0.0,112.361,41,1
sybil_type3,4148,1,1,0.0,0.0,0.0,0.0,0.0,113.061,44,1
sybil_type3,4150,1,1,0.0,0.0,0.0,0.0,0.0,114.751,43,1
sybil_type3,4151,1,1,0.0,0.0,0.0,0.0,0.0,114.871,43,1
sybil_type3,4152,1,1,0.0,0.0,0.0,0.0,0.0,115.301,41,1
sybil_type3,4153,1,1,0.0,0.0,0.0,0.0,0.0,116.001,45,1
sybil_type3,4155,1,1,0.0,0.0,0.0,0.0,0.0,117.781,42,1
sybil_type3,4156,1,1,0.0,0.0,0.0,0.0,0.0,117.901,42,1
sybil_type3,4157,1,1,0.0,0.0,0.0,0.0,0.0,118.331,40,1
sybil_type3,4158,1,1,0.0,0.0,0.0,0.0,0.0,119.031,32,1
sybil_type3,4265,1,1,0.0,0.0,0.0,0.0,0.0,3.9606,34,1
sybil_type3,4266,1,1,0.0,0.0,0.0,0.0,0.0,4.0806,34,1
sybil_type3,4267,1,1,0.0,0.0,0.0,0.0,0.0,4.5106,34,1
sybil_type3,4268,1,1,0.0,0.0,0.0,0.0,0.0,5.2106,46,1
sybil_type3,4270,1,1,0.0,0.0,0.0,0.0,0.0,6.9006,49,1
sybil_type3,4271,1,1,0.0,0.0,0.0,0.0,0.0,7.0206,49,1
sybil_type3,4272,1,1,0.0,0.0,0.0,0.0,0.0,7.4506,49,1
sybil_type3,4273,1,1,0.0,0.0,0.0,0.0,0.0,8.1506,64,1
sybil_type3,4275,1,1,0.0,0.0,0.0,0.0,0.0,9.9306,48,1
sybil_type3,4276,1,1,0.0,0.0,0.0,0.0,0.0,10.0506,41,1
sybil_type3,4277,1,1,0.0,0.0,0.0,0.0,0.0,10.4806,41,1
sybil_type3,4278,1,1,0.0,0.0,0.0,0.0,0.0,11.1806,42,1
sybil_type3,4280,1,1,0.0,0.0,0.0,0.0,0.0,12.9606,46,1
sybil_type3,4281,1,1,0.0,0.0,0.0,0.0,0.0,13.0806,39,1
sybil_type3,4282,1,1,0.0,0.0,0.0,0.0,0.0,13.5106,39,1
sybil_type3,4283,1,1,0.0,0.0,0.0,0.0,0.0,14.2106,44,1
sybil_type3,4285,1,1,0.0,0.0,0.0,0.0,0.0,15.9006,44,1
sybil_type3,4286,1,1,0.0,0.0,0.0,0.0,0.0,16.0206,40,1
sybil_type3,4287,1,1,0.0,0.0,0.0,0.0,0.0,16.4506,40,1
sybil_type3,4288,1,1,0.0,0.0,0.0,0.0,0.0,17.1506,45,1
sybil_type3,4290,1,1,0.0,0.0,0.0,0.0,0.0,18.9306,43,1
sybil_type3,4291,1,1,0.0,0.0,0.0,0.0,0.0,19.0506,41,1
sybil_type3,4292,1,1,0.0,0.0,0.0,0.0,0.0,19.4806,41,1
sybil_type3,4293,1,1,0.0,0.0,0.0,0.0,0.0,20.1806,42,1
sybil_type3,4295,1,1,0.0,0.0,0.0,0.0,0.0,21.9606,46,1
sybil_type3,4296,1,1,0.0,0.0,0.0,0.0,0.0,22.0806,39,1
sybil_type3,4297,1,1,0.0,0.0,0.0,0.0,0.0,22.5106,39,1
sybil_type3,4298,1,1,0.0,0.0,0.0,0.0,0.0,23.2106,44,1
sybil_type3,4300,1,1,0.0,0.0,0.0,0.0,0.0,24.9006,44,1
sybil_type3,4301,1,1,0.0,0.0,0.0,0.0,0.0,25.0206,40,1
sybil_type3,4302,1,1,0.0,0.0,0.0,0.0,0.0,25.4506,40,1
sybil_type3,4303,1,1,0.0,0.0,0.0,0.0,0.0,26.1506,45,1
sybil_type3,4305,1,1,0.0,0.0,0.0,0.0,0.0,27.9306,43,1
sybil_type3,4306,1,1,0.0,0.0,0.0,0.0,0.0,28.0506,41,1
sybil_type3,4307,1,1,0.0,0.0,0.0,0.0,0.0,28.4806,41,1
sybil_type3,4308,1,1,0.0,0.0,0.0,0.0,0.0,29.1806,42,1
sybil_type3,4310,1,1,0.0,0.0,0.0,0.0,0.0,30.9606,46,1
sybil_type3,4311,1,1,0.0,0.0,0.0,0.0,0.0,31.0806,39,1
sybil_type3,4312,1,1,0.0,0.0,0.0,0.0,0.0,31.5106,39,1
sybil_type3,4313,1,1,0.0,0.0,0.0,0.0,0.0,32.2106,44,1
sybil_type3,4315,1,1,0.0,0.0,0.0,0.0,0.0,33.9006,44,1
sybil_type3,4316,1,1,0.0,0.0,0.0,0.0,0.0,34.0206,40,1
sybil_type3,4317,1,1,0.0,0.0,0.0,0.0,0.0,34.4506,40,1
sybil_type3,4318,1,1,0.0,0.0,0.0,0.0,0.0,35.1506,45,1
sybil_type3,4320,1,1,0.0,0.0,0.0,0.0,0.0,36.9306,43,1
sybil_type3,4321,1,1,0.0,0.0,0.0,0.0,0.0,37.0506,41,1
sybil_type3,4322,1,1,0.0,0.0,0.0,0.0,0.0,37.4806,41,1
sybil_type3,4323,1,1,0.0,0.0,0.0,0.0,0.0,38.1806,42,1
sybil_type3,4325,1,1,0.0,0.0,0.0,0.0,0.0,39.9606,46,1
sybil_type3,4326,1,1,0.0,0.0,0.0,0.0,0.0,40.0806,39,1
sybil_type3,4327,1,1,0.0,0.0,0.0,0.0,0.0,40.5106,39,1
sybil_type3,4328,1,1,0.0,0.0,0.0,0.0,0.0,41.2106,44,1
sybil_type3,4330,1,1,0.0,0.0,0.0,0.0,0.0,42.9006,44,1
sybil_type3,4331,1,1,0.0,0.0,0.0,0.0,0.0,43.0206,40,1
sybil_type3,4332,1,1,0.0,0.0,0.0,0.0,0.0,43.4506,40,1
sybil_type3,4333,1,1,0.0,0.0,0.0,0.0,0.0,44.1506,45,1
sybil_type3,4335,1,1,0.0,0.0,0.0,0.0,0.0,45.9306,43,1
sybil_type3,4336,1,1,0.0,0.0,0.0,0.0,0.0,46.0506,41,1
sybil_type3,4337,1,1,0.0,0.0,0.0,0.0,0.0,46.4806,41,1
sybil_type3,4338,1,1,0.0,0.0,0.0,0.0,0.0,47.1806,42,1
sybil_type3,4340,1,1,0.0,0.0,0.0,0.0,0.0,48.9606,46,1
sybil_type3,4341,1,1,0.0,0.0,0.0,0.0,0.0,49.0806,39,1
sybil_type3,4342,1,1,0.0,0.0,0.0,0.0,0.0,49.5106,39,1
sybil_type3,4343,1,1,0.0,0.0,0.0,0.0,0.0,50.2106,44,1
sybil_type3,4345,1,1,0.0,0.0,0.0,0.0,0.0,51.9006,44,1
sybil_type3,4346,1,1,0.0,0.0,0.0,0.0,0.0,52.0206,40,1
sybil_type3,4347,1,1,0.0,0.0,0.0,0.0,0.0,52.4506,40,1
sybil_type3,4348,1,1,0.0,0.0,0.0,0.0,0.0,53.1506,45,1
sybil_type3,4350,1,1,0.0,0.0,0.0,0.0,0.0,54.9306,43,1
sybil_type3,4351,1,1,0.0,0.0,0.0,0.0,0.0,55.0506,41,1
sybil_type3,4352,1,1,0.0,0.0,0.0,0.0,0.0,55.4806,41,1
sybil_type3,4353,1,1,0.0,0.0,0.0,0.0,0.0,56.1806,42,1
sybil_type3,4355,1,1,0.0,0.0,0.0,0.0,0.0,57.9606,46,1
sybil_type3,4356,1,1,0.0,0.0,0.0,0.0,0.0,58.0806,39,1
sybil_type3,4357,1,1,0.0,0.0,0.0,0.0,0.0,58.5106,39,1
sybil_type3,4358,1,1,0.0,0.0,0.0,0.0,0.0,59.2106,45,1
sybil_type3,4360,1,1,0.0,0.0,0.0,0.0,0.0,60.9006,46,1
sybil_type3,4361,1,1,0.0,0.0,0.0,0.0,0.0,61.0206,42,1
sybil_type3,4362,1,1,0.0,0.0,0.0,0.0,0.0,61.4506,42,1
sybil_type3,4363,1,1,0.0,0.0,0.0,0.0,0.0,62.1506,45,1
sybil_type3,4365,1,1,0.0,0.0,0.0,0.0,0.0,63.9306,45,1
sybil_type3,4366,1,1,0.0,0.0,0.0,0.0,0.0,64.0506,43,1
sybil_type3,4367,1,1,0.0,0.0,0.0,0.0,0.0,64.4806,43,1
sybil_type3,4368,1,1,0.0,0.0,0.0,0.0,0.0,65.1806,41,1
sybil_type3,4370,1,1,0.0,0.0,0.0,0.0,0.0,66.9606,48,1
sybil_type3,4371,1,1,0.0,0.0,0.0,0.0,0.0,67.0806,41,1
sybil_type3,4372,1,1,0.0,0.0,0.0,0.0,0.0,67.5106,41,1
sybil_type3,4373,1,1,0.0,0.0,0.0,0.0,0.0,68.2106,42,1
sybil_type3,4375,1,1,0.0,0.0,0.0,0.0,0.0,69.9006,46,1
sybil_type3,4376,1,1,0.0,0.0,0.0,0.0,0.0,70.0206,42,1
sybil_type3,4377,1,1,0.0,0.0,0.0,0.0,0.0,70.4506,42,1
sybil_type3,4378,1,1,0.0,0.0,0.0,0.0,0.0,71.1506,44,1
sybil_type3,4380,1,1,0.0,0.0,0.0,0.0,0.0,72.9306,45,1
sybil_type3,4381,1,1,0.0,0.0,0.0,0.0,0.0,73.0506,41,1
sybil_type3,4382,1,1,0.0,0.0,0.0,0.0,0.0,73.4806,41,1
sybil_type3,4383,1,1,0.0,0.0,0.0,0.0,0.0,74.1806,40,1
sybil_type3,4385,1,1,0.0,0.0,0.0,0.0,0.0,75.9606,45,1
sybil_type3,4386,1,1,0.0,0.0,0.0,0.0,0.0,76.0806,39,1
sybil_type3,4387,1,1,0.0,0.0,0.0,0.0,0.0,76.5106,39,1
sybil_type3,4388,1,1,0.0,0.0,0.0,0.0,0.0,77.2106,41,1
sybil_type3,4390,1,1,0.0,0.0,0.0,0.0,0.0,78.9006,42,1
sybil_type3,4391,1,1,0.0,0.0,0.0,0.0,0.0,79.0206,40,1
sybil_type3,4392,1,1,0.0,0.0,0.0,0.0,0.0,79.4506,40,1
sybil_type3,4393,1,1,0.0,0.0,0.0,0.0,0.0,80.1506,43,1
sybil_type3,4395,1,1,0.0,0.0,0.0,0.0,0.0,81.9306,42,1
sybil_type3,4396,1,1,0.0,0.0,0.0,0.0,0.0,82.0506,40,1
sybil_type3,4397,1,1,0.0,0.0,0.0,0.0,0.0,82.4806,40,1
sybil_type3,4398,1,1,0.0,0.0,0.0,0.0,0.0,83.1806,38,1
sybil_type3,4400,1,1,0.0,0.0,0.0,0.0,0.0,84.9606,43,1
sybil_type3,4401,1,1,0.0,0.0,0.0,0.0,0.0,85.0806,38,1
sybil_type3,4402,1,1,0.0,0.0,0.0,0.0,0.0,85.5106,38,1
sybil_type3,4403,1,1,0.0,0.0,0.0,0.0,0.0,86.2106,42,1
sybil_type3,4405,1,1,0.0,0.0,0.0,0.0,0.0,87.9006,43,1
sybil_type3,4406,1,1,0.0,0.0,0.0,0.0,0.0,88.0206,39,1
sybil_type3,4407,1,1,0.0,0.0,0.0,0.0,0.0,88.4506,39,1
sybil_type3,4408,1,1,0.0,0.0,0.0,0.0,0.0,89.1506,43,1
sybil_type3,4410,1,1,0.0,0.0,0.0,0.0,0.0,90.9306,42,1
sybil_type3,4411,1,1,0.0,0.0,0.0,0.0,0.0,91.0506,40,1
sybil_type3,4412,1,1,0.0,0.0,0.0,0.0,0.0,91.4806,40,1
sybil_type3,4413,1,1,0.0,0.0,0.0,0.0,0.0,92.1806,42,1
sybil_type3,4415,1,1,0.0,0.0,0.0,0.0,0.0,93.9606,46,1
sybil_type3,4416,1,1,0.0,0.0,0.0,0.0,0.0,94.0806,39,1
sybil_type3,4417,1,1,0.0,0.0,0.0,0.0,0.0,94.5106,39,1
sybil_type3,4418,1,1,0.0,0.0,0.0,0.0,0.0,95.2106,42,1
sybil_type3,4420,1,1,0.0,0.0,0.0,0.0,0.0,96.9006,42,1
sybil_type3,4421,1,1,0.0,0.0,0.0,0.0,0.0,97.0206,40,1
sybil_type3,4422,1,1,0.0,0.0,0.0,0.0,0.0,97.4506,40,1
sybil_type3,4423,1,1,0.0,0.0,0.0,0.0,0.0,98.1506,43,1
sybil_type3,4425,1,1,0.0,0.0,0.0,0.0,0.0,99.9306,42,1
sybil_type3,4426,1,1,0.0,0.0,0.0,0.0,0.0,100.051,41,1
sybil_type3,4427,1,1,0.0,0.0,0.0,0.0,0.0,100.481,41,1
sybil_type3,4428,1,1,0.0,0.0,0.0,0.0,0.0,101.181,42,1
sybil_type3,4430,1,1,0.0,0.0,0.0,0.0,0.0,102.961,46,1
sybil_type3,4431,1,1,0.0,0.0,0.0,0.0,0.0,103.081,39,1
sybil_type3,4432,1,1,0.0,0.0,0.0,0.0,0.0,103.511,39,1
sybil_type3,4433,1,1,0.0,0.0,0.0,0.0,0.0,104.211,44,1
sybil_type3,4435,1,1,0.0,0.0,0.0,0.0,0.0,105.901,46,1
sybil_type3,4436,1,1,0.0,0.0,0.0,0.0,0.0,106.021,42,1
sybil_type3,4437,1,1,0.0,0.0,0.0,0.0,0.0,106.451,42,1
sybil_type3,4438,1,1,0.0,0.0,0.0,0.0,0.0,107.151,45,1
sybil_type3,4440,1,1,0.0,0.0,0.0,0.0,0.0,108.931,45,1
sybil_type3,4441,1,1,0.0,0.0,0.0,0.0,0.0,109.051,43,1
sybil_type3,4442,1,1,0.0,0.0,0.0,0.0,0.0,109.481,43,1
sybil_type3,4443,1,1,0.0,0.0,0.0,0.0,0.0,110.181,42,1
sybil_type3,4445,1,1,0.0,0.0,0.0,0.0,0.0,111.961,48,1
sybil_type3,4446,1,1,0.0,0.0,0.0,0.0,0.0,112.081,41,1
sybil_type3,4447,1,1,0.0,0.0,0.0,0.0,0.0,112.511,41,1
sybil_type3,4448,1,1,0.0,0.0,0.0,0.0,0.0,113.211,44,1
sybil_type3,4450,1,1,0.0,0.0,0.0,0.0,0.0,114.901,43,1
sybil_type3,4451,1,1,0.0,0.0,0.0,0.0,0.0,115.021,41,1
sybil_type3,4452,1,1,0.0,0.0,0.0,0.0,0.0,115.451,41,1
sybil_type3,4453,1,1,0.0,0.0,0.0,0.0,0.0,116.151,45,1
sybil_type3,4455,1,1,0.0,0.0,0.0,0.0,0.0,117.931,42,1
sybil_type3,4456,1,1,0.0,0.0,0.0,0.0,0.0,118.051,40,1
sybil_type3,4457,1,1,0.0,0.0,0.0,0.0,0.0,118.481,40,1
sybil_type3,4458,1,1,0.0,0.0,0.0,0.0,0.0,119.181,32,1
sybil_type3,4765,1,1,0.0,0.0,0.0,0.0,0.0,4.1806,34,1
sybil_type3,4766,1,1,0.0,0.0,0.0,0.0,0.0,4.3006,34,1
sybil_type3,4767,1,1,0.0,0.0,0.0,0.0,0.0,4.7306,34,1
sybil_type3,4768,1,1,0.0,0.0,0.0,0.0,0.0,5.4306,46,1
sybil_type3,4770,1,1,0.0,0.0,0.0,0.0,0.0,7.2106,49,1
sybil_type3,4771,1,1,0.0,0.0,0.0,0.0,0.0,7.3306,49,1
sybil_type3,4772,1,1,0.0,0.0,0.0,0.0,0.0,7.7606,49,1
sybil_type3,4773,1,1,0.0,0.0,0.0,0.0,0.0,8.4606,64,1
sybil_type3,4775,1,1,0.0,0.0,0.0,0.0,0.0,10.1506,41,1
sybil_type3,4776,1,1,0.0,0.0,0.0,0.0,0.0,10.2706,41,1
sybil_type3,4777,1,1,0.0,0.0,0.0,0.0,0.0,10.7006,41,1
sybil_type3,4778,1,1,0.0,0.0,0.0,0.0,0.0,11.4006,42,1
sybil_type3,4780,1,1,0.0,0.0,0.0,0.0,0.0,13.1806,39,1
sybil_type3,4781,1,1,0.0,0.0,0.0,0.0,0.0,13.3006,39,1
sybil_type3,4782,1,1,0.0,0.0,0.0,0.0,0.0,13.7306,39,1
sybil_type3,4783,1,1,0.0,0.0,0.0,0.0,0.0,14.4306,44,1
sybil_type3,4785,3,0,0.0002000000000030866,0.0001000000000015433,1.7763568394002505e-15,1.776356839372836e-11,14999.999999768504,16.2111,40,1
sybil_type3,4786,1,1,0.0,0.0,0.0,0.0,0.0,16.3306,40,1
sybil_type3,4787,1,1,0.0,0.0,0.0,0.0,0.0,16.7606,40,1
sybil_type3,4788,1,1,0.0,0.0,0.0,0.0,0.0,17.4606,45,1
sybil_type3,4790,1,1,0.0,0.0,0.0,0.0,0.0,19.1506,41,1
sybil_type3,4791,1,1,0.0,0.0,0.0,0.0,0.0,19.2706,41,1
sybil_type3,4792,1,1,0.0,0.0,0.0,0.0,0.0,19.7006,41,1
sybil_type3,4793,1,1,0.0,0.0,0.0,0.0,0.0,20.4006,42,1
sybil_type3,4795,1,1,0.0,0.0,0.0,0.0,0.0,22.1806,39,1
sybil_type3,4796,1,1,0.0,0.0,0.0,0.0,0.0,22.3006,39,1
sybil_type3,4797,1,1,0.0,0.0,0.0,0.0,0.0,22.7306,39,1
sybil_type3,4798,1,1,0.0,0.0,0.0,0.0,0.0,23.4306,44,1
sybil_type3,4800,1,1,0.0,0.0,0.0,0.0,0.0,25.2106,40,1
sybil_type3,4801,1,1,0.0,0.0,0.0,0.0,0.0,25.3306,40,1
sybil_type3,4802,1,1,0.0,0.0,0.0,0.0,0.0,25.7606,40,1
sybil_type3,4803,1,1,0.0,0.0,0.0,0.0,0.0,26.4606,45,1
sybil_type3,4805,1,1,0.0,0.0,0.0,0.0,0.0,28.1506,41,1
sybil_type3,4806,1,1,0.0,0.0,0.0,0.0,0.0,28.2706,41,1
sybil_type3,4807,1,1,0.0,0.0,0.0,0.0,0.0,28.7006,41,1
sybil_type3,4808,1,1,0.0,0.0,0.0,0.0,0.0,29.4006,42,1
sybil_type3,4810,1,1,0.0,0.0,0.0,0.0,0.0,31.1806,39,1
sybil_type3,4811,1,1,0.0,0.0,0.0,0.0,0.0,31.3006,39,1
sybil_type3,4812,1,1,0.0,0.0,0.0,0.0,0.0,31.7306,39,1
sybil_type3,4813,1,1,0.0,0.0,0.0,0.0,0.0,32.4306,44,1
sybil_type3,4815,1,1,0.0,0.0,0.0,0.0,0.0,34.2106,40,1
sybil_type3,4816,1,1,0.0,0.0,0.0,0.0,0.0,34.3306,40,1
sybil_type3,4817,1,1,0.0,0.0,0.0,0.0,0.0,34.7606,40,1
sybil_type3,4818,1,1,0.0,0.0,0.0,0.0,0.0,35.4606,45,1
sybil_type3,4820,1,1,0.0,0.0,0.0,0.0,0.0,37.1506,41,1
sybil_type3,4821,1,1,0.0,0.0,0.0,0.0,0.0,37.2706,41,1
sybil_type3,4822,1,1,0.0,0.0,0.0,0.0,0.0,37.7006,41,1
sybil_type3,4823,1,1,0.0,0.0,0.0,0.0,0.0,38.4006,42,1
sybil_type3,4825,1,1,0.0,0.0,0.0,0.0,0.0,40.1806,39,1
sybil_type3,4826,1,1,0.0,0.0,0.0,0.0,0.0,40.3006,39,1
sybil_type3,4827,1,1,0.0,0.0,0.0,0.0,0.0,40.7306,39,1
sybil_type3,4828,1,1,0.0,0.0,0.0,0.0,0.0,41.4306,44,1
sybil_type3,4830,1,1,0.0,0.0,0.0,0.0,0.0,43.2112,40,1
sybil_type3,4831,1,1,0.0,0.0,0.0,0.0,0.0,43.3306,40,1
sybil_type3,4832,1,1,0.0,0.0,0.0,0.0,0.0,43.7606,40,1
sybil_type3,4833,1,1,0.0,0.0,0.0,0.0,0.0,44.4606,45,1
sybil_type3,4835,1,1,0.0,0.0,0.0,0.0,0.0,46.1506,41,1
sybil_type3,4836,1,1,0.0,0.0,0.0,0.0,0.0,46.2706,41,1
sybil_type3,4837,1,1,0.0,0.0,0.0,0.0,0.0,46.7006,41,1
sybil_type3,4838,1,1,0.0,0.0,0.0,0.0,0.0,47.4006,42,1
sybil_type3,4840,1,1,0.0,0.0,0.0,0.0,0.0,49.1806,39,1
sybil_type3,4841,1,1,0.0,0.0,0.0,0.0,0.0,49.3006,39,1
sybil_type3,4842,1,1,0.0,0.0,0.0,0.0,0.0,49.7306,39,1
sybil_type3,4843,1,1,0.0,0.0,0.0,0.0,0.0,50.4306,44,1
sybil_type3,4845,1,1,0.0,0.0,0.0,0.0,0.0,52.2106,40,1
sybil_type3,4846,1,1,0.0,0.0,0.0,0.0,0.0,52.3306,40,1
sybil_type3,4847,1,1,0.0,0.0,0.0,0.0,0.0,52.7606,40,1
sybil_type3,4848,1,1,0.0,0.0,0.0,0.0,0.0,53.4606,45,1
sybil_type3,4850,1,1,0.0,0.0,0.0,0.0,0.0,55.1506,41,1
sybil_type3,4851,1,1,0.0,0.0,0.0,0.0,0.0,55.2706,41,1
sybil_type3,4852,1,1,0.0,0.0,0.0,0.0,0.0,55.7006,41,1
sybil_type3,4853,1,1,0.0,0.0,0.0,0.0,0.0,56.4006,42,1
sybil_type3,4855,1,1,0.0,0.0,0.0,0.0,0.0,58.1806,39,1
sybil_type3,4856,1,1,0.0,0.0,0.0,0.0,0.0,58.3006,39,1
sybil_type3,4857,1,1,0.0,0.0,0.0,0.0,0.0,58.7306,39,1
sybil_type3,4858,1,1,0.0,0.0,0.0,0.0,0.0,59.4306,45,1
sybil_type3,4860,1,1,0.0,0.0,0.0,0.0,0.0,61.2106,42,1
sybil_type3,4861,1,1,0.0,0.0,0.0,0.0,0.0,61.3306,42,1
sybil_type3,4862,1,1,0.0,0.0,0.0,0.0,0.0,61.7606,42,1
sybil_type3,4863,1,1,0.0,0.0,0.0,0.0,0.0,62.4606,45,1
sybil_type3,4865,1,1,0.0,0.0,0.0,0.0,0.0,64.1506,43,1
sybil_type3,4866,1,1,0.0,0.0,0.0,0.0,0.0,64.2706,43,1
sybil_type3,4867,1,1,0.0,0.0,0.0,0.0,0.0,64.7006,43,1
sybil_type3,4868,1,1,0.0,0.0,0.0,0.0,0.0,65.4006,41,1
sybil_type3,4870,1,1,0.0,0.0,0.0,0.0,0.0,67.1806,41,1
sybil_type3,4871,1,1,0.0,0.0,0.0,0.0,0.0,67.3006,41,1
sybil_type3,4872,1,1,0.0,0.0,0.0,0.0,0.0,67.7306,41,1
sybil_type3,4873,1,1,0.0,0.0,0.0,0.0,0.0,68.4306,42,1
sybil_type3,4875,1,1,0.0,0.0,0.0,0.0,0.0,70.2106,42,1
sybil_type3,4876,1,1,0.0,0.0,0.0,0.0,0.0,70.3306,42,1
sybil_type3,4877,1,1,0.0,0.0,0.0,0.0,0.0,70.7606,42,1
sybil_type3,4878,1,1,0.0,0.0,0.0,0.0,0.0,71.4606,44,1
sybil_type3,4880,1,1,0.0,0.0,0.0,0.0,0.0,73.1506,41,1
sybil_type3,4881,1,1,0.0,0.0,0.0,0.0,0.0,73.2706,41,1
sybil_type3,4882,1,1,0.0,0.0,0.0,0.0,0.0,73.7006,41,1
sybil_type3,4883,1,1,0.0,0.0,0.0,0.0,0.0,74.4006,40,1
sybil_type3,4885,1,1,0.0,0.0,0.0,0.0,0.0,76.1806,39,1
sybil_type3,4886,1,1,0.0,0.0,0.0,0.0,0.0,76.3006,39,1
sybil_type3,4887,1,1,0.0,0.0,0.0,0.0,0.0,76.7306,39,1
sybil_type3,4888,1,1,0.0,0.0,0.0,0.0,0.0,77.4306,41,1
sybil_type3,4890,1,1,0.0,0.0,0.0,0.0,0.0,79.2106,40,1
sybil_type3,4891,1,1,0.0,0.0,0.0,0.0,0.0,79.3306,40,1
sybil_type3,4892,1,1,0.0,0.0,0.0,0.0,0.0,79.7606,40,1
sybil_type3,4893,1,1,0.0,0.0,0.0,0.0,0.0,80.4606,43,1
sybil_type3,4895,1,1,0.0,0.0,0.0,0.0,0.0,82.1506,40,1
sybil_type3,4896,1,1,0.0,0.0,0.0,0.0,0.0,82.2706,40,1
sybil_type3,4897,1,1,0.0,0.0,0.0,0.0,0.0,82.7006,40,1
sybil_type3,4898,1,1,0.0,0.0,0.0,0.0,0.0,83.4006,38,1
sybil_type3,4900,1,1,0.0,0.0,0.0,0.0,0.0,85.1806,38,1
sybil_type3,4901,1,1,0.0,0.0,0.0,0.0,0.0,85.3006,38,1
sybil_type3,4902,1,1,0.0,0.0,0.0,0.0,0.0,85.7306,38,1
sybil_type3,4903,1,1,0.0,0.0,0.0,0.0,0.0,86.4306,42,1
sybil_type3,4905,1,1,0.0,0.0,0.0,0.0,0.0,88.2106,39,1
sybil_type3,4906,1,1,0.0,0.0,0.0,0.0,0.0,88.3306,39,1
sybil_type3,4907,1,1,0.0,0.0,0.0,0.0,0.0,88.7606,39,1
sybil_type3,4908,1,1,0.0,0.0,0.0,0.0,0.0,89.4606,43,1
sybil_type3,4910,1,1,0.0,0.0,0.0,0.0,0.0,91.1506,40,1
sybil_type3,4911,1,1,0.0,0.0,0.0,0.0,0.0,91.2706,40,1
sybil_type3,4912,1,1,0.0,0.0,0.0,0.0,0.0,91.7006,40,1
sybil_type3,4913,1,1,0.0,0.0,0.0,0.0,0.0,92.4006,42,1
sybil_type3,4915,1,1,0.0,0.0,0.0,0.0,0.0,94.1806,39,1
sybil_type3,4916,1,1,0.0,0.0,0.0,0.0,0.0,94.3006,39,1
sybil_type3,4917,1,1,0.0,0.0,0.0,0.0,0.0,94.7306,39,1
sybil_type3,4918,1,1,0.0,0.0,0.0,0.0,0.0,95.4306,42,1
sybil_type3,4920,1,1,0.0,0.0,0.0,0.0,0.0,97.2106,40,1
sybil_type3,4921,1,1,0.0,0.0,0.0,0.0,0.0,97.3306,40,1
sybil_type3,4922,1,1,0.0,0.0,0.0,0.0,0.0,97.7606,40,1
sybil_type3,4923,1,1,0.0,0.0,0.0,0.0,0.0,98.4606,43,1
sybil_type3,4925,1,1,0.0,0.0,0.0,0.0,0.0,100.151,41,1
sybil_type3,4926,1,1,0.0,0.0,0.0,0.0,0.0,100.271,41,1
sybil_type3,4927,1,1,0.0,0.0,0.0,0.0,0.0,100.701,41,1
sybil_type3,4928,1,1,0.0,0.0,0.0,0.0,0.0,101.401,42,1
sybil_type3,4930,1,1,0.0,0.0,0.0,0.0,0.0,103.181,39,1
sybil_type3,4931,1,1,0.0,0.0,0.0,0.0,0.0,103.301,39,1
sybil_type3,4932,1,1,0.0,0.0,0.0,0.0,0.0,103.731,39,1
sybil_type3,4933,1,1,0.0,0.0,0.0,0.0,0.0,104.431,44,1
sybil_type3,4935,1,1,0.0,0.0,0.0,0.0,0.0,106.211,42,1
sybil_type3,4936,1,1,0.0,0.0,0.0,0.0,0.0,106.331,42,1
sybil_type3,4937,1,1,0.0,0.0,0.0,0.0,0.0,106.761,42,1
sybil_type3,4938,1,1,0.0,0.0,0.0,0.0,0.0,107.461,45,1
sybil_type3,4940,1,1,0.0,0.0,0.0,0.0,0.0,109.151,43,1
sybil_type3,4941,1,1,0.0,0.0,0.0,0.0,0.0,109.271,43,1
sybil_type3,4942,1,1,0.0,0.0,0.0,0.0,0.0,109.701,43,1
sybil_type3,4943,1,1,0.0,0.0,0.0,0.0,0.0,110.401,42,1
sybil_type3,4945,1,1,0.0,0.0,0.0,0.0,0.0,112.181,41,1
sybil_type3,4946,1,1,0.0,0.0,0.0,0.0,0.0,112.301,41,1
sybil_type3,4947,1,1,0.0,0.0,0.0,0.0,0.0,112.731,41,1
sybil_type3,4948,1,1,0.0,0.0,0.0,0.0,0.0,113.431,44,1
sybil_type3,4950,1,1,0.0,0.0,0.0,0.0,0.0,115.211,41,1
sybil_type3,4951,1,1,0.0,0.0,0.0,0.0,0.0,115.331,41,1
sybil_type3,4952,1,1,0.0,0.0,0.0,0.0,0.0,115.761,41,1
sybil_type3,4953,1,1,0.0,0.0,0.0,0.0,0.0,116.461,45,1
sybil_type3,4955,1,1,0.0,0.0,0.0,0.0,0.0,118.151,40,1
sybil_type3,4956,1,1,0.0,0.0,0.0,0.0,0.0,118.271,40,1
sybil_type3,4957,1,1,0.0,0.0,0.0,0.0,0.0,118.701,40,1
sybil_type3,4958,1,1,0.0,0.0,0.0,0.0,0.0,119.401,32,1
sybil_type3,5065,1,1,0.0,0.0,0.0,0.0,0.0,4.3306,34,1
sybil_type3,5066,1,1,0.0,0.0,0.0,0.0,0.0,4.4506,34,1
sybil_type3,5067,1,1,0.0,0.0,0.0,0.0,0.0,4.8806,34,1
sybil_type3,5068,1,1,0.0,0.0,0.0,0.0,0.0,5.5806,46,1
sybil_type3,5070,1,1,0.0,0.0,0.0,0.0,0.0,7.3606,49,1
sybil_type3,5071,1,1,0.0,0.0,0.0,0.0,0.0,7.4806,49,1
sybil_type3,5072,1,1,0.0,0.0,0.0,0.0,0.0,7.9106,49,1
sybil_type3,5073,1,1,0.0,0.0,0.0,0.0,0.0,8.6106,64,1
sybil_type3,5075,1,1,0.0,0.0,0.0,0.0,0.0,10.3006,41,1
sybil_type3,5076,1,1,0.0,0.0,0.0,0.0,0.0,10.4206,41,1
sybil_type3,5077,1,1,0.0,0.0,0.0,0.0,0.0,10.8506,41,1
sybil_type3,5078,1,1,0.0,0.0,0.0,0.0,0.0,11.5506,42,1
sybil_type3,5080,1,1,0.0,0.0,0.0,0.0,0.0,13.3306,39,1
sybil_type3,5081,1,1,0.0,0.0,0.0,0.0,0.0,13.4506,39,1
sybil_type3,5082,1,1,0.0,0.0,0.0,0.0,0.0,13.8806,39,1
sybil_type3,5083,1,1,0.0,0.0,0.0,0.0,0.0,14.5806,44,1
sybil_type3,5085,1,1,0.0,0.0,0.0,0.0,0.0,16.3606,40,1
sybil_type3,5086,1,1,0.0,0.0,0.0,0.0,0.0,16.4806,40,1
sybil_type3,5087,1,1,0.0,0.0,0.0,0.0,0.0,16.9106,40,1
sybil_type3,5088,1,1,0.0,0.0,0.0,0.0,0.0,17.6106,45,1
sybil_type3,5090,1,1,0.0,0.0,0.0,0.0,0.0,19.3006,41,1
sybil_type3,5091,1,1,0.0,0.0,0.0,0.0,0.0,19.4206,41,1
sybil_type3,5092,1,1,0.0,0.0,0.0,0.0,0.0,19.8506,41,1
sybil_type3,5093,1,1,0.0,0.0,0.0,0.0,0.0,20.5506,42,1
sybil_type3,5095,1,1,0.0,0.0,0.0,0.0,0.0,22.3306,39,1
sybil_type3,5096,1,1,0.0,0.0,0.0,0.0,0.0,22.4506,39,1
sybil_type3,5097,1,1,0.0,0.0,0.0,0.0,0.0,22.8806,39,1
sybil_type3,5098,1,1,0.0,0.0,0.0,0.0,0.0,23.5806,44,1
sybil_type3,5100,1,1,0.0,0.0,0.0,0.0,0.0,25.3606,40,1
sybil_type3,5101,1,1,0.0,0.0,0.0,0.0,0.0,25.4806,40,1
sybil_type3,5102,1,1,0.0,0.0,0.0,0.0,0.0,25.9106,40,1
sybil_type3,5103,1,1,0.0,0.0,0.0,0.0,0.0,26.6106,45,1
sybil_type3,5105,1,1,0.0,0.0,0.0,0.0,0.0,28.3006,41,1
sybil_type3,5106,1,1,0.0,0.0,0.0,0.0,0.0,28.4206,41,1
sybil_type3,5107,1,1,0.0,0.0,0.0,0.0,0.0,28.8506,41,1
sybil_type3,5108,1,1,0.0,0.0,0.0,0.0,0.0,29.5506,42,1
sybil_type3,5110,1,1,0.0,0.0,0.0,0.0,0.0,31.3306,39,1
sybil_type3,5111,1,1,0.0,0.0,0.0,0.0,0.0,31.4506,39,1
sybil_type3,5112,1,1,0.0,0.0,0.0,0.0,0.0,31.8806,39,1
sybil_type3,5113,1,1,0.0,0.0,0.0,0.0,0.0,32.5806,44,1
sybil_type3,5115,1,1,0.0,0.0,0.0,0.0,0.0,34.3606,40,1
sybil_type3,5116,1,1,0.0,0.0,0.0,0.0,0.0,34.4806,40,1
sybil_type3,5117,1,1,0.0,0.0,0.0,0.0,0.0,34.9106,40,1
sybil_type3,5118,1,1,0.0,0.0,0.0,0.0,0.0,35.6106,45,1
sybil_type3,5120,1,1,0.0,0.0,0.0,0.0,0.0,37.3006,41,1
sybil_type3,5121,1,1,0.0,0.0,0.0,0.0,0.0,37.4206,41,1
sybil_type3,5122,1,1,0.0,0.0,0.0,0.0,0.0,37.8506,41,1
sybil_type3,5123,1,1,0.0,0.0,0.0,0.0,0.0,38.5506,42,1
sybil_type3,5125,1,1,0.0,0.0,0.0,0.0,0.0,40.3306,39,1
sybil_type3,5126,1,1,0.0,0.0,0.0,0.0,0.0,40.4506,39,1
sybil_type3,5127,1,1,0.0,0.0,0.0,0.0,0.0,40.8806,39,1
sybil_type3,5128,1,1,0.0,0.0,0.0,0.0,0.0,41.5806,44,1
sybil_type3,5130,1,1,0.0,0.0,0.0,0.0,0.0,43.3606,40,1
sybil_type3,5131,1,1,0.0,0.0,0.0,0.0,0.0,43.4806,40,1
sybil_type3,5132,1,1,0.0,0.0,0.0,0.0,0.0,43.9106,40,1
sybil_type3,5133,1,1,0.0,0.0,0.0,0.0,0.0,44.6106,45,1
sybil_type3,5135,1,1,0.0,0.0,0.0,0.0,0.0,46.3006,41,1
sybil_type3,5136,1,1,0.0,0.0,0.0,0.0,0.0,46.4206,41,1
sybil_type3,5137,1,1,0.0,0.0,0.0,0.0,0.0,46.8506,41,1
sybil_type3,5138,1,1,0.0,0.0,0.0,0.0,0.0,47.5506,42,1
sybil_type3,5140,1,1,0.0,0.0,0.0,0.0,0.0,49.3306,39,1
sybil_type3,5141,1,1,0.0,0.0,0.0,0.0,0.0,49.4506,39,1
sybil_type3,5142,1,1,0.0,0.0,0.0,0.0,0.0,49.8806,39,1
sybil_type3,5143,1,1,0.0,0.0,0.0,0.0,0.0,50.5806,44,1
sybil_type3,5145,1,1,0.0,0.0,0.0,0.0,0.0,52.3606,40,1
sybil_type3,5146,1,1,0.0,0.0,0.0,0.0,0.0,52.4806,40,1
sybil_type3,5147,1,1,0.0,0.0,0.0,0.0,0.0,52.9106,40,1
sybil_type3,5148,1,1,0.0,0.0,0.0,0.0,0.0,53.6106,45,1
sybil_type3,5150,1,1,0.0,0.0,0.0,0.0,0.0,55.3006,41,1
sybil_type3,5151,1,1,0.0,0.0,0.0,0.0,0.0,55.4206,41,1
sybil_type3,5152,1,1,0.0,0.0,0.0,0.0,0.0,55.8506,41,1
sybil_type3,5153,1,1,0.0,0.0,0.0,0.0,0.0,56.5506,42,1
sybil_type3,5155,1,1,0.0,0.0,0.0,0.0,0.0,58.3306,39,1
sybil_type3,5156,1,1,0.0,0.0,0.0,0.0,0.0,58.4506,39,1
sybil_type3,5157,1,1,0.0,0.0,0.0,0.0,0.0,58.8806,39,1
sybil_type3,5158,1,1,0.0,0.0,0.0,0.0,0.0,59.5806,45,1
sybil_type3,5160,1,1,0.0,0.0,0.0,0.0,0.0,61.3606,42,1
sybil_type3,5161,1,1,0.0,0.0,0.0,0.0,0.0,61.4806,42,1
sybil_type3,5162,1,1,0.0,0.0,0.0,0.0,0.0,61.9106,42,1
sybil_type3,5163,1,1,0.0,0.0,0.0,0.0,0.0,62.6106,45,1
sybil_type3,5165,1,1,0.0,0.0,0.0,0.0,0.0,64.3006,43,1
sybil_type3,5166,1,1,0.0,0.0,0.0,0.0,0.0,64.4206,43,1
sybil_type3,5167,1,1,0.0,0.0,0.0,0.0,0.0,64.8506,43,1
sybil_type3,5168,1,1,0.0,0.0,0.0,0.0,0.0,65.5506,41,1
sybil_type3,5170,1,1,0.0,0.0,0.0,0.0,0.0,67.3306,41,1
sybil_type3,5171,1,1,0.0,0.0,0.0,0.0,0.0,67.4506,41,1
sybil_type3,5172,1,1,0.0,0.0,0.0,0.0,0.0,67.8806,41,1
sybil_type3,5173,1,1,0.0,0.0,0.0,0.0,0.0,68.5806,42,1
sybil_type3,5175,1,1,0.0,0.0,0.0,0.0,0.0,70.3606,42,1
sybil_type3,5176,1,1,0.0,0.0,0.0,0.0,0.0,70.4806,42,1
sybil_type3,5177,1,1,0.0,0.0,0.0,0.0,0.0,70.9106,42,1
sybil_type3,5178,1,1,0.0,0.0,0.0,0.0,0.0,71.6106,44,1
sybil_type3,5180,1,1,0.0,0.0,0.0,0.0,0.0,73.3006,41,1
sybil_type3,5181,1,1,0.0,0.0,0.0,0.0,0.0,73.4206,41,1
sybil_type3,5182,1,1,0.0,0.0,0.0,0.0,0.0,73.8506,41,1
sybil_type3,5183,1,1,0.0,0.0,0.0,0.0,0.0,74.5506,40,1
sybil_type3,5185,1,1,0.0,0.0,0.0,0.0,0.0,76.3306,39,1
sybil_type3,5186,1,1,0.0,0.0,0.0,0.0,0.0,76.4506,39,1
sybil_type3,5187,1,1,0.0,0.0,0.0,0.0,0.0,76.8806,39,1
sybil_type3,5188,1,1,0.0,0.0,0.0,0.0,0.0,77.5806,41,1
sybil_type3,5190,1,1,0.0,0.0,0.0,0.0,0.0,79.3606,40,1
sybil_type3,5191,1,1,0.0,0.0,0.0,0.0,0.0,79.4806,40,1
sybil_type3,5192,1,1,0.0,0.0,0.0,0.0,0.0,79.9106,40,1
sybil_type3,5193,1,1,0.0,0.0,0.0,0.0,0.0,80.6106,43,1
sybil_type3,5195,1,1,0.0,0.0,0.0,0.0,0.0,82.3006,40,1
sybil_type3,5196,1,1,0.0,0.0,0.0,0.0,0.0,82.4206,40,1
sybil_type3,5197,1,1,0.0,0.0,0.0,0.0,0.0,82.8506,40,1
sybil_type3,5198,1,1,0.0,0.0,0.0,0.0,0.0,83.5506,38,1
sybil_type3,5200,1,1,0.0,0.0,0.0,0.0,0.0,85.3306,38,1
sybil_type3,5201,1,1,0.0,0.0,0.0,0.0,0.0,85.4506,38,1
sybil_type3,5202,1,1,0.0,0.0,0.0,0.0,0.0,85.8806,38,1
sybil_type3,5203,1,1,0.0,0.0,0.0,0.0,0.0,86.5806,42,1
sybil_type3,5205,1,1,0.0,0.0,0.0,0.0,0.0,88.3606,39,1
sybil_type3,5206,1,1,0.0,0.0,0.0,0.0,0.0,88.4806,39,1
sybil_type3,5207,1,1,0.0,0.0,0.0,0.0,0.0,88.9106,39,1
sybil_type3,5208,1,1,0.0,0.0,0.0,0.0,0.0,89.6106,43,1
sybil_type3,5210,1,1,0.0,0.0,0.0,0.0,0.0,91.3006,40,1
sybil_type3,5211,1,1,0.0,0.0,0.0,0.0,0.0,91.4206,40,1
sybil_type3,5212,1,1,0.0,0.0,0.0,0.0,0.0,91.8506,40,1
sybil_type3,5213,1,1,0.0,0.0,0.0,0.0,0.0,92.5506,42,1
sybil_type3,5215,1,1,0.0,0.0,0.0,0.0,0.0,94.3306,39,1
sybil_type3,5216,1,1,0.0,0.0,0.0,0.0,0.0,94.4506,39,1
sybil_type3,5217,1,1,0.0,0.0,0.0,0.0,0.0,94.8806,39,1
sybil_type3,5218,1,1,0.0,0.0,0.0,0.0,0.0,95.5806,42,1
sybil_type3,5220,1,1,0.0,0.0,0.0,0.0,0.0,97.3606,40,1
sybil_type3,5221,1,1,0.0,0.0,0.0,0.0,0.0,97.4806,40,1
sybil_type3,5222,1,1,0.0,0.0,0.0,0.0,0.0,97.9106,40,1
sybil_type3,5223,1,1,0.0,0.0,0.0,0.0,0.0,98.6106,43,1
sybil_type3,5225,1,1,0.0,0.0,0.0,0.0,0.0,100.301,41,1
sybil_type3,5226,1,1,0.0,0.0,0.0,0.0,0.0,100.421,41,1
sybil_type3,5227,1,1,0.0,0.0,0.0,0.0,0.0,100.851,41,1
sybil_type3,5228,1,1,0.0,0.0,0.0,0.0,0.0,101.551,42,1
sybil_type3,5230,1,1,0.0,0.0,0.0,0.0,0.0,103.331,39,1
sybil_type3,5231,1,1,0.0,0.0,0.0,0.0,0.0,103.451,39,1
sybil_type3,5232,1,1,0.0,0.0,0.0,0.0,0.0,103.881,39,1
sybil_type3,5233,1,1,0.0,0.0,0.0,0.0,0.0,104.581,44,1
sybil_type3,5235,1,1,0.0,0.0,0.0,0.0,0.0,106.361,42,1
sybil_type3,5236,1,1,0.0,0.0,0.0,0.0,0.0,106.481,42,1
sybil_type3,5237,1,1,0.0,0.0,0.0,0.0,0.0,106.911,42,1
sybil_type3,5238,1,1,0.0,0.0,0.0,0.0,0.0,107.611,45,1
sybil_type3,5240,1,1,0.0,0.0,0.0,0.0,0.0,109.301,43,1
sybil_type3,5241,1,1,0.0,0.0,0.0,0.0,0.0,109.421,43,1
sybil_type3,5242,1,1,0.0,0.0,0.0,0.0,0.0,109.851,43,1
sybil_type3,5243,1,1,0.0,0.0,0.0,0.0,0.0,110.551,42,1
sybil_type3,5245,1,1,0.0,0.0,0.0,0.0,0.0,112.331,41,1
sybil_type3,5246,1,1,0.0,0.0,0.0,0.0,0.0,112.451,41,1
sybil_type3,5247,1,1,0.0,0.0,0.0,0.0,0.0,112.881,41,1
sybil_type3,5248,1,1,0.0,0.0,0.0,0.0,0.0,113.581,44,1
sybil_type3,5250,1,1,0.0,0.0,0.0,0.0,0.0,115.361,41,1
sybil_type3,5251,1,1,0.0,0.0,0.0,0.0,0.0,115.481,41,1
sybil_type3,5252,1,1,0.0,0.0,0.0,0.0,0.0,115.911,41,1
sybil_type3,5253,1,1,0.0,0.0,0.0,0.0,0.0,116.611,45,1
sybil_type3,5255,1,1,0.0,0.0,0.0,0.0,0.0,118.301,40,1
sybil_type3,5256,1,1,0.0,0.0,0.0,0.0,0.0,118.421,40,1
sybil_type3,5257,1,1,0.0,0.0,0.0,0.0,0.0,118.851,40,1
sybil_type3,5258,1,1,0.0,0.0,0.0,0.0,0.0,119.551,32,1
sybil_type3,5865,1,1,0.0,0.0,0.0,0.0,0.0,4.7006,34,1
sybil_type3,5866,1,1,0.0,0.0,0.0,0.0,0.0,4.8206,34,1
sybil_type3,5867,1,1,0.0,0.0,0.0,0.0,0.0,5.2506,46,1
sybil_type3,5868,1,1,0.0,0.0,0.0,0.0,0.0,5.9506,46,1
sybil_type3,5870,1,1,0.0,0.0,0.0,0.0,0.0,7.7306,49,1
sybil_type3,5871,1,1,0.0,0.0,0.0,0.0,0.0,7.8506,49,1
sybil_type3,5872,1,1,0.0,0.0,0.0,0.0,0.0,8.2806,64,1
sybil_type3,5873,1,1,0.0,0.0,0.0,0.0,0.0,8.9806,64,1
sybil_type3,5875,1,1,0.0,0.0,0.0,0.0,0.0,10.7606,41,1
sybil_type3,5876,1,1,0.0,0.0,0.0,0.0,0.0,10.8806,41,1
sybil_type3,5877,1,1,0.0,0.0,0.0,0.0,0.0,11.3106,42,1
sybil_type3,5878,1,1,0.0,0.0,0.0,0.0,0.0,12.0106,46,1
sybil_type3,5880,1,1,0.0,0.0,0.0,0.0,0.0,13.7006,39,1
sybil_type3,5881,1,1,0.0,0.0,0.0,0.0,0.0,13.8206,39,1
sybil_type3,5882,1,1,0.0,0.0,0.0,0.0,0.0,14.2506,44,1
sybil_type3,5883,1,1,0.0,0.0,0.0,0.0,0.0,14.9506,44,1
sybil_type3,5885,1,1,0.0,0.0,0.0,0.0,0.0,16.7306,40,1
sybil_type3,5886,1,1,0.0,0.0,0.0,0.0,0.0,16.8506,40,1
sybil_type3,5887,1,1,0.0,0.0,0.0,0.0,0.0,17.2806,45,1
sybil_type3,5888,1,1,0.0,0.0,0.0,0.0,0.0,17.9806,45,1
sybil_type3,5890,1,1,0.0,0.0,0.0,0.0,0.0,19.7606,41,1
sybil_type3,5891,1,1,0.0,0.0,0.0,0.0,0.0,19.8806,41,1
sybil_type3,5892,1,1,0.0,0.0,0.0,0.0,0.0,20.3106,42,1
sybil_type3,5893,1,1,0.0,0.0,0.0,0.0,0.0,21.0106,46,1
sybil_type3,5895,1,1,0.0,0.0,0.0,0.0,0.0,22.7006,39,1
sybil_type3,5896,1,1,0.0,0.0,0.0,0.0,0.0,22.8206,39,1
sybil_type3,5897,1,1,0.0,0.0,0.0,0.0,0.0,23.2506,44,1
sybil_type3,5898,1,1,0.0,0.0,0.0,0.0,0.0,23.9506,44,1
sybil_type3,5900,1,1,0.0,0.0,0.0,0.0,0.0,25.7306,40,1
sybil_type3,5901,1,1,0.0,0.0,0.0,0.0,0.0,25.8506,40,1
sybil_type3,5902,1,1,0.0,0.0,0.0,0.0,0.0,26.2806,45,1
sybil_type3,5903,1,1,0.0,0.0,0.0,0.0,0.0,26.9806,45,1
sybil_type3,5905,1,1,0.0,0.0,0.0,0.0,0.0,28.7606,41,1
sybil_type3,5906,1,1,0.0,0.0,0.0,0.0,0.0,28.8806,41,1
sybil_type3,5907,1,1,0.0,0.0,0.0,0.0,0.0,29.3106,42,1
sybil_type3,5908,1,1,0.0,0.0,0.0,0.0,0.0,30.0106,46,1
sybil_type3,5910,1,1,0.0,0.0,0.0,0.0,0.0,31.7006,39,1
sybil_type3,5911,1,1,0.0,0.0,0.0,0.0,0.0,31.8206,39,1
sybil_type3,5912,1,1,0.0,0.0,0.0,0.0,0.0,32.2506,44,1
sybil_type3,5913,1,1,0.0,0.0,0.0,0.0,0.0,32.9506,44,1
sybil_type3,5915,1,1,0.0,0.0,0.0,0.0,0.0,34.7306,40,1
sybil_type3,5916,1,1,0.0,0.0,0.0,0.0,0.0,34.8506,40,1
sybil_type3,5917,1,1,0.0,0.0,0.0,0.0,0.0,35.2806,45,1
sybil_type3,5918,1,1,0.0,0.0,0.0,0.0,0.0,35.9806,45,1
sybil_type3,5920,1,1,0.0,0.0,0.0,0.0,0.0,37.7606,41,1
sybil_type3,5921,1,1,0.0,0.0,0.0,0.0,0.0,37.8806,41,1
sybil_type3,5922,1,1,0.0,0.0,0.0,0.0,0.0,38.3106,42,1
sybil_type3,5923,1,1,0.0,0.0,0.0,0.0,0.0,39.0106,46,1
sybil_type3,5925,1,1,0.0,0.0,0.0,0.0,0.0,40.7006,39,1
sybil_type3,5926,1,1,0.0,0.0,0.0,0.0,0.0,40.8206,39,1
sybil_type3,5927,1,1,0.0,0.0,0.0,0.0,0.0,41.2506,44,1
sybil_type3,5928,1,1,0.0,0.0,0.0,0.0,0.0,41.9506,44,1
sybil_type3,5930,1,1,0.0,0.0,0.0,0.0,0.0,43.7306,40,1
sybil_type3,5931,1,1,0.0,0.0,0.0,0.0,0.0,43.8506,40,1
sybil_type3,5932,1,1,0.0,0.0,0.0,0.0,0.0,44.2806,45,1
sybil_type3,5933,1,1,0.0,0.0,0.0,0.0,0.0,44.9806,45,1
sybil_type3,5935,1,1,0.0,0.0,0.0,0.0,0.0,46.7606,41,1
sybil_type3,5936,1,1,0.0,0.0,0.0,0.0,0.0,46.8806,41,1
sybil_type3,5937,1,1,0.0,0.0,0.0,0.0,0.0,47.3106,42,1
sybil_type3,5938,1,1,0.0,0.0,0.0,0.0,0.0,48.0106,46,1
sybil_type3,5940,1,1,0.0,0.0,0.0,0.0,0.0,49.7006,39,1
sybil_type3,5941,1,1,0.0,0.0,0.0,0.0,0.0,49.8206,39,1
sybil_type3,5942,1,1,0.0,0.0,0.0,0.0,0.0,50.2506,44,1
sybil_type3,5943,1,1,0.0,0.0,0.0,0.0,0.0,50.9506,44,1
sybil_type3,5945,1,1,0.0,0.0,0.0,0.0,0.0,52.7306,40,1
sybil_type3,5946,1,1,0.0,0.0,0.0,0.0,0.0,52.8506,40,1
sybil_type3,5947,1,1,0.0,0.0,0.0,0.0,0.0,53.2806,45,1
sybil_type3,5948,1,1,0.0,0.0,0.0,0.0,0.0,53.9806,45,1
sybil_type3,5950,1,1,0.0,0.0,0.0,0.0,0.0,55.7606,41,1
sybil_type3,5951,1,1,0.0,0.0,0.0,0.0,0.0,55.8806,41,1
sybil_type3,5952,1,1,0.0,0.0,0.0,0.0,0.0,56.3106,42,1
sybil_type3,5953,1,1,0.0,0.0,0.0,0.0,0.0,57.0106,46,1
sybil_type3,5955,1,1,0.0,0.0,0.0,0.0,0.0,58.7006,39,1
sybil_type3,5956,1,1,0.0,0.0,0.0,0.0,0.0,58.8206,39,1
sybil_type3,5957,1,1,0.0,0.0,0.0,0.0,0.0,59.2506,45,1
sybil_type3,5958,1,1,0.0,0.0,0.0,0.0,0.0,59.9506,45,1
sybil_type3,5960,1,1,0.0,0.0,0.0,0.0,0.0,61.7306,42,1
sybil_type3,5961,1,1,0.0,0.0,0.0,0.0,0.0,61.8506,42,1
sybil_type3,5962,1,1,0.0,0.0,0.0,0.0,0.0,62.2806,45,1
sybil_type3,5963,1,1,0.0,0.0,0.0,0.0,0.0,62.9806,45,1
sybil_type3,5965,1,1,0.0,0.0,0.0,0.0,0.0,64.7606,43,1
sybil_type3,5966,1,1,0.0,0.0,0.0,0.0,0.0,64.8806,43,1
sybil_type3,5967,1,1,0.0,0.0,0.0,0.0,0.0,65.3106,41,1
sybil_type3,5968,1,1,0.0,0.0,0.0,0.0,0.0,66.0106,48,1
sybil_type3,5970,1,1,0.0,0.0,0.0,0.0,0.0,67.7006,41,1
sybil_type3,5971,1,1,0.0,0.0,0.0,0.0,0.0,67.8206,41,1
sybil_type3,5972,1,1,0.0,0.0,0.0,0.0,0.0,68.2506,42,1
sybil_type3,5973,1,1,0.0,0.0,0.0,0.0,0.0,68.9506,42,1
sybil_type3,5975,1,1,0.0,0.0,0.0,0.0,0.0,70.7306,42,1
sybil_type3,5976,1,1,0.0,0.0,0.0,0.0,0.0,70.8506,42,1
sybil_type3,5977,1,1,0.0,0.0,0.0,0.0,0.0,71.2806,44,1
sybil_type3,5978,1,1,0.0,0.0,0.0,0.0,0.0,71.9806,44,1
sybil_type3,5980,1,1,0.0,0.0,0.0,0.0,0.0,73.7606,41,1
sybil_type3,5981,1,1,0.0,0.0,0.0,0.0,0.0,73.8806,41,1
sybil_type3,5982,1,1,0.0,0.0,0.0,0.0,0.0,74.3106,40,1
sybil_type3,5983,1,1,0.0,0.0,0.0,0.0,0.0,75.0106,45,1
sybil_type3,5985,1,1,0.0,0.0,0.0,0.0,0.0,76.7006,39,1
sybil_type3,5986,1,1,0.0,0.0,0.0,0.0,0.0,76.8206,39,1
sybil_type3,5987,1,1,0.0,0.0,0.0,0.0,0.0,77.2506,41,1
sybil_type3,5988,1,1,0.0,0.0,0.0,0.0,0.0,77.9506,41,1
sybil_type3,5990,1,1,0.0,0.0,0.0,0.0,0.0,79.7306,40,1
sybil_type3,5991,1,1,0.0,0.0,0.0,0.0,0.0,79.8506,40,1
sybil_type3,5992,1,1,0.0,0.0,0.0,0.0,0.0,80.2806,43,1
sybil_type3,5993,1,1,0.0,0.0,0.0,0.0,0.0,80.9806,43,1
sybil_type3,5995,1,1,0.0,0.0,0.0,0.0,0.0,82.7606,40,1
sybil_type3,5996,1,1,0.0,0.0,0.0,0.0,0.0,82.8806,40,1
sybil_type3,5997,1,1,0.0,0.0,0.0,0.0,0.0,83.3106,38,1
sybil_type3,5998,1,1,0.0,0.0,0.0,0.0,0.0,84.0106,43,1
sybil_type3,6000,1,1,0.0,0.0,0.0,0.0,0.0,85.7006,38,1
sybil_type3,6001,1,1,0.0,0.0,0.0,0.0,0.0,85.8206,38,1
sybil_type3,6002,1,1,0.0,0.0,0.0,0.0,0.0,86.2506,42,1
sybil_type3,6003,1,1,0.0,0.0,0.0,0.0,0.0,86.9506,42,1
sybil_type3,6005,1,1,0.0,0.0,0.0,0.0,0.0,88.7306,39,1
sybil_type3,6006,1,1,0.0,0.0,0.0,0.0,0.0,88.8506,39,1
sybil_type3,6007,1,1,0.0,0.0,0.0,0.0,0.0,89.2806,43,1
sybil_type3,6008,1,1,0.0,0.0,0.0,0.0,0.0,89.9806,43,1
sybil_type3,6010,1,1,0.0,0.0,0.0,0.0,0.0,91.7606,40,1
sybil_type3,6011,1,1,0.0,0.0,0.0,0.0,0.0,91.8806,40,1
sybil_type3,6012,1,1,0.0,0.0,0.0,0.0,0.0,92.3106,42,1
sybil_type3,6013,1,1,0.0,0.0,0.0,0.0,0.0,93.0106,46,1
sybil_type3,6015,1,1,0.0,0.0,0.0,0.0,0.0,94.7006,39,1
sybil_type3,6016,1,1,0.0,0.0,0.0,0.0,0.0,94.8206,39,1
sybil_type3,6017,1,1,0.0,0.0,0.0,0.0,0.0,95.2506,42,1
sybil_type3,6018,1,1,0.0,0.0,0.0,0.0,0.0,95.9506,42,1
sybil_type3,6020,1,1,0.0,0.0,0.0,0.0,0.0,97.7306,40,1
sybil_type3,6021,1,1,0.0,0.0,0.0,0.0,0.0,97.8506,40,1
sybil_type3,6022,1,1,0.0,0.0,0.0,0.0,0.0,98.2806,43,1
sybil_type3,6023,1,1,0.0,0.0,0.0,0.0,0.0,98.9806,43,1
sybil_type3,6025,1,1,0.0,0.0,0.0,0.0,0.0,100.761,41,1
sybil_type3,6026,1,1,0.0,0.0,0.0,0.0,0.0,100.881,41,1
sybil_type3,6027,1,1,0.0,0.0,0.0,0.0,0.0,101.311,42,1
sybil_type3,6028,1,1,0.0,0.0,0.0,0.0,0.0,102.011,46,1
sybil_type3,6030,1,1,0.0,0.0,0.0,0.0,0.0,103.701,39,1
sybil_type3,6031,1,1,0.0,0.0,0.0,0.0,0.0,103.821,39,1
sybil_type3,6032,1,1,0.0,0.0,0.0,0.0,0.0,104.251,44,1
sybil_type3,6033,1,1,0.0,0.0,0.0,0.0,0.0,104.951,44,1
sybil_type3,6035,1,1,0.0,0.0,0.0,0.0,0.0,106.731,42,1
sybil_type3,6036,1,1,0.0,0.0,0.0,0.0,0.0,106.851,42,1
sybil_type3,6037,1,1,0.0,0.0,0.0,0.0,0.0,107.281,45,1
sybil_type3,6038,1,1,0.0,0.0,0.0,0.0,0.0,107.981,45,1
sybil_type3,6040,1,1,0.0,0.0,0.0,0.0,0.0,109.761,43,1
sybil_type3,6041,1,1,0.0,0.0,0.0,0.0,0.0,109.881,43,1
sybil_type3,6042,1,1,0.0,0.0,0.0,0.0,0.0,110.311,42,1
sybil_type3,6043,1,1,0.0,0.0,0.0,0.0,0.0,111.011,48,1
sybil_type3,6045,1,1,0.0,0.0,0.0,0.0,0.0,112.701,41,1
sybil_type3,6046,1,1,0.0,0.0,0.0,0.0,0.0,112.821,41,1
sybil_type3,6047,1,1,0.0,0.0,0.0,0.0,0.0,113.251,44,1
sybil_type3,6048,1,1,0.0,0.0,0.0,0.0,0.0,113.951,44,1
sybil_type3,6050,1,1,0.0,0.0,0.0,0.0,0.0,115.731,41,1
sybil_type3,6051,1,1,0.0,0.0,0.0,0.0,0.0,115.851,41,1
sybil_type3,6052,1,1,0.0,0.0,0.0,0.0,0.0,116.281,45,1
sybil_type3,6053,1,1,0.0,0.0,0.0,0.0,0.0,116.981,45,1
sybil_type3,6055,1,1,0.0,0.0,0.0,0.0,0.0,118.761,40,1
sybil_type3,6056,1,1,0.0,0.0,0.0,0.0,0.0,118.881,40,1
sybil_type3,6057,1,1,0.0,0.0,0.0,0.0,0.0,119.311,32,1
sybil_type3,6165,1,1,0.0,0.0,0.0,0.0,0.0,4.8506,34,1
sybil_type3,6166,1,1,0.0,0.0,0.0,0.0,0.0,4.9706,34,1
sybil_type3,6167,1,1,0.0,0.0,0.0,0.0,0.0,5.4006,46,1
sybil_type3,6168,1,1,0.0,0.0,0.0,0.0,0.0,6.1006,49,1
sybil_type3,6170,1,1,0.0,0.0,0.0,0.0,0.0,7.8806,49,1
sybil_type3,6171,1,1,0.0,0.0,0.0,0.0,0.0,8.0006,64,1
sybil_type3,6172,1,1,0.0,0.0,0.0,0.0,0.0,8.4306,64,1
sybil_type3,6173,1,1,0.0,0.0,0.0,0.0,0.0,9.1306,48,1
sybil_type3,6175,1,1,0.0,0.0,0.0,0.0,0.0,10.9106,41,1
sybil_type3,6176,1,1,0.0,0.0,0.0,0.0,0.0,11.0306,42,1
sybil_type3,6177,1,1,0.0,0.0,0.0,0.0,0.0,11.4606,42,1
sybil_type3,6178,1,1,0.0,0.0,0.0,0.0,0.0,12.1606,46,1
sybil_type3,6180,1,1,0.0,0.0,0.0,0.0,0.0,13.8506,39,1
sybil_type3,6181,1,1,0.0,0.0,0.0,0.0,0.0,13.9706,39,1
sybil_type3,6182,1,1,0.0,0.0,0.0,0.0,0.0,14.4006,44,1
sybil_type3,6183,1,1,0.0,0.0,0.0,0.0,0.0,15.1006,44,1
sybil_type3,6185,1,1,0.0,0.0,0.0,0.0,0.0,16.8806,40,1
sybil_type3,6186,1,1,0.0,0.0,0.0,0.0,0.0,17.0006,45,1
sybil_type3,6187,1,1,0.0,0.0,0.0,0.0,0.0,17.4306,45,1
sybil_type3,6188,1,1,0.0,0.0,0.0,0.0,0.0,18.1306,43,1
sybil_type3,6190,1,1,0.0,0.0,0.0,0.0,0.0,19.9106,41,1
sybil_type3,6191,1,1,0.0,0.0,0.0,0.0,0.0,20.0306,42,1
sybil_type3,6192,1,1,0.0,0.0,0.0,0.0,0.0,20.4606,42,1
sybil_type3,6193,1,1,0.0,0.0,0.0,0.0,0.0,21.1606,46,1
sybil_type3,6195,1,1,0.0,0.0,0.0,0.0,0.0,22.8506,39,1
sybil_type3,6196,1,1,0.0,0.0,0.0,0.0,0.0,22.9706,39,1
sybil_type3,6197,1,1,0.0,0.0,0.0,0.0,0.0,23.4006,44,1
sybil_type3,6198,1,1,0.0,0.0,0.0,0.0,0.0,24.1006,44,1
sybil_type3,6200,1,1,0.0,0.0,0.0,0.0,0.0,25.8806,40,1
sybil_type3,6201,1,1,0.0,0.0,0.0,0.0,0.0,26.0006,45,1
sybil_type3,6202,1,1,0.0,0.0,0.0,0.0,0.0,26.4306,45,1
sybil_type3,6203,1,1,0.0,0.0,0.0,0.0,0.0,27.1306,43,1
sybil_type3,6205,1,1,0.0,0.0,0.0,0.0,0.0,28.9106,41,1
sybil_type3,6206,1,1,0.0,0.0,0.0,0.0,0.0,29.0306,42,1
sybil_type3,6207,1,1,0.0,0.0,0.0,0.0,0.0,29.4606,42,1
sybil_type3,6208,1,1,0.0,0.0,0.0,0.0,0.0,30.1606,46,1
sybil_type3,6210,1,1,0.0,0.0,0.0,0.0,0.0,31.8506,39,1
sybil_type3,6211,1,1,0.0,0.0,0.0,0.0,0.0,31.9706,39,1
sybil_type3,6212,1,1,0.0,0.0,0.0,0.0,0.0,32.4006,44,1
sybil_type3,6213,1,1,0.0,0.0,0.0,0.0,0.0,33.1006,44,1
sybil_type3,6215,1,1,0.0,0.0,0.0,0.0,0.0,34.8806,40,1
sybil_type3,6216,1,1,0.0,0.0,0.0,0.0,0.0,35.0006,45,1
sybil_type3,6217,1,1,0.0,0.0,0.0,0.0,0.0,35.4306,45,1
sybil_type3,6218,1,1,0.0,0.0,0.0,0.0,0.0,36.1306,43,1
sybil_type3,6220,1,1,0.0,0.0,0.0,0.0,0.0,37.9106,41,1
sybil_type3,6221,1,1,0.0,0.0,0.0,0.0,0.0,38.0306,42,1
sybil_type3,6222,1,1,0.0,0.0,0.0,0.0,0.0,38.4606,42,1
sybil_type3,6223,1,1,0.0,0.0,0.0,0.0,0.0,39.1606,46,1
sybil_type3,6225,1,1,0.0,0.0,0.0,0.0,0.0,40.8506,39,1
sybil_type3,6226,1,1,0.0,0.0,0.0,0.0,0.0,40.9706,39,1
sybil_type3,6227,1,1,0.0,0.0,0.0,0.0,0.0,41.4006,44,1
sybil_type3,6228,1,1,0.0,0.0,0.0,0.0,0.0,42.1006,44,1
sybil_type3,6230,1,1,0.0,0.0,0.0,0.0,0.0,43.8806,40,1
sybil_type3,6231,1,1,0.0,0.0,0.0,0.0,0.0,44.0006,45,1
sybil_type3,6232,1,1,0.0,0.0,0.0,0.0,0.0,44.4306,45,1
sybil_type3,6233,1,1,0.0,0.0,0.0,0.0,0.0,45.1306,43,1
sybil_type3,6235,1,1,0.0,0.0,0.0,0.0,0.0,46.9106,41,1
sybil_type3,6236,1,1,0.0,0.0,0.0,0.0,0.0,47.0306,42,1
sybil_type3,6237,1,1,0.0,0.0,0.0,0.0,0.0,47.4606,42,1
sybil_type3,6238,1,1,0.0,0.0,0.0,0.0,0.0,48.1606,46,1
sybil_type3,6240,1,1,0.0,0.0,0.0,0.0,0.0,49.8506,39,1
sybil_type3,6241,1,1,0.0,0.0,0.0,0.0,0.0,49.9706,39,1
sybil_type3,6242,1,1,0.0,0.0,0.0,0.0,0.0,50.4006,44,1
sybil_type3,6243,1,1,0.0,0.0,0.0,0.0,0.0,51.1006,44,1
sybil_type3,6245,1,1,0.0,0.0,0.0,0.0,0.0,52.8806,40,1
sybil_type3,6246,1,1,0.0,0.0,0.0,0.0,0.0,53.0006,45,1
sybil_type3,6247,1,1,0.0,0.0,0.0,0.0,0.0,53.4306,45,1
sybil_type3,6248,1,1,0.0,0.0,0.0,0.0,0.0,54.1306,43,1
sybil_type3,6250,1,1,0.0,0.0,0.0,0.0,0.0,55.9106,41,1
sybil_type3,6251,1,1,0.0,0.0,0.0,0.0,0.0,56.0306,42,1
sybil_type3,6252,1,1,0.0,0.0,0.0,0.0,0.0,56.4606,42,1
sybil_type3,6253,1,1,0.0,0.0,0.0,0.0,0.0,57.1606,46,1
sybil_type3,6255,1,1,0.0,0.0,0.0,0.0,0.0,58.8506,39,1
sybil_type3,6256,1,1,0.0,0.0,0.0,0.0,0.0,58.9706,39,1
sybil_type3,6257,1,1,0.0,0.0,0.0,0.0,0.0,59.4006,45,1
sybil_type3,6258,1,1,0.0,0.0,0.0,0.0,0.0,60.1006,46,1
sybil_type3,6260,1,1,0.0,0.0,0.0,0.0,0.0,61.8806,42,1
sybil_type3,6261,1,1,0.0,0.0,0.0,0.0,0.0,62.0006,45,1
sybil_type3,6262,1,1,0.0,0.0,0.0,0.0,0.0,62.4306,45,1
sybil_type3,6263,1,1,0.0,0.0,0.0,0.0,0.0,63.1306,45,1
sybil_type3,6265,1,1,0.0,0.0,0.0,0.0,0.0,64.9106,43,1
sybil_type3,6266,1,1,0.0,0.0,0.0,0.0,0.0,65.0306,41,1
sybil_type3,6267,1,1,0.0,0.0,0.0,0.0,0.0,65.4606,41,1
sybil_type3,6268,1,1,0.0,0.0,0.0,0.0,0.0,66.1606,48,1
sybil_type3,6270,1,1,0.0,0.0,0.0,0.0,0.0,67.8506,41,1
sybil_type3,6271,1,1,0.0,0.0,0.0,0.0,0.0,67.9706,41,1
sybil_type3,6272,1,1,0.0,0.0,0.0,0.0,0.0,68.4006,42,1
sybil_type3,6273,1,1,0.0,0.0,0.0,0.0,0.0,69.1006,46,1
sybil_type3,6275,1,1,0.0,0.0,0.0,0.0,0.0,70.8806,42,1
sybil_type3,6276,1,1,0.0,0.0,0.0,0.0,0.0,71.0006,44,1
sybil_type3,6277,1,1,0.0,0.0,0.0,0.0,0.0,71.4306,44,1
sybil_type3,6278,1,1,0.0,0.0,0.0,0.0,0.0,72.1306,45,1
sybil_type3,6280,1,1,0.0,0.0,0.0,0.0,0.0,73.9106,41,1
sybil_type3,6281,1,1,0.0,0.0,0.0,0.0,0.0,74.0306,40,1
sybil_type3,6282,1,1,0.0,0.0,0.0,0.0,0.0,74.4606,40,1
sybil_type3,6283,1,1,0.0,0.0,0.0,0.0,0.0,75.1606,45,1
sybil_type3,6285,1,1,0.0,0.0,0.0,0.0,0.0,76.8506,39,1
sybil_type3,6286,1,1,0.0,0.0,0.0,0.0,0.0,76.9706,39,1
sybil_type3,6287,1,1,0.0,0.0,0.0,0.0,0.0,77.4006,41,1
sybil_type3,6288,1,1,0.0,0.0,0.0,0.0,0.0,78.1006,42,1
sybil_type3,6290,1,1,0.0,0.0,0.0,0.0,0.0,79.8806,40,1
sybil_type3,6291,1,1,0.0,0.0,0.0,0.0,0.0,80.0006,43,1
sybil_type3,6292,1,1,0.0,0.0,0.0,0.0,0.0,80.4306,43,1
sybil_type3,6293,1,1,0.0,0.0,0.0,0.0,0.0,81.1306,42,1
sybil_type3,6295,1,1,0.0,0.0,0.0,0.0,0.0,82.9106,40,1
sybil_type3,6296,1,1,0.0,0.0,0.0,0.0,0.0,83.0306,38,1
sybil_type3,6297,1,1,0.0,0.0,0.0,0.0,0.0,83.4606,38,1
sybil_type3,6298,1,1,0.0,0.0,0.0,0.0,0.0,84.1606,43,1
sybil_type3,6300,1,1,0.0,0.0,0.0,0.0,0.0,85.8506,38,1
sybil_type3,6301,1,1,0.0,0.0,0.0,0.0,0.0,85.9706,38,1
sybil_type3,6302,1,1,0.0,0.0,0.0,0.0,0.0,86.4006,42,1
sybil_type3,6303,1,1,0.0,0.0,0.0,0.0,0.0,87.1006,43,1
sybil_type3,6305,1,1,0.0,0.0,0.0,0.0,0.0,88.8806,39,1
sybil_type3,6306,1,1,0.0,0.0,0.0,0.0,0.0,89.0006,43,1
sybil_type3,6307,1,1,0.0,0.0,0.0,0.0,0.0,89.4306,43,1
sybil_type3,6308,1,1,0.0,0.0,0.0,0.0,0.0,90.1306,42,1
sybil_type3,6310,1,1,0.0,0.0,0.0,0.0,0.0,91.9106,40,1
sybil_type3,6311,1,1,0.0,0.0,0.0,0.0,0.0,92.0306,42,1
sybil_type3,6312,1,1,0.0,0.0,0.0,0.0,0.0,92.4606,42,1
sybil_type3,6313,1,1,0.0,0.0,0.0,0.0,0.0,93.1606,46,1
sybil_type3,6315,1,1,0.0,0.0,0.0,0.0,0.0,94.8506,39,1
sybil_type3,6316,1,1,0.0,0.0,0.0,0.0,0.0,94.9706,39,1
sybil_type3,6317,1,1,0.0,0.0,0.0,0.0,0.0,95.4006,42,1
sybil_type3,6318,1,1,0.0,0.0,0.0,0.0,0.0,96.1006,42,1
sybil_type3,6320,1,1,0.0,0.0,0.0,0.0,0.0,97.8806,40,1
sybil_type3,6321,1,1,0.0,0.0,0.0,0.0,0.0,98.0006,43,1
sybil_type3,6322,1,1,0.0,0.0,0.0,0.0,0.0,98.4306,43,1
sybil_type3,6323,1,1,0.0,0.0,0.0,0.0,0.0,99.1306,42,1
sybil_type3,6325,1,1,0.0,0.0,0.0,0.0,0.0,100.911,41,1
sybil_type3,6326,1,1,0.0,0.0,0.0,0.0,0.0,101.031,42,1
sybil_type3,6327,1,1,0.0,0.0,0.0,0.0,0.0,101.461,42,1
sybil_type3,6328,1,1,0.0,0.0,0.0,0.0,0.0,102.161,46,1
sybil_type3,6330,1,1,0.0,0.0,0.0,0.0,0.0,103.851,39,1
sybil_type3,6331,1,1,0.0,0.0,0.0,0.0,0.0,103.971,39,1
sybil_type3,6332,1,1,0.0,0.0,0.0,0.0,0.0,104.401,44,1
sybil_type3,6333,1,1,0.0,0.0,0.0,0.0,0.0,105.101,46,1
sybil_type3,6335,1,1,0.0,0.0,0.0,0.0,0.0,106.881,42,1
sybil_type3,6336,1,1,0.0,0.0,0.0,0.0,0.0,107.001,45,1
sybil_type3,6337,1,1,0.0,0.0,0.0,0.0,0.0,107.431,45,1
sybil_type3,6338,1,1,0.0,0.0,0.0,0.0,0.0,108.131,45,1
sybil_type3,6340,1,1,0.0,0.0,0.0,0.0,0.0,109.911,43,1
sybil_type3,6341,1,1,0.0,0.0,0.0,0.0,0.0,110.031,42,1
sybil_type3,6342,1,1,0.0,0.0,0.0,0.0,0.0,110.461,42,1
sybil_type3,6343,1,1,0.0,0.0,0.0,0.0,0.0,111.161,48,1
sybil_type3,6345,1,1,0.0,0.0,0.0,0.0,0.0,112.851,41,1
sybil_type3,6346,1,1,0.0,0.0,0.0,0.0,0.0,112.971,41,1
sybil_type3,6347,1,1,0.0,0.0,0.0,0.0,0.0,113.401,44,1
sybil_type3,6348,1,1,0.0,0.0,0.0,0.0,0.0,114.101,43,1
sybil_type3,6350,1,1,0.0,0.0,0.0,0.0,0.0,115.881,41,1
sybil_type3,6351,1,1,0.0,0.0,0.0,0.0,0.0,116.001,45,1
sybil_type3,6352,1,1,0.0,0.0,0.0,0.0,0.0,116.431,45,1
sybil_type3,6353,1,1,0.0,0.0,0.0,0.0,0.0,117.131,42,1
sybil_type3,6355,1,1,0.0,0.0,0.0,0.0,0.0,118.911,40,1
sybil_type3,6356,1,1,0.0,0.0,0.0,0.0,0.0,119.031,32,1
sybil_type3,6357,1,1,0.0,0.0,0.0,0.0,0.0,119.461,32,1
sybil_type3,6665,1,1,0.0,0.0,0.0,0.0,0.0,5.1606,46,1
sybil_type3,6666,1,1,0.0,0.0,0.0,0.0,0.0,5.2806,46,1
sybil_type3,6667,1,1,0.0,0.0,0.0,0.0,0.0,5.7106,46,1
sybil_type3,6668,1,1,0.0,0.0,0.0,0.0,0.0,6.4106,49,1
sybil_type3,6670,1,1,0.0,0.0,0.0,0.0,0.0,8.1006,64,1
sybil_type3,6671,1,1,0.0,0.0,0.0,0.0,0.0,8.2206,64,1
sybil_type3,6672,1,1,0.0,0.0,0.0,0.0,0.0,8.6506,64,1
sybil_type3,6673,1,1,0.0,0.0,0.0,0.0,0.0,9.3506,48,1
sybil_type3,6675,1,1,0.0,0.0,0.0,0.0,0.0,11.1306,42,1
sybil_type3,6676,1,1,0.0,0.0,0.0,0.0,0.0,11.2506,42,1
sybil_type3,6677,1,1,0.0,0.0,0.0,0.0,0.0,11.6806,42,1
sybil_type3,6678,1,1,0.0,0.0,0.0,0.0,0.0,12.3806,46,1
sybil_type3,6680,1,1,0.0,0.0,0.0,0.0,0.0,14.1606,44,1
sybil_type3,6681,1,1,0.0,0.0,0.0,0.0,0.0,14.2806,44,1
sybil_type3,6682,1,1,0.0,0.0,0.0,0.0,0.0,14.7106,44,1
sybil_type3,6683,1,1,0.0,0.0,0.0,0.0,0.0,15.4106,44,1
sybil_type3,6685,1,1,0.0,0.0,0.0,0.0,0.0,17.1006,45,1
sybil_type3,6686,1,1,0.0,0.0,0.0,0.0,0.0,17.2206,45,1
sybil_type3,6687,1,1,0.0,0.0,0.0,0.0,0.0,17.6506,45,1
sybil_type3,6688,1,1,0.0,0.0,0.0,0.0,0.0,18.3506,43,1
sybil_type3,6690,1,1,0.0,0.0,0.0,0.0,0.0,20.1306,42,1
sybil_type3,6691,1,1,0.0,0.0,0.0,0.0,0.0,20.2506,42,1
sybil_type3,6692,1,1,0.0,0.0,0.0,0.0,0.0,20.6806,42,1
sybil_type3,6693,1,1,0.0,0.0,0.0,0.0,0.0,21.3806,46,1
sybil_type3,6695,1,1,0.0,0.0,0.0,0.0,0.0,23.1606,44,1
sybil_type3,6696,1,1,0.0,0.0,0.0,0.0,0.0,23.2806,44,1
sybil_type3,6697,1,1,0.0,0.0,0.0,0.0,0.0,23.7106,44,1
sybil_type3,6698,1,1,0.0,0.0,0.0,0.0,0.0,24.4106,44,1
sybil_type3,6700,1,1,0.0,0.0,0.0,0.0,0.0,26.1006,45,1
sybil_type3,6701,1,1,0.0,0.0,0.0,0.0,0.0,26.2206,45,1
sybil_type3,6702,1,1,0.0,0.0,0.0,0.0,0.0,26.6506,45,1
sybil_type3,6703,1,1,0.0,0.0,0.0,0.0,0.0,27.3506,43,1
sybil_type3,6705,1,1,0.0,0.0,0.0,0.0,0.0,29.1306,42,1
sybil_type3,6706,1,1,0.0,0.0,0.0,0.0,0.0,29.2506,42,1
sybil_type3,6707,1,1,0.0,0.0,0.0,0.0,0.0,29.6806,42,1
sybil_type3,6708,1,1,0.0,0.0,0.0,0.0,0.0,30.3806,46,1
sybil_type3,6710,1,1,0.0,0.0,0.0,0.0,0.0,32.1606,44,1
sybil_type3,6711,1,1,0.0,0.0,0.0,0.0,0.0,32.2806,44,1
sybil_type3,6712,1,1,0.0,0.0,0.0,0.0,0.0,32.7106,44,1
sybil_type3,6713,1,1,0.0,0.0,0.0,0.0,0.0,33.4106,44,1
sybil_type3,6715,1,1,0.0,0.0,0.0,0.0,0.0,35.1006,45,1
sybil_type3,6716,1,1,0.0,0.0,0.0,0.0,0.0,35.2206,45,1
sybil_type3,6717,1,1,0.0,0.0,0.0,0.0,0.0,35.6506,45,1
sybil_type3,6718,1,1,0.0,0.0,0.0,0.0,0.0,36.3506,43,1
sybil_type3,6720,1,1,0.0,0.0,0.0,0.0,0.0,38.1306,42,1
sybil_type3,6721,1,1,0.0,0.0,0.0,0.0,0.0,38.2506,42,1
sybil_type3,6722,1,1,0.0,0.0,0.0,0.0,0.0,38.6806,42,1
sybil_type3,6723,1,1,0.0,0.0,0.0,0.0,0.0,39.3806,46,1
sybil_type3,6725,1,1,0.0,0.0,0.0,0.0,0.0,41.1606,44,1
sybil_type3,6726,1,1,0.0,0.0,0.0,0.0,0.0,41.2806,44,1
sybil_type3,6727,1,1,0.0,0.0,0.0,0.0,0.0,41.7106,44,1
sybil_type3,6728,1,1,0.0,0.0,0.0,0.0,0.0,42.4106,44,1
sybil_type3,6730,1,1,0.0,0.0,0.0,0.0,0.0,44.1006,45,1
sybil_type3,6731,1,1,0.0,0.0,0.0,0.0,0.0,44.2206,45,1
sybil_type3,6732,1,1,0.0,0.0,0.0,0.0,0.0,44.6506,45,1
sybil_type3,6733,1,1,0.0,0.0,0.0,0.0,0.0,45.3506,43,1
sybil_type3,6735,1,1,0.0,0.0,0.0,0.0,0.0,47.1306,42,1
sybil_type3,6736,1,1,0.0,0.0,0.0,0.0,0.0,47.2506,42,1
sybil_type3,6737,1,1,0.0,0.0,0.0,0.0,0.0,47.6806,42,1
sybil_type3,6738,1,1,0.0,0.0,0.0,0.0,0.0,48.3806,46,1
sybil_type3,6740,1,1,0.0,0.0,0.0,0.0,0.0,50.1606,44,1
sybil_type3,6741,1,1,0.0,0.0,0.0,0.0,0.0,50.2806,44,1
sybil_type3,6742,1,1,0.0,0.0,0.0,0.0,0.0,50.7106,44,1
sybil_type3,6743,1,1,0.0,0.0,0.0,0.0,0.0,51.4106,44,1
sybil_type3,6745,1,1,0.0,0.0,0.0,0.0,0.0,53.1006,45,1
sybil_type3,6746,1,1,0.0,0.0,0.0,0.0,0.0,53.2206,45,1
sybil_type3,6747,1,1,0.0,0.0,0.0,0.0,0.0,53.6506,45,1
sybil_type3,6748,1,1,0.0,0.0,0.0,0.0,0.0,54.3506,43,1
sybil_type3,6750,1,1,0.0,0.0,0.0,0.0,0.0,56.1306,42,1
sybil_type3,6751,1,1,0.0,0.0,0.0,0.0,0.0,56.2506,42,1
sybil_type3,6752,1,1,0.0,0.0,0.0,0.0,0.0,56.6806,42,1
sybil_type3,6753,1,1,0.0,0.0,0.0,0.0,0.0,57.3806,46,1
sybil_type3,6755,1,1,0.0,0.0,0.0,0.0,0.0,59.1606,45,1
sybil_type3,6756,1,1,0.0,0.0,0.0,0.0,0.0,59.2806,45,1
sybil_type3,6757,1,1,0.0,0.0,0.0,0.0,0.0,59.7106,45,1
sybil_type3,6758,1,1,0.0,0.0,0.0,0.0,0.0,60.4106,46,1
sybil_type3,6760,1,1,0.0,0.0,0.0,0.0,0.0,62.1006,45,1
sybil_type3,6761,1,1,0.0,0.0,0.0,0.0,0.0,62.2206,45,1
sybil_type3,6762,1,1,0.0,0.0,0.0,0.0,0.0,62.6506,45,1
sybil_type3,6763,1,1,0.0,0.0,0.0,0.0,0.0,63.3506,45,1
sybil_type3,6765,1,1,0.0,0.0,0.0,0.0,0.0,65.1306,41,1
sybil_type3,6766,1,1,0.0,0.0,0.0,0.0,0.0,65.2506,41,1
sybil_type3,6767,1,1,0.0,0.0,0.0,0.0,0.0,65.6806,41,1
sybil_type3,6768,1,1,0.0,0.0,0.0,0.0,0.0,66.3806,48,1
sybil_type3,6770,1,1,0.0,0.0,0.0,0.0,0.0,68.1606,42,1
sybil_type3,6771,1,1,0.0,0.0,0.0,0.0,0.0,68.2806,42,1
sybil_type3,6772,1,1,0.0,0.0,0.0,0.0,0.0,68.7106,42,1
sybil_type3,6773,1,1,0.0,0.0,0.0,0.0,0.0,69.4106,46,1
sybil_type3,6775,1,1,0.0,0.0,0.0,0.0,0.0,71.1006,44,1
sybil_type3,6776,1,1,0.0,0.0,0.0,0.0,0.0,71.2206,44,1
sybil_type3,6777,1,1,0.0,0.0,0.0,0.0,0.0,71.6506,44,1
sybil_type3,6778,1,1,0.0,0.0,0.0,0.0,0.0,72.3506,45,1
sybil_type3,6780,1,1,0.0,0.0,0.0,0.0,0.0,74.1306,40,1
sybil_type3,6781,1,1,0.0,0.0,0.0,0.0,0.0,74.2506,40,1
sybil_type3,6782,1,1,0.0,0.0,0.0,0.0,0.0,74.6806,40,1
sybil_type3,6783,1,1,0.0,0.0,0.0,0.0,0.0,75.3806,45,1
sybil_type3,6785,1,1,0.0,0.0,0.0,0.0,0.0,77.1606,41,1
sybil_type3,6786,1,1,0.0,0.0,0.0,0.0,0.0,77.2806,41,1
sybil_type3,6787,1,1,0.0,0.0,0.0,0.0,0.0,77.7106,41,1
sybil_type3,6788,1,1,0.0,0.0,0.0,0.0,0.0,78.4106,42,1
sybil_type3,6790,1,1,0.0,0.0,0.0,0.0,0.0,80.1006,43,1
sybil_type3,6791,1,1,0.0,0.0,0.0,0.0,0.0,80.2206,43,1
sybil_type3,6792,1,1,0.0,0.0,0.0,0.0,0.0,80.6506,43,1
sybil_type3,6793,1,1,0.0,0.0,0.0,0.0,0.0,81.3506,42,1
sybil_type3,6795,1,1,0.0,0.0,0.0,0.0,0.0,83.1306,38,1
sybil_type3,6796,1,1,0.0,0.0,0.0,0.0,0.0,83.2506,38,1
sybil_type3,6797,1,1,0.0,0.0,0.0,0.0,0.0,83.6806,38,1
sybil_type3,6798,1,1,0.0,0.0,0.0,0.0,0.0,84.3806,43,1
sybil_type3,6800,1,1,0.0,0.0,0.0,0.0,0.0,86.1606,42,1
sybil_type3,6801,1,1,0.0,0.0,0.0,0.0,0.0,86.2806,42,1
sybil_type3,6802,1,1,0.0,0.0,0.0,0.0,0.0,86.7106,42,1
sybil_type3,6803,1,1,0.0,0.0,0.0,0.0,0.0,87.4106,43,1
sybil_type3,6805,1,1,0.0,0.0,0.0,0.0,0.0,89.1006,43,1
sybil_type3,6806,1,1,0.0,0.0,0.0,0.0,0.0,89.2206,43,1
sybil_type3,6807,1,1,0.0,0.0,0.0,0.0,0.0,89.6506,43,1
sybil_type3,6808,1,1,0.0,0.0,0.0,0.0,0.0,90.3506,42,1
sybil_type3,6810,1,1,0.0,0.0,0.0,0.0,0.0,92.1306,42,1
sybil_type3,6811,1,1,0.0,0.0,0.0,0.0,0.0,92.2506,42,1
sybil_type3,6812,1,1,0.0,0.0,0.0,0.0,0.0,92.6806,42,1
sybil_type3,6813,1,1,0.0,0.0,0.0,0.0,0.0,93.3806,46,1
sybil_type3,6815,1,1,0.0,0.0,0.0,0.0,0.0,95.1606,42,1
sybil_type3,6816,1,1,0.0,0.0,0.0,0.0,0.0,95.2806,42,1
sybil_type3,6817,1,1,0.0,0.0,0.0,0.0,0.0,95.7106,42,1
sybil_type3,6818,1,1,0.0,0.0,0.0,0.0,0.0,96.4106,42,1
sybil_type3,6820,1,1,0.0,0.0,0.0,0.0,0.0,98.1006,43,1
sybil_type3,6821,1,1,0.0,0.0,0.0,0.0,0.0,98.2206,43,1
sybil_type3,6822,1,1,0.0,0.0,0.0,0.0,0.0,98.6506,43,1
sybil_type3,6823,1,1,0.0,0.0,0.0,0.0,0.0,99.3506,42,1
sybil_type3,6825,1,1,0.0,0.0,0.0,0.0,0.0,101.131,42,1
sybil_type3,6826,1,1,0.0,0.0,0.0,0.0,0.0,101.251,42,1
sybil_type3,6827,1,1,0.0,0.0,0.0,0.0,0.0,101.681,42,1
sybil_type3,6828,1,1,0.0,0.0,0.0,0.0,0.0,102.381,46,1
sybil_type3,6830,1,1,0.0,0.0,0.0,0.0,0.0,104.161,44,1
sybil_type3,6831,1,1,0.0,0.0,0.0,0.0,0.0,104.281,44,1
sybil_type3,6832,1,1,0.0,0.0,0.0,0.0,0.0,104.711,44,1
sybil_type3,6833,1,1,0.0,0.0,0.0,0.0,0.0,105.411,46,1
sybil_type3,6835,1,1,0.0,0.0,0.0,0.0,0.0,107.101,45,1
sybil_type3,6836,1,1,0.0,0.0,0.0,0.0,0.0,107.221,45,1
sybil_type3,6837,1,1,0.0,0.0,0.0,0.0,0.0,107.651,45,1
sybil_type3,6838,1,1,0.0,0.0,0.0,0.0,0.0,108.351,45,1
sybil_type3,6840,1,1,0.0,0.0,0.0,0.0,0.0,110.131,42,1
sybil_type3,6841,1,1,0.0,0.0,0.0,0.0,0.0,110.251,42,1
sybil_type3,6842,1,1,0.0,0.0,0.0,0.0,0.0,110.681,42,1
sybil_type3,6843,1,1,0.0,0.0,0.0,0.0,0.0,111.381,48,1
sybil_type3,6845,1,1,0.0,0.0,0.0,0.0,0.0,113.161,44,1
sybil_type3,6846,1,1,0.0,0.0,0.0,0.0,0.0,113.281,44,1
sybil_type3,6847,1,1,0.0,0.0,0.0,0.0,0.0,113.711,44,1
sybil_type3,6848,1,1,0.0,0.0,0.0,0.0,0.0,114.411,43,1
sybil_type3,6850,1,1,0.0,0.0,0.0,0.0,0.0,116.101,45,1
sybil_type3,6851,1,1,0.0,0.0,0.0,0.0,0.0,116.221,45,1
sybil_type3,6852,1,1,0.0,0.0,0.0,0.0,0.0,116.651,45,1
sybil_type3,6853,1,1,0.0,0.0,0.0,0.0,0.0,117.351,42,1
sybil_type3,6855,1,1,0.0,0.0,0.0,0.0,0.0,119.131,32,1
sybil_type3,6856,1,1,0.0,0.0,0.0,0.0,0.0,119.251,32,1
sybil_type3,6857,1,1,0.0,0.0,0.0,0.0,0.0,119.681,32,1
sybil_type3,6965,1,1,0.0,0.0,0.0,0.0,0.0,5.3106,46,1
sybil_type3,6966,1,1,0.0,0.0,0.0,0.0,0.0,5.4306,46,1
sybil_type3,6967,1,1,0.0,0.0,0.0,0.0,0.0,5.8606,46,1
sybil_type3,6968,1,1,0.0,0.0,0.0,0.0,0.0,6.5606,49,1
sybil_type3,6970,1,1,0.0,0.0,0.0,0.0,0.0,8.2506,64,1
sybil_type3,6971,1,1,0.0,0.0,0.0,0.0,0.0,8.3706,64,1
sybil_type3,6972,1,1,0.0,0.0,0.0,0.0,0.0,8.8006,64,1
sybil_type3,6973,1,1,0.0,0.0,0.0,0.0,0.0,9.5006,48,1
sybil_type3,6975,1,1,0.0,0.0,0.0,0.0,0.0,11.2806,42,1
sybil_type3,6976,1,1,0.0,0.0,0.0,0.0,0.0,11.4006,42,1
sybil_type3,6977,1,1,0.0,0.0,0.0,0.0,0.0,11.8306,42,1
sybil_type3,6978,1,1,0.0,0.0,0.0,0.0,0.0,12.5306,46,1
sybil_type3,6980,1,1,0.0,0.0,0.0,0.0,0.0,14.3106,44,1
sybil_type3,6981,1,1,0.0,0.0,0.0,0.0,0.0,14.4306,44,1
sybil_type3,6982,1,1,0.0,0.0,0.0,0.0,0.0,14.8606,44,1
sybil_type3,6983,1,1,0.0,0.0,0.0,0.0,0.0,15.5606,44,1
sybil_type3,6985,1,1,0.0,0.0,0.0,0.0,0.0,17.2506,45,1
sybil_type3,6986,1,1,0.0,0.0,0.0,0.0,0.0,17.3706,45,1
sybil_type3,6987,1,1,0.0,0.0,0.0,0.0,0.0,17.8006,45,1
sybil_type3,6988,1,1,0.0,0.0,0.0,0.0,0.0,18.5006,43,1
sybil_type3,6990,1,1,0.0,0.0,0.0,0.0,0.0,20.2806,42,1
sybil_type3,6991,1,1,0.0,0.0,0.0,0.0,0.0,20.4006,42,1
sybil_type3,6992,1,1,0.0,0.0,0.0,0.0,0.0,20.8306,42,1
sybil_type3,6993,1,1,0.0,0.0,0.0,0.0,0.0,21.5306,46,1
sybil_type3,6995,1,1,0.0,0.0,0.0,0.0,0.0,23.3106,44,1
sybil_type3,6996,1,1,0.0,0.0,0.0,0.0,0.0,23.4306,44,1
sybil_type3,6997,1,1,0.0,0.0,0.0,0.0,0.0,23.8606,44,1
sybil_type3,6998,1,1,0.0,0.0,0.0,0.0,0.0,24.5606,44,1
sybil_type3,7000,1,1,0.0,0.0,0.0,0.0,0.0,26.2506,45,1
sybil_type3,7001,1,1,0.0,0.0,0.0,0.0,0.0,26.3706,45,1
sybil_type3,7002,1,1,0.0,0.0,0.0,0.0,0.0,26.8006,45,1
sybil_type3,7003,1,1,0.0,0.0,0.0,0.0,0.0,27.5006,43,1
sybil_type3,7005,1,1,0.0,0.0,0.0,0.0,0.0,29.2806,42,1
sybil_type3,7006,1,1,0.0,0.0,0.0,0.0,0.0,29.4006,42,1
sybil_type3,7007,1,1,0.0,0.0,0.0,0.0,0.0,29.8306,42,1
sybil_type3,7008,1,1,0.0,0.0,0.0,0.0,0.0,30.5306,46,1
sybil_type3,7010,1,1,0.0,0.0,0.0,0.0,0.0,32.3106,44,1
sybil_type3,7011,1,1,0.0,0.0,0.0,0.0,0.0,32.4306,44,1
sybil_type3,7012,1,1,0.0,0.0,0.0,0.0,0.0,32.8606,44,1
sybil_type3,7013,1,1,0.0,0.0,0.0,0.0,0.0,33.5606,44,1
sybil_type3,7015,1,1,0.0,0.0,0.0,0.0,0.0,35.2506,45,1
sybil_type3,7016,1,1,0.0,0.0,0.0,0.0,0.0,35.3706,45,1
sybil_type3,7017,1,1,0.0,0.0,0.0,0.0,0.0,35.8006,45,1
sybil_type3,7018,1,1,0.0,0.0,0.0,0.0,0.0,36.5006,43,1
sybil_type3,7020,1,1,0.0,0.0,0.0,0.0,0.0,38.2806,42,1
sybil_type3,7021,1,1,0.0,0.0,0.0,0.0,0.0,38.4006,42,1
sybil_type3,7022,1,1,0.0,0.0,0.0,0.0,0.0,38.8306,42,1
sybil_type3,7023,1,1,0.0,0.0,0.0,0.0,0.0,39.5306,46,1
sybil_type3,7025,1,1,0.0,0.0,0.0,0.0,0.0,41.3106,44,1
sybil_type3,7026,1,1,0.0,0.0,0.0,0.0,0.0,41.4306,44,1
sybil_type3,7027,1,1,0.0,0.0,0.0,0.0,0.0,41.8606,44,1
sybil_type3,7028,1,1,0.0,0.0,0.0,0.0,0.0,42.5606,44,1
sybil_type3,7030,1,1,0.0,0.0,0.0,0.0,0.0,44.2506,45,1
sybil_type3,7031,1,1,0.0,0.0,0.0,0.0,0.0,44.3706,45,1
sybil_type3,7032,1,1,0.0,0.0,0.0,0.0,0.0,44.8006,45,1
sybil_type3,7033,1,1,0.0,0.0,0.0,0.0,0.0,45.5006,43,1
sybil_type3,7035,1,1,0.0,0.0,0.0,0.0,0.0,47.2806,42,1
sybil_type3,7036,1,1,0.0,0.0,0.0,0.0,0.0,47.4006,42,1
sybil_type3,7037,1,1,0.0,0.0,0.0,0.0,0.0,47.8306,42,1
sybil_type3,7038,1,1,0.0,0.0,0.0,0.0,0.0,48.5306,46,1
sybil_type3,7040,1,1,0.0,0.0,0.0,0.0,0.0,50.3106,44,1
sybil_type3,7041,1,1,0.0,0.0,0.0,0.0,0.0,50.4306,44,1
sybil_type3,7042,1,1,0.0,0.0,0.0,0.0,0.0,50.8606,44,1
sybil_type3,7043,1,1,0.0,0.0,0.0,0.0,0.0,51.5606,44,1
sybil_type3,7045,1,1,0.0,0.0,0.0,0.0,0.0,53.2506,45,1
sybil_type3,7046,1,1,0.0,0.0,0.0,0.0,0.0,53.3706,45,1
sybil_type3,7047,1,1,0.0,0.0,0.0,0.0,0.0,53.8006,45,1
sybil_type3,7048,1,1,0.0,0.0,0.0,0.0,0.0,54.5006,43,1
sybil_type3,7050,1,1,0.0,0.0,0.0,0.0,0.0,56.2806,42,1
sybil_type3,7051,1,1,0.0,0.0,0.0,0.0,0.0,56.4006,42,1
sybil_type3,7052,1,1,0.0,0.0,0.0,0.0,0.0,56.8306,42,1
sybil_type3,7053,1,1,0.0,0.0,0.0,0.0,0.0,57.5306,46,1
sybil_type3,7055,1,1,0.0,0.0,0.0,0.0,0.0,59.3106,45,1
sybil_type3,7056,1,1,0.0,0.0,0.0,0.0,0.0,59.4306,45,1
sybil_type3,7057,1,1,0.0,0.0,0.0,0.0,0.0,59.8606,45,1
sybil_type3,7058,1,1,0.0,0.0,0.0,0.0,0.0,60.5606,46,1
sybil_type3,7060,1,1,0.0,0.0,0.0,0.0,0.0,62.2506,45,1
sybil_type3,7061,1,1,0.0,0.0,0.0,0.0,0.0,62.3706,45,1
sybil_type3,7062,1,1,0.0,0.0,0.0,0.0,0.0,62.8006,45,1
sybil_type3,7063,1,1,0.0,0.0,0.0,0.0,0.0,63.5006,45,1
sybil_type3,7065,1,1,0.0,0.0,0.0,0.0,0.0,65.2806,41,1
sybil_type3,7066,1,1,0.0,0.0,0.0,0.0,0.0,65.4006,41,1
sybil_type3,7067,1,1,0.0,0.0,0.0,0.0,0.0,65.8306,41,1
sybil_type3,7068,1,1,0.0,0.0,0.0,0.0,0.0,66.5306,48,1
sybil_type3,7070,1,1,0.0,0.0,0.0,0.0,0.0,68.3106,42,1
sybil_type3,7071,1,1,0.0,0.0,0.0,0.0,0.0,68.4306,42,1
sybil_type3,7072,1,1,0.0,0.0,0.0,0.0,0.0,68.8606,42,1
sybil_type3,7073,1,1,0.0,0.0,0.0,0.0,0.0,69.5606,46,1
sybil_type3,7075,1,1,0.0,0.0,0.0,0.0,0.0,71.2506,44,1
sybil_type3,7076,1,1,0.0,0.0,0.0,0.0,0.0,71.3706,44,1
sybil_type3,7077,1,1,0.0,0.0,0.0,0.0,0.0,71.8006,44,1
sybil_type3,7078,1,1,0.0,0.0,0.0,0.0,0.0,72.5006,45,1
sybil_type3,7080,1,1,0.0,0.0,0.0,0.0,0.0,74.2806,40,1
sybil_type3,7081,1,1,0.0,0.0,0.0,0.0,0.0,74.4006,40,1
sybil_type3,7082,1,1,0.0,0.0,0.0,0.0,0.0,74.8306,40,1
sybil_type3,7083,1,1,0.0,0.0,0.0,0.0,0.0,75.5306,45,1
sybil_type3,7085,1,1,0.0,0.0,0.0,0.0,0.0,77.3106,41,1
sybil_type3,7086,1,1,0.0,0.0,0.0,0.0,0.0,77.4306,41,1
sybil_type3,7087,1,1,0.0,0.0,0.0,0.0,0.0,77.8606,41,1
sybil_type3,7088,1,1,0.0,0.0,0.0,0.0,0.0,78.5606,42,1
sybil_type3,7090,1,1,0.0,0.0,0.0,0.0,0.0,80.2506,43,1
sybil_type3,7091,1,1,0.0,0.0,0.0,0.0,0.0,80.3706,43,1
sybil_type3,7092,1,1,0.0,0.0,0.0,0.0,0.0,80.8006,43,1
sybil_type3,7093,1,1,0.0,0.0,0.0,0.0,0.0,81.5006,42,1
sybil_type3,7095,1,1,0.0,0.0,0.0,0.0,0.0,83.2806,38,1
sybil_type3,7096,1,1,0.0,0.0,0.0,0.0,0.0,83.4006,38,1
sybil_type3,7097,1,1,0.0,0.0,0.0,0.0,0.0,83.8306,38,1
sybil_type3,7098,1,1,0.0,0.0,0.0,0.0,0.0,84.5306,43,1
sybil_type3,7100,1,1,0.0,0.0,0.0,0.0,0.0,86.3106,42,1
sybil_type3,7101,1,1,0.0,0.0,0.0,0.0,0.0,86.4306,42,1
sybil_type3,7102,1,1,0.0,0.0,0.0,0.0,0.0,86.8606,42,1
sybil_type3,7103,1,1,0.0,0.0,0.0,0.0,0.0,87.5606,43,1
sybil_type3,7105,1,1,0.0,0.0,0.0,0.0,0.0,89.2506,43,1
sybil_type3,7106,1,1,0.0,0.0,0.0,0.0,0.0,89.3706,43,1
sybil_type3,7107,1,1,0.0,0.0,0.0,0.0,0.0,89.8006,43,1
sybil_type3,7108,1,1,0.0,0.0,0.0,0.0,0.0,90.5006,42,1
sybil_type3,7110,1,1,0.0,0.0,0.0,0.0,0.0,92.2806,42,1
sybil_type3,7111,1,1,0.0,0.0,0.0,0.0,0.0,92.4006,42,1
sybil_type3,7112,1,1,0.0,0.0,0.0,0.0,0.0,92.8306,42,1
sybil_type3,7113,1,1,0.0,0.0,0.0,0.0,0.0,93.5306,46,1
sybil_type3,7115,1,1,0.0,0.0,0.0,0.0,0.0,95.3106,42,1
sybil_type3,7116,1,1,0.0,0.0,0.0,0.0,0.0,95.4306,42,1
sybil_type3,7117,1,1,0.0,0.0,0.0,0.0,0.0,95.8606,42,1
sybil_type3,7118,1,1,0.0,0.0,0.0,0.0,0.0,96.5606,42,1
sybil_type3,7120,1,1,0.0,0.0,0.0,0.0,0.0,98.2506,43,1
sybil_type3,7121,1,1,0.0,0.0,0.0,0.0,0.0,98.3706,43,1
sybil_type3,7122,1,1,0.0,0.0,0.0,0.0,0.0,98.8006,43,1
sybil_type3,7123,1,1,0.0,0.0,0.0,0.0,0.0,99.5006,42,1
sybil_type3,7125,1,1,0.0,0.0,0.0,0.0,0.0,101.281,42,1
sybil_type3,7126,1,1,0.0,0.0,0.0,0.0,0.0,101.401,42,1
sybil_type3,7127,1,1,0.0,0.0,0.0,0.0,0.0,101.831,42,1
sybil_type3,7128,1,1,0.0,0.0,0.0,0.0,0.0,102.531,46,1
sybil_type3,7130,1,1,0.0,0.0,0.0,0.0,0.0,104.311,44,1
sybil_type3,7131,1,1,0.0,0.0,0.0,0.0,0.0,104.431,44,1
sybil_type3,7132,1,1,0.0,0.0,0.0,0.0,0.0,104.861,44,1
sybil_type3,7133,1,1,0.0,0.0,0.0,0.0,0.0,105.561,46,1
sybil_type3,7135,1,1,0.0,0.0,0.0,0.0,0.0,107.251,45,1
sybil_type3,7136,1,1,0.0,0.0,0.0,0.0,0.0,107.371,45,1
sybil_type3,7137,1,1,0.0,0.0,0.0,0.0,0.0,107.801,45,1
sybil_type3,7138,1,1,0.0,0.0,0.0,0.0,0.0,108.501,45,1
sybil_type3,7140,1,1,0.0,0.0,0.0,0.0,0.0,110.281,42,1
sybil_type3,7141,1,1,0.0,0.0,0.0,0.0,0.0,110.401,42,1
sybil_type3,7142,1,1,0.0,0.0,0.0,0.0,0.0,110.831,42,1
sybil_type3,7143,1,1,0.0,0.0,0.0,0.0,0.0,111.531,48,1
sybil_type3,7145,1,1,0.0,0.0,0.0,0.0,0.0,113.311,44,1
sybil_type3,7146,1,1,0.0,0.0,0.0,0.0,0.0,113.431,44,1
sybil_type3,7147,1,1,0.0,0.0,0.0,0.0,0.0,113.861,44,1
sybil_type3,7148,1,1,0.0,0.0,0.0,0.0,0.0,114.561,43,1
sybil_type3,7150,1,1,0.0,0.0,0.0,0.0,0.0,116.251,45,1
sybil_type3,7151,1,1,0.0,0.0,0.0,0.0,0.0,116.371,45,1
sybil_type3,7152,1,1,0.0,0.0,0.0,0.0,0.0,116.801,45,1
sybil_type3,7153,1,1,0.0,0.0,0.0,0.0,0.0,117.501,42,1
sybil_type3,7155,1,1,0.0,0.0,0.0,0.0,0.0,119.281,32,1
sybil_type3,7156,1,1,0.0,0.0,0.0,0.0,0.0,119.401,32,1
sybil_type3,7157,1,1,0.0,0.0,0.0,0.0,0.0,119.831,32,1
sybil_type3,7465,1,1,0.0,0.0,0.0,0.0,0.0,5.5306,46,1
sybil_type3,7466,1,1,0.0,0.0,0.0,0.0,0.0,5.6506,46,1
sybil_type3,7467,1,1,0.0,0.0,0.0,0.0,0.0,6.0806,49,1
sybil_type3,7468,1,1,0.0,0.0,0.0,0.0,0.0,6.7806,49,1
sybil_type3,7470,1,1,0.0,0.0,0.0,0.0,0.0,8.5606,64,1
sybil_type3,7471,1,1,0.0,0.0,0.0,0.0,0.0,8.6806,64,1
sybil_type3,7472,1,1,0.0,0.0,0.0,0.0,0.0,9.1106,48,1
sybil_type3,7473,7,0,0.000140000000000029,2.3333333333338164e-05,9.428090415463707e-06,0.4040610178055038,49999.999999989646,9.81076,48,1
sybil_type3,7475,1,1,0.0,0.0,0.0,0.0,0.0,11.5006,42,1
sybil_type3,7476,1,1,0.0,0.0,0.0,0.0,0.0,11.6206,42,1
sybil_type3,7477,1,1,0.0,0.0,0.0,0.0,0.0,12.0506,46,1
sybil_type3,7478,1,1,0.0,0.0,0.0,0.0,0.0,12.7506,46,1
sybil_type3,7480,1,1,0.0,0.0,0.0,0.0,0.0,14.5306,44,1
sybil_type3,7481,1,1,0.0,0.0,0.0,0.0,0.0,14.6506,44,1
sybil_type3,7482,1,1,0.0,0.0,0.0,0.0,0.0,15.0806,44,1
sybil_type3,7483,1,1,0.0,0.0,0.0,0.0,0.0,15.7806,44,1
sybil_type3,7485,1,1,0.0,0.0,0.0,0.0,0.0,17.5606,45,1
sybil_type3,7486,1,1,0.0,0.0,0.0,0.0,0.0,17.6806,45,1
sybil_type3,7487,1,1,0.0,0.0,0.0,0.0,0.0,18.1106,43,1
sybil_type3,7488,1,1,0.0,0.0,0.0,0.0,0.0,18.8106,43,1
sybil_type3,7490,1,1,0.0,0.0,0.0,0.0,0.0,20.5006,42,1
sybil_type3,7491,1,1,0.0,0.0,0.0,0.0,0.0,20.6206,42,1
sybil_type3,7492,1,1,0.0,0.0,0.0,0.0,0.0,21.0506,46,1
sybil_type3,7493,1,1,0.0,0.0,0.0,0.0,0.0,21.7506,46,1
sybil_type3,7495,1,1,0.0,0.0,0.0,0.0,0.0,23.5306,44,1
sybil_type3,7496,1,1,0.0,0.0,0.0,0.0,0.0,23.6506,44,1
sybil_type3,7497,1,1,0.0,0.0,0.0,0.0,0.0,24.0806,44,1
sybil_type3,7498,1,1,0.0,0.0,0.0,0.0,0.0,24.7806,44,1
sybil_type3,7500,1,1,0.0,0.0,0.0,0.0,0.0,26.5606,45,1
sybil_type3,7501,1,1,0.0,0.0,0.0,0.0,0.0,26.6806,45,1
sybil_type3,7502,1,1,0.0,0.0,0.0,0.0,0.0,27.1106,43,1
sybil_type3,7503,1,1,0.0,0.0,0.0,0.0,0.0,27.8106,43,1
sybil_type3,7505,1,1,0.0,0.0,0.0,0.0,0.0,29.5006,42,1
sybil_type3,7506,1,1,0.0,0.0,0.0,0.0,0.0,29.6206,42,1
sybil_type3,7507,1,1,0.0,0.0,0.0,0.0,0.0,30.0506,46,1
sybil_type3,7508,1,1,0.0,0.0,0.0,0.0,0.0,30.7506,46,1
sybil_type3,7510,1,1,0.0,0.0,0.0,0.0,0.0,32.5306,44,1
sybil_type3,7511,1,1,0.0,0.0,0.0,0.0,0.0,32.6506,44,1
sybil_type3,7512,1,1,0.0,0.0,0.0,0.0,0.0,33.0806,44,1
sybil_type3,7513,1,1,0.0,0.0,0.0,0.0,0.0,33.7806,44,1
sybil_type3,7515,1,1,0.0,0.0,0.0,0.0,0.0,35.5606,45,1
sybil_type3,7516,1,1,0.0,0.0,0.0,0.0,0.0,35.6806,45,1
sybil_type3,7517,1,1,0.0,0.0,0.0,0.0,0.0,36.1106,43,1
sybil_type3,7518,1,1,0.0,0.0,0.0,0.0,0.0,36.8106,43,1
sybil_type3,7520,1,1,0.0,0.0,0.0,0.0,0.0,38.5006,42,1
sybil_type3,7521,1,1,0.0,0.0,0.0,0.0,0.0,38.6206,42,1
sybil_type3,7522,1,1,0.0,0.0,0.0,0.0,0.0,39.0506,46,1
sybil_type3,7523,1,1,0.0,0.0,0.0,0.0,0.0,39.7506,46,1
sybil_type3,7525,1,1,0.0,0.0,0.0,0.0,0.0,41.5306,44,1
sybil_type3,7526,1,1,0.0,0.0,0.0,0.0,0.0,41.6506,44,1
sybil_type3,7527,1,1,0.0,0.0,0.0,0.0,0.0,42.0806,44,1
sybil_type3,7528,1,1,0.0,0.0,0.0,0.0,0.0,42.7806,44,1
sybil_type3,7530,1,1,0.0,0.0,0.0,0.0,0.0,44.5606,45,1
sybil_type3,7531,1,1,0.0,0.0,0.0,0.0,0.0,44.6806,45,1
sybil_type3,7532,1,1,0.0,0.0,0.0,0.0,0.0,45.1106,43,1
sybil_type3,7533,1,1,0.0,0.0,0.0,0.0,0.0,45.8106,43,1
sybil_type3,7535,1,1,0.0,0.0,0.0,0.0,0.0,47.5006,42,1
sybil_type3,7536,1,1,0.0,0.0,0.0,0.0,0.0,47.6206,42,1
sybil_type3,7537,1,1,0.0,0.0,0.0,0.0,0.0,48.0506,46,1
sybil_type3,7538,1,1,0.0,0.0,0.0,0.0,0.0,48.7506,46,1
sybil_type3,7540,1,1,0.0,0.0,0.0,0.0,0.0,50.5306,44,1
sybil_type3,7541,1,1,0.0,0.0,0.0,0.0,0.0,50.6506,44,1
sybil_type3,7542,1,1,0.0,0.0,0.0,0.0,0.0,51.0806,44,1
sybil_type3,7543,1,1,0.0,0.0,0.0,0.0,0.0,51.7806,44,1
sybil_type3,7545,1,1,0.0,0.0,0.0,0.0,0.0,53.5606,45,1
sybil_type3,7546,1,1,0.0,0.0,0.0,0.0,0.0,53.6806,45,1
sybil_type3,7547,1,1,0.0,0.0,0.0,0.0,0.0,54.1106,43,1
sybil_type3,7548,1,1,0.0,0.0,0.0,0.0,0.0,54.8106,43,1
sybil_type3,7550,1,1,0.0,0.0,0.0,0.0,0.0,56.5006,42,1
sybil_type3,7551,1,1,0.0,0.0,0.0,0.0,0.0,56.6206,42,1
sybil_type3,7552,1,1,0.0,0.0,0.0,0.0,0.0,57.0506,46,1
sybil_type3,7553,1,1,0.0,0.0,0.0,0.0,0.0,57.7506,46,1
sybil_type3,7555,1,1,0.0,0.0,0.0,0.0,0.0,59.5306,45,1
sybil_type3,7556,1,1,0.0,0.0,0.0,0.0,0.0,59.6506,45,1
sybil_type3,7557,1,1,0.0,0.0,0.0,0.0,0.0,60.0806,46,1
sybil_type3,7558,1,1,0.0,0.0,0.0,0.0,0.0,60.7806,46,1
sybil_type3,7560,1,1,0.0,0.0,0.0,0.0,0.0,62.5606,45,1
sybil_type3,7561,1,1,0.0,0.0,0.0,0.0,0.0,62.6806,45,1
sybil_type3,7562,1,1,0.0,0.0,0.0,0.0,0.0,63.1106,45,1
sybil_type3,7563,1,1,0.0,0.0,0.0,0.0,0.0,63.8106,45,1
sybil_type3,7565,1,1,0.0,0.0,0.0,0.0,0.0,65.5006,41,1
sybil_type3,7566,1,1,0.0,0.0,0.0,0.0,0.0,65.6206,41,1
sybil_type3,7567,1,1,0.0,0.0,0.0,0.0,0.0,66.0506,48,1
sybil_type3,7568,1,1,0.0,0.0,0.0,0.0,0.0,66.7506,48,1
sybil_type3,7570,1,1,0.0,0.0,0.0,0.0,0.0,68.5306,42,1
sybil_type3,7571,1,1,0.0,0.0,0.0,0.0,0.0,68.6506,42,1
sybil_type3,7572,1,1,0.0,0.0,0.0,0.0,0.0,69.0806,46,1
sybil_type3,7573,1,1,0.0,0.0,0.0,0.0,0.0,69.7806,46,1
sybil_type3,7575,1,1,0.0,0.0,0.0,0.0,0.0,71.5606,44,1
sybil_type3,7576,1,1,0.0,0.0,0.0,0.0,0.0,71.6806,44,1
sybil_type3,7577,1,1,0.0,0.0,0.0,0.0,0.0,72.1106,45,1
sybil_type3,7578,1,1,0.0,0.0,0.0,0.0,0.0,72.8106,45,1
sybil_type3,7580,1,1,0.0,0.0,0.0,0.0,0.0,74.5006,40,1
sybil_type3,7581,1,1,0.0,0.0,0.0,0.0,0.0,74.6206,40,1
sybil_type3,7582,1,1,0.0,0.0,0.0,0.0,0.0,75.0506,45,1
sybil_type3,7583,1,1,0.0,0.0,0.0,0.0,0.0,75.7506,45,1
sybil_type3,7585,1,1,0.0,0.0,0.0,0.0,0.0,77.5306,41,1
sybil_type3,7586,1,1,0.0,0.0,0.0,0.0,0.0,77.6506,41,1
sybil_type3,7587,1,1,0.0,0.0,0.0,0.0,0.0,78.0806,42,1
sybil_type3,7588,1,1,0.0,0.0,0.0,0.0,0.0,78.7806,42,1
sybil_type3,7590,1,1,0.0,0.0,0.0,0.0,0.0,80.5606,43,1
sybil_type3,7591,1,1,0.0,0.0,0.0,0.0,0.0,80.6806,43,1
sybil_type3,7592,1,1,0.0,0.0,0.0,0.0,0.0,81.1106,42,1
sybil_type3,7593,1,1,0.0,0.0,0.0,0.0,0.0,81.8106,42,1
sybil_type3,7595,1,1,0.0,0.0,0.0,0.0,0.0,83.5006,38,1
sybil_type3,7596,1,1,0.0,0.0,0.0,0.0,0.0,83.6206,38,1
sybil_type3,7597,1,1,0.0,0.0,0.0,0.0,0.0,84.0506,43,1
sybil_type3,7598,1,1,0.0,0.0,0.0,0.0,0.0,84.7506,43,1
sybil_type3,7600,1,1,0.0,0.0,0.0,0.0,0.0,86.5306,42,1
sybil_type3,7601,1,1,0.0,0.0,0.0,0.0,0.0,86.6506,42,1
sybil_type3,7602,1,1,0.0,0.0,0.0,0.0,0.0,87.0806,43,1
sybil_type3,7603,1,1,0.0,0.0,0.0,0.0,0.0,87.7806,43,1
sybil_type3,7605,1,1,0.0,0.0,0.0,0.0,0.0,89.5606,43,1
sybil_type3,7606,1,1,0.0,0.0,0.0,0.0,0.0,89.6806,43,1
sybil_type3,7607,1,1,0.0,0.0,0.0,0.0,0.0,90.1106,42,1
sybil_type3,7608,1,1,0.0,0.0,0.0,0.0,0.0,90.8106,42,1
sybil_type3,7610,1,1,0.0,0.0,0.0,0.0,0.0,92.5006,42,1
sybil_type3,7611,1,1,0.0,0.0,0.0,0.0,0.0,92.6206,42,1
sybil_type3,7612,1,1,0.0,0.0,0.0,0.0,0.0,93.0506,46,1
sybil_type3,7613,1,1,0.0,0.0,0.0,0.0,0.0,93.7506,46,1
sybil_type3,7615,1,1,0.0,0.0,0.0,0.0,0.0,95.5306,42,1
sybil_type3,7616,1,1,0.0,0.0,0.0,0.0,0.0,95.6506,42,1
sybil_type3,7617,1,1,0.0,0.0,0.0,0.0,0.0,96.0806,42,1
sybil_type3,7618,1,1,0.0,0.0,0.0,0.0,0.0,96.7806,42,1
sybil_type3,7620,1,1,0.0,0.0,0.0,0.0,0.0,98.5606,43,1
sybil_type3,7621,1,1,0.0,0.0,0.0,0.0,0.0,98.6806,43,1
sybil_type3,7622,1,1,0.0,0.0,0.0,0.0,0.0,99.1106,42,1
sybil_type3,7623,1,1,0.0,0.0,0.0,0.0,0.0,99.8106,42,1
sybil_type3,7625,1,1,0.0,0.0,0.0,0.0,0.0,101.501,42,1
sybil_type3,7626,1,1,0.0,0.0,0.0,0.0,0.0,101.621,42,1
sybil_type3,7627,1,1,0.0,0.0,0.0,0.0,0.0,102.051,46,1
sybil_type3,7628,1,1,0.0,0.0,0.0,0.0,0.0,102.751,46,1
sybil_type3,7630,1,1,0.0,0.0,0.0,0.0,0.0,104.531,44,1
sybil_type3,7631,1,1,0.0,0.0,0.0,0.0,0.0,104.651,44,1
sybil_type3,7632,1,1,0.0,0.0,0.0,0.0,0.0,105.081,46,1
sybil_type3,7633,1,1,0.0,0.0,0.0,0.0,0.0,105.781,46,1
sybil_type3,7635,1,1,0.0,0.0,0.0,0.0,0.0,107.561,45,1
sybil_type3,7636,1,1,0.0,0.0,0.0,0.0,0.0,107.681,45,1
sybil_type3,7637,1,1,0.0,0.0,0.0,0.0,0.0,108.111,45,1
sybil_type3,7638,1,1,0.0,0.0,0.0,0.0,0.0,108.811,45,1
sybil_type3,7640,1,1,0.0,0.0,0.0,0.0,0.0,110.501,42,1
sybil_type3,7641,1,1,0.0,0.0,0.0,0.0,0.0,110.621,42,1
sybil_type3,7642,1,1,0.0,0.0,0.0,0.0,0.0,111.051,48,1
sybil_type3,7643,1,1,0.0,0.0,0.0,0.0,0.0,111.751,48,1
sybil_type3,7645,1,1,0.0,0.0,0.0,0.0,0.0,113.531,44,1
sybil_type3,7646,1,1,0.0,0.0,0.0,0.0,0.0,113.651,44,1
sybil_type3,7647,1,1,0.0,0.0,0.0,0.0,0.0,114.081,43,1
sybil_type3,7648,1,1,0.0,0.0,0.0,0.0,0.0,114.781,43,1
sybil_type3,7650,1,1,0.0,0.0,0.0,0.0,0.0,116.561,45,1
sybil_type3,7651,1,1,0.0,0.0,0.0,0.0,0.0,116.681,45,1
sybil_type3,7652,1,1,0.0,0.0,0.0,0.0,0.0,117.111,42,1
sybil_type3,7653,1,1,0.0,0.0,0.0,0.0,0.0,117.811,42,1
sybil_type3,7655,1,1,0.0,0.0,0.0,0.0,0.0,119.501,32,1
sybil_type3,7656,1,1,0.0,0.0,0.0,0.0,0.0,119.621,32,1
sybil_type3,7765,1,1,0.0,0.0,0.0,0.0,0.0,5.6806,46,1
sybil_type3,7766,1,1,0.0,0.0,0.0,0.0,0.0,5.8006,46,1
sybil_type3,7767,1,1,0.0,0.0,0.0,0.0,0.0,6.2306,49,1
sybil_type3,7768,1,1,0.0,0.0,0.0,0.0,0.0,6.9306,49,1
sybil_type3,7770,1,1,0.0,0.0,0.0,0.0,0.0,8.7106,64,1
sybil_type3,7771,1,1,0.0,0.0,0.0,0.0,0.0,8.8306,64,1
sybil_type3,7772,1,1,0.0,0.0,0.0,0.0,0.0,9.2606,48,1
sybil_type3,7773,1,1,0.0,0.0,0.0,0.0,0.0,9.9606,48,1
sybil_type3,7775,1,1,0.0,0.0,0.0,0.0,0.0,11.6506,42,1
sybil_type3,7776,1,1,0.0,0.0,0.0,0.0,0.0,11.7706,42,1
sybil_type3,7777,1,1,0.0,0.0,0.0,0.0,0.0,12.2006,46,1
sybil_type3,7778,1,1,0.0,0.0,0.0,0.0,0.0,12.9006,46,1
sybil_type3,7780,1,1,0.0,0.0,0.0,0.0,0.0,14.6806,44,1
sybil_type3,7781,1,1,0.0,0.0,0.0,0.0,0.0,14.8006,44,1
sybil_type3,7782,1,1,0.0,0.0,0.0,0.0,0.0,15.2306,44,1
sybil_type3,7783,1,1,0.0,0.0,0.0,0.0,0.0,15.9306,44,1
sybil_type3,7785,1,1,0.0,0.0,0.0,0.0,0.0,17.7106,45,1
sybil_type3,7786,1,1,0.0,0.0,0.0,0.0,0.0,17.8306,45,1
sybil_type3,7787,1,1,0.0,0.0,0.0,0.0,0.0,18.2606,43,1
sybil_type3,7788,1,1,0.0,0.0,0.0,0.0,0.0,18.9606,43,1
sybil_type3,7790,1,1,0.0,0.0,0.0,0.0,0.0,20.6506,42,1
sybil_type3,7791,1,1,0.0,0.0,0.0,0.0,0.0,20.7706,42,1
sybil_type3,7792,1,1,0.0,0.0,0.0,0.0,0.0,21.2006,46,1
sybil_type3,7793,1,1,0.0,0.0,0.0,0.0,0.0,21.9006,46,1
sybil_type3,7795,1,1,0.0,0.0,0.0,0.0,0.0,23.6806,44,1
sybil_type3,7796,1,1,0.0,0.0,0.0,0.0,0.0,23.8006,44,1
sybil_type3,7797,1,1,0.0,0.0,0.0,0.0,0.0,24.2306,44,1
sybil_type3,7798,1,1,0.0,0.0,0.0,0.0,0.0,24.9306,44,1
sybil_type3,7800,1,1,0.0,0.0,0.0,0.0,0.0,26.7106,45,1
sybil_type3,7801,1,1,0.0,0.0,0.0,0.0,0.0,26.8306,45,1
sybil_type3,7802,1,1,0.0,0.0,0.0,0.0,0.0,27.2606,43,1
sybil_type3,7803,1,1,0.0,0.0,0.0,0.0,0.0,27.9606,43,1
sybil_type3,7805,1,1,0.0,0.0,0.0,0.0,0.0,29.6506,42,1
sybil_type3,7806,1,1,0.0,0.0,0.0,0.0,0.0,29.7706,42,1
sybil_type3,7807,1,1,0.0,0.0,0.0,0.0,0.0,30.2006,46,1
sybil_type3,7808,1,1,0.0,0.0,0.0,0.0,0.0,30.9006,46,1
sybil_type3,7810,1,1,0.0,0.0,0.0,0.0,0.0,32.6806,44,1
sybil_type3,7811,1,1,0.0,0.0,0.0,0.0,0.0,32.8006,44,1
sybil_type3,7812,1,1,0.0,0.0,0.0,0.0,0.0,33.2306,44,1
sybil_type3,7813,1,1,0.0,0.0,0.0,0.0,0.0,33.9306,44,1
sybil_type3,7815,1,1,0.0,0.0,0.0,0.0,0.0,35.7106,45,1
sybil_type3,7816,1,1,0.0,0.0,0.0,0.0,0.0,35.8306,45,1
sybil_type3,7817,1,1,0.0,0.0,0.0,0.0,0.0,36.2606,43,1
sybil_type3,7818,1,1,0.0,0.0,0.0,0.0,0.0,36.9606,43,1
sybil_type3,7820,1,1,0.0,0.0,0.0,0.0,0.0,38.6506,42,1
sybil_type3,7821,1,1,0.0,0.0,0.0,0.0,0.0,38.7706,42,1
sybil_type3,7822,1,1,0.0,0.0,0.0,0.0,0.0,39.2006,46,1
sybil_type3,7823,1,1,0.0,0.0,0.0,0.0,0.0,39.9006,46,1
sybil_type3,7825,1,1,0.0,0.0,0.0,0.0,0.0,41.6806,44,1
sybil_type3,7826,1,1,0.0,0.0,0.0,0.0,0.0,41.8006,44,1
sybil_type3,7827,1,1,0.0,0.0,0.0,0.0,0.0,42.2306,44,1
sybil_type3,7828,1,1,0.0,0.0,0.0,0.0,0.0,42.9306,44,1
sybil_type3,7830,1,1,0.0,0.0,0.0,0.0,0.0,44.7106,45,1
sybil_type3,7831,1,1,0.0,0.0,0.0,0.0,0.0,44.8306,45,1
sybil_type3,7832,1,1,0.0,0.0,0.0,0.0,0.0,45.2606,43,1
sybil_type3,7833,1,1,0.0,0.0,0.0,0.0,0.0,45.9606,43,1
sybil_type3,7835,1,1,0.0,0.0,0.0,0.0,0.0,47.6506,42,1
sybil_type3,7836,1,1,0.0,0.0,0.0,0.0,0.0,47.7706,42,1
sybil_type3,7837,1,1,0.0,0.0,0.0,0.0,0.0,48.2006,46,1
sybil_type3,7838,1,1,0.0,0.0,0.0,0.0,0.0,48.9006,46,1
sybil_type3,7840,1,1,0.0,0.0,0.0,0.0,0.0,50.6806,44,1
sybil_type3,7841,1,1,0.0,0.0,0.0,0.0,0.0,50.8006,44,1
sybil_type3,7842,1,1,0.0,0.0,0.0,0.0,0.0,51.2306,44,1
sybil_type3,7843,1,1,0.0,0.0,0.0,0.0,0.0,51.9306,44,1
sybil_type3,7845,1,1,0.0,0.0,0.0,0.0,0.0,53.7106,45,1
sybil_type3,7846,1,1,0.0,0.0,0.0,0.0,0.0,53.8306,45,1
sybil_type3,7847,1,1,0.0,0.0,0.0,0.0,0.0,54.2606,43,1
sybil_type3,7848,1,1,0.0,0.0,0.0,0.0,0.0,54.9606,43,1
sybil_type3,7850,1,1,0.0,0.0,0.0,0.0,0.0,56.6506,42,1
sybil_type3,7851,1,1,0.0,0.0,0.0,0.0,0.0,56.7706,42,1
sybil_type3,7852,1,1,0.0,0.0,0.0,0.0,0.0,57.2006,46,1
sybil_type3,7853,1,1,0.0,0.0,0.0,0.0,0.0,57.9006,46,1
sybil_type3,7855,1,1,0.0,0.0,0.0,0.0,0.0,59.6806,45,1
sybil_type3,7856,1,1,0.0,0.0,0.0,0.0,0.0,59.8006,45,1
sybil_type3,7857,1,1,0.0,0.0,0.0,0.0,0.0,60.2306,46,1
sybil_type3,7858,1,1,0.0,0.0,0.0,0.0,0.0,60.9306,46,1
sybil_type3,7860,1,1,0.0,0.0,0.0,0.0,0.0,62.7106,45,1
sybil_type3,7861,1,1,0.0,0.0,0.0,0.0,0.0,62.8306,45,1
sybil_type3,7862,1,1,0.0,0.0,0.0,0.0,0.0,63.2606,45,1
sybil_type3,7863,1,1,0.0,0.0,0.0,0.0,0.0,63.9606,45,1
sybil_type3,7865,1,1,0.0,0.0,0.0,0.0,0.0,65.6506,41,1
sybil_type3,7866,1,1,0.0,0.0,0.0,0.0,0.0,65.7706,41,1
sybil_type3,7867,1,1,0.0,0.0,0.0,0.0,0.0,66.2006,48,1
sybil_type3,7868,1,1,0.0,0.0,0.0,0.0,0.0,66.9006,48,1
sybil_type3,7870,1,1,0.0,0.0,0.0,0.0,0.0,68.6806,42,1
sybil_type3,7871,1,1,0.0,0.0,0.0,0.0,0.0,68.8006,42,1
sybil_type3,7872,1,1,0.0,0.0,0.0,0.0,0.0,69.2306,46,1
sybil_type3,7873,1,1,0.0,0.0,0.0,0.0,0.0,69.9306,46,1
sybil_type3,7875,1,1,0.0,0.0,0.0,0.0,0.0,71.7106,44,1
sybil_type3,7876,1,1,0.0,0.0,0.0,0.0,0.0,71.8306,44,1
sybil_type3,7877,1,1,0.0,0.0,0.0,0.0,0.0,72.2606,45,1
sybil_type3,7878,1,1,0.0,0.0,0.0,0.0,0.0,72.9606,45,1
sybil_type3,7880,1,1,0.0,0.0,0.0,0.0,0.0,74.6506,40,1
sybil_type3,7881,1,1,0.0,0.0,0.0,0.0,0.0,74.7706,40,1
sybil_type3,7882,1,1,0.0,0.0,0.0,0.0,0.0,75.2006,45,1
sybil_type3,7883,1,1,0.0,0.0,0.0,0.0,0.0,75.9006,45,1
sybil_type3,7885,1,1,0.0,0.0,0.0,0.0,0.0,77.6806,41,1
sybil_type3,7886,1,1,0.0,0.0,0.0,0.0,0.0,77.8006,41,1
sybil_type3,7887,1,1,0.0,0.0,0.0,0.0,0.0,78.2306,42,1
sybil_type3,7888,1,1,0.0,0.0,0.0,0.0,0.0,78.9306,42,1
sybil_type3,7890,1,1,0.0,0.0,0.0,0.0,0.0,80.7106,43,1
sybil_type3,7891,1,1,0.0,0.0,0.0,0.0,0.0,80.8306,43,1
sybil_type3,7892,1,1,0.0,0.0,0.0,0.0,0.0,81.2606,42,1
sybil_type3,7893,1,1,0.0,0.0,0.0,0.0,0.0,81.9606,42,1
sybil_type3,7895,1,1,0.0,0.0,0.0,0.0,0.0,83.6506,38,1
sybil_type3,7896,1,1,0.0,0.0,0.0,0.0,0.0,83.7706,38,1
sybil_type3,7897,1,1,0.0,0.0,0.0,0.0,0.0,84.2006,43,1
sybil_type3,7898,1,1,0.0,0.0,0.0,0.0,0.0,84.9006,43,1
sybil_type3,7900,1,1,0.0,0.0,0.0,0.0,0.0,86.6806,42,1
sybil_type3,7901,1,1,0.0,0.0,0.0,0.0,0.0,86.8006,42,1
sybil_type3,7902,1,1,0.0,0.0,0.0,0.0,0.0,87.2306,43,1
sybil_type3,7903,1,1,0.0,0.0,0.0,0.0,0.0,87.9306,43,1
sybil_type3,7905,1,1,0.0,0.0,0.0,0.0,0.0,89.7106,43,1
sybil_type3,7906,1,1,0.0,0.0,0.0,0.0,0.0,89.8306,43,1
sybil_type3,7907,1,1,0.0,0.0,0.0,0.0,0.0,90.2606,42,1
sybil_type3,7908,1,1,0.0,0.0,0.0,0.0,0.0,90.9606,42,1
sybil_type3,7910,1,1,0.0,0.0,0.0,0.0,0.0,92.6506,42,1
sybil_type3,7911,1,1,0.0,0.0,0.0,0.0,0.0,92.7706,42,1
sybil_type3,7912,1,1,0.0,0.0,0.0,0.0,0.0,93.2006,46,1
sybil_type3,7913,1,1,0.0,0.0,0.0,0.0,0.0,93.9006,46,1
sybil_type3,7915,1,1,0.0,0.0,0.0,0.0,0.0,95.6806,42,1
sybil_type3,7916,1,1,0.0,0.0,0.0,0.0,0.0,95.8006,42,1
sybil_type3,7917,1,1,0.0,0.0,0.0,0.0,0.0,96.2306,42,1
sybil_type3,7918,1,1,0.0,0.0,0.0,0.0,0.0,96.9306,42,1
sybil_type3,7920,1,1,0.0,0.0,0.0,0.0,0.0,98.7106,43,1
sybil_type3,7921,1,1,0.0,0.0,0.0,0.0,0.0,98.8306,43,1
sybil_type3,7922,1,1,0.0,0.0,0.0,0.0,0.0,99.2606,42,1
sybil_type3,7923,1,1,0.0,0.0,0.0,0.0,0.0,99.9606,42,1
sybil_type3,7925,1,1,0.0,0.0,0.0,0.0,0.0,101.651,42,1
sybil_type3,7926,1,1,0.0,0.0,0.0,0.0,0.0,101.771,42,1
sybil_type3,7927,1,1,0.0,0.0,0.0,0.0,0.0,102.201,46,1
sybil_type3,7928,1,1,0.0,0.0,0.0,0.0,0.0,102.901,46,1
sybil_type3,7930,1,1,0.0,0.0,0.0,0.0,0.0,104.681,44,1
sybil_type3,7931,1,1,0.0,0.0,0.0,0.0,0.0,104.801,44,1
sybil_type3,7932,1,1,0.0,0.0,0.0,0.0,0.0,105.231,46,1
sybil_type3,7933,1,1,0.0,0.0,0.0,0.0,0.0,105.931,46,1
sybil_type3,7935,1,1,0.0,0.0,0.0,0.0,0.0,107.711,45,1
sybil_type3,7936,1,1,0.0,0.0,0.0,0.0,0.0,107.831,45,1
sybil_type3,7937,1,1,0.0,0.0,0.0,0.0,0.0,108.261,45,1
sybil_type3,7938,1,1,0.0,0.0,0.0,0.0,0.0,108.961,45,1
sybil_type3,7940,1,1,0.0,0.0,0.0,0.0,0.0,110.651,42,1
sybil_type3,7941,1,1,0.0,0.0,0.0,0.0,0.0,110.771,42,1
sybil_type3,7942,1,1,0.0,0.0,0.0,0.0,0.0,111.201,48,1
sybil_type3,7943,1,1,0.0,0.0,0.0,0.0,0.0,111.901,48,1
sybil_type3,7945,1,1,0.0,0.0,0.0,0.0,0.0,113.681,44,1
sybil_type3,7946,1,1,0.0,0.0,0.0,0.0,0.0,113.801,44,1
sybil_type3,7947,1,1,0.0,0.0,0.0,0.0,0.0,114.231,43,1
sybil_type3,7948,1,1,0.0,0.0,0.0,0.0,0.0,114.931,43,1
sybil_type3,7950,1,1,0.0,0.0,0.0,0.0,0.0,116.711,45,1
sybil_type3,7951,1,1,0.0,0.0,0.0,0.0,0.0,116.831,45,1
sybil_type3,7952,1,1,0.0,0.0,0.0,0.0,0.0,117.261,42,1
sybil_type3,7953,1,1,0.0,0.0,0.0,0.0,0.0,117.961,42,1
sybil_type3,7955,1,1,0.0,0.0,0.0,0.0,0.0,119.651,32,1
sybil_type3,7956,1,1,0.0,0.0,0.0,0.0,0.0,119.771,32,1
sybil_type3,8565,1,1,0.0,0.0,0.0,0.0,0.0,6.0506,49,1
sybil_type3,8566,1,1,0.0,0.0,0.0,0.0,0.0,6.1706,49,1
sybil_type3,8567,1,1,0.0,0.0,0.0,0.0,0.0,6.6006,49,1
sybil_type3,8568,1,1,0.0,0.0,0.0,0.0,0.0,7.3006,49,1
sybil_type3,8570,1,1,0.0,0.0,0.0,0.0,0.0,9.0806,48,1
sybil_type3,8571,1,1,0.0,0.0,0.0,0.0,0.0,9.2006,48,1
sybil_type3,8572,1,1,0.0,0.0,0.0,0.0,0.0,9.6306,48,1
sybil_type3,8573,1,1,0.0,0.0,0.0,0.0,0.0,10.3306,41,1
sybil_type3,8575,1,1,0.0,0.0,0.0,0.0,0.0,12.1106,46,1
sybil_type3,8576,1,1,0.0,0.0,0.0,0.0,0.0,12.2306,46,1
sybil_type3,8577,1,1,0.0,0.0,0.0,0.0,0.0,12.6606,46,1
sybil_type3,8578,1,1,0.0,0.0,0.0,0.0,0.0,13.3606,39,1
sybil_type3,8580,1,1,0.0,0.0,0.0,0.0,0.0,15.0506,44,1
sybil_type3,8581,1,1,0.0,0.0,0.0,0.0,0.0,15.1706,44,1
sybil_type3,8582,1,1,0.0,0.0,0.0,0.0,0.0,15.6006,44,1
sybil_type3,8583,1,1,0.0,0.0,0.0,0.0,0.0,16.3006,40,1
sybil_type3,8585,1,1,0.0,0.0,0.0,0.0,0.0,18.0806,43,1
sybil_type3,8586,1,1,0.0,0.0,0.0,0.0,0.0,18.2006,43,1
sybil_type3,8587,1,1,0.0,0.0,0.0,0.0,0.0,18.6306,43,1
sybil_type3,8588,1,1,0.0,0.0,0.0,0.0,0.0,19.3306,41,1
sybil_type3,8590,1,1,0.0,0.0,0.0,0.0,0.0,21.1106,46,1
sybil_type3,8591,1,1,0.0,0.0,0.0,0.0,0.0,21.2306,46,1
sybil_type3,8592,1,1,0.0,0.0,0.0,0.0,0.0,21.6606,46,1
sybil_type3,8593,1,1,0.0,0.0,0.0,0.0,0.0,22.3606,39,1
sybil_type3,8595,1,1,0.0,0.0,0.0,0.0,0.0,24.0506,44,1
sybil_type3,8596,1,1,0.0,0.0,0.0,0.0,0.0,24.1706,44,1
sybil_type3,8597,1,1,0.0,0.0,0.0,0.0,0.0,24.6006,44,1
sybil_type3,8598,1,1,0.0,0.0,0.0,0.0,0.0,25.3006,40,1
sybil_type3,8600,1,1,0.0,0.0,0.0,0.0,0.0,27.0806,43,1
sybil_type3,8601,1,1,0.0,0.0,0.0,0.0,0.0,27.2006,43,1
sybil_type3,8602,1,1,0.0,0.0,0.0,0.0,0.0,27.6306,43,1
sybil_type3,8603,1,1,0.0,0.0,0.0,0.0,0.0,28.3306,41,1
sybil_type3,8605,1,1,0.0,0.0,0.0,0.0,0.0,30.1106,46,1
sybil_type3,8606,1,1,0.0,0.0,0.0,0.0,0.0,30.2306,46,1
sybil_type3,8607,1,1,0.0,0.0,0.0,0.0,0.0,30.6606,46,1
sybil_type3,8608,1,1,0.0,0.0,0.0,0.0,0.0,31.3606,39,1
sybil_type3,8610,1,1,0.0,0.0,0.0,0.0,0.0,33.0506,44,1
sybil_type3,8611,1,1,0.0,0.0,0.0,0.0,0.0,33.1706,44,1
sybil_type3,8612,1,1,0.0,0.0,0.0,0.0,0.0,33.6006,44,1
sybil_type3,8613,1,1,0.0,0.0,0.0,0.0,0.0,34.3006,40,1
sybil_type3,8615,1,1,0.0,0.0,0.0,0.0,0.0,36.0806,43,1
sybil_type3,8616,1,1,0.0,0.0,0.0,0.0,0.0,36.2006,43,1
sybil_type3,8617,1,1,0.0,0.0,0.0,0.0,0.0,36.6306,43,1
sybil_type3,8618,1,1,0.0,0.0,0.0,0.0,0.0,37.3306,41,1
sybil_type3,8620,1,1,0.0,0.0,0.0,0.0,0.0,39.1106,46,1
sybil_type3,8621,1,1,0.0,0.0,0.0,0.0,0.0,39.2306,46,1
sybil_type3,8622,1,1,0.0,0.0,0.0,0.0,0.0,39.6606,46,1
sybil_type3,8623,1,1,0.0,0.0,0.0,0.0,0.0,40.3606,39,1
sybil_type3,8625,1,1,0.0,0.0,0.0,0.0,0.0,42.0506,44,1
sybil_type3,8626,1,1,0.0,0.0,0.0,0.0,0.0,42.1706,44,1
sybil_type3,8627,1,1,0.0,0.0,0.0,0.0,0.0,42.6006,44,1
sybil_type3,8628,1,1,0.0,0.0,0.0,0.0,0.0,43.3006,40,1
sybil_type3,8630,1,1,0.0,0.0,0.0,0.0,0.0,45.0806,43,1
sybil_type3,8631,1,1,0.0,0.0,0.0,0.0,0.0,45.2006,43,1
sybil_type3,8632,1,1,0.0,0.0,0.0,0.0,0.0,45.6306,43,1
sybil_type3,8633,1,1,0.0,0.0,0.0,0.0,0.0,46.3306,41,1
sybil_type3,8635,1,1,0.0,0.0,0.0,0.0,0.0,48.1106,46,1
sybil_type3,8636,1,1,0.0,0.0,0.0,0.0,0.0,48.2306,46,1
sybil_type3,8637,1,1,0.0,0.0,0.0,0.0,0.0,48.6606,46,1
sybil_type3,8638,1,1,0.0,0.0,0.0,0.0,0.0,49.3606,39,1
sybil_type3,8640,1,1,0.0,0.0,0.0,0.0,0.0,51.0506,44,1
sybil_type3,8641,1,1,0.0,0.0,0.0,0.0,0.0,51.1706,44,1
sybil_type3,8642,1,1,0.0,0.0,0.0,0.0,0.0,51.6006,44,1
sybil_type3,8643,1,1,0.0,0.0,0.0,0.0,0.0,52.3006,40,1
sybil_type3,8645,1,1,0.0,0.0,0.0,0.0,0.0,54.0806,43,1
sybil_type3,8646,1,1,0.0,0.0,0.0,0.0,0.0,54.2006,43,1
sybil_type3,8647,1,1,0.0,0.0,0.0,0.0,0.0,54.6306,43,1
sybil_type3,8648,1,1,0.0,0.0,0.0,0.0,0.0,55.3306,41,1
sybil_type3,8650,1,1,0.0,0.0,0.0,0.0,0.0,57.1106,46,1
sybil_type3,8651,1,1,0.0,0.0,0.0,0.0,0.0,57.2306,46,1
sybil_type3,8652,1,1,0.0,0.0,0.0,0.0,0.0,57.6606,46,1
sybil_type3,8653,1,1,0.0,0.0,0.0,0.0,0.0,58.3606,39,1
sybil_type3,8655,1,1,0.0,0.0,0.0,0.0,0.0,60.0506,46,1
sybil_type3,8656,1,1,0.0,0.0,0.0,0.0,0.0,60.1706,46,1
sybil_type3,8657,1,1,0.0,0.0,0.0,0.0,0.0,60.6006,46,1
sybil_type3,8658,1,1,0.0,0.0,0.0,0.0,0.0,61.3006,42,1
sybil_type3,8660,1,1,0.0,0.0,0.0,0.0,0.0,63.0806,45,1
sybil_type3,8661,1,1,0.0,0.0,0.0,0.0,0.0,63.2006,45,1
sybil_type3,8662,1,1,0.0,0.0,0.0,0.0,0.0,63.6306,45,1
sybil_type3,8663,1,1,0.0,0.0,0.0,0.0,0.0,64.3306,43,1
sybil_type3,8665,1,1,0.0,0.0,0.0,0.0,0.0,66.1106,48,1
sybil_type3,8666,1,1,0.0,0.0,0.0,0.0,0.0,66.2306,48,1
sybil_type3,8667,1,1,0.0,0.0,0.0,0.0,0.0,66.6606,48,1
sybil_type3,8668,1,1,0.0,0.0,0.0,0.0,0.0,67.3606,41,1
sybil_type3,8670,1,1,0.0,0.0,0.0,0.0,0.0,69.0506,46,1
sybil_type3,8671,1,1,0.0,0.0,0.0,0.0,0.0,69.1706,46,1
sybil_type3,8672,1,1,0.0,0.0,0.0,0.0,0.0,69.6006,46,1
sybil_type3,8673,1,1,0.0,0.0,0.0,0.0,0.0,70.3006,42,1
sybil_type3,8675,1,1,0.0,0.0,0.0,0.0,0.0,72.0806,45,1
sybil_type3,8676,1,1,0.0,0.0,0.0,0.0,0.0,72.2006,45,1
sybil_type3,8677,1,1,0.0,0.0,0.0,0.0,0.0,72.6306,45,1
sybil_type3,8678,1,1,0.0,0.0,0.0,0.0,0.0,73.3306,41,1
sybil_type3,8680,1,1,0.0,0.0,0.0,0.0,0.0,75.1106,45,1
sybil_type3,8681,1,1,0.0,0.0,0.0,0.0,0.0,75.2306,45,1
sybil_type3,8682,1,1,0.0,0.0,0.0,0.0,0.0,75.6606,45,1
sybil_type3,8683,1,1,0.0,0.0,0.0,0.0,0.0,76.3606,39,1
sybil_type3,8685,1,1,0.0,0.0,0.0,0.0,0.0,78.0506,42,1
sybil_type3,8686,3,0,0.0002000000000066393,0.00010000000000331966,0.0,0.0,14999.999999502052,78.1708,42,1
sybil_type3,8687,1,1,0.0,0.0,0.0,0.0,0.0,78.6006,42,1
sybil_type3,8688,1,1,0.0,0.0,0.0,0.0,0.0,79.3006,40,1
sybil_type3,8690,1,1,0.0,0.0,0.0,0.0,0.0,81.0806,42,1
sybil_type3,8691,1,1,0.0,0.0,0.0,0.0,0.0,81.2006,42,1
sybil_type3,8692,1,1,0.0,0.0,0.0,0.0,0.0,81.6306,42,1
sybil_type3,8693,1,1,0.0,0.0,0.0,0.0,0.0,82.3306,40,1
sybil_type3,8695,1,1,0.0,0.0,0.0,0.0,0.0,84.1106,43,1
sybil_type3,8696,1,1,0.0,0.0,0.0,0.0,0.0,84.2306,43,1
sybil_type3,8697,1,1,0.0,0.0,0.0,0.0,0.0,84.6606,43,1
sybil_type3,8698,1,1,0.0,0.0,0.0,0.0,0.0,85.3606,38,1
sybil_type3,8700,1,1,0.0,0.0,0.0,0.0,0.0,87.0506,43,1
sybil_type3,8701,1,1,0.0,0.0,0.0,0.0,0.0,87.1706,43,1
sybil_type3,8702,1,1,0.0,0.0,0.0,0.0,0.0,87.6006,43,1
sybil_type3,8703,1,1,0.0,0.0,0.0,0.0,0.0,88.3006,39,1
sybil_type3,8705,1,1,0.0,0.0,0.0,0.0,0.0,90.0806,42,1
sybil_type3,8706,1,1,0.0,0.0,0.0,0.0,0.0,90.2006,42,1
sybil_type3,8707,1,1,0.0,0.0,0.0,0.0,0.0,90.6306,42,1
sybil_type3,8708,1,1,0.0,0.0,0.0,0.0,0.0,91.3306,40,1
sybil_type3,8710,1,1,0.0,0.0,0.0,0.0,0.0,93.1106,46,1
sybil_type3,8711,1,1,0.0,0.0,0.0,0.0,0.0,93.2306,46,1
sybil_type3,8712,1,1,0.0,0.0,0.0,0.0,0.0,93.6606,46,1
sybil_type3,8713,1,1,0.0,0.0,0.0,0.0,0.0,94.3606,39,1
sybil_type3,8715,1,1,0.0,0.0,0.0,0.0,0.0,96.0506,42,1
sybil_type3,8716,1,1,0.0,0.0,0.0,0.0,0.0,96.1706,42,1
sybil_type3,8717,1,1,0.0,0.0,0.0,0.0,0.0,96.6006,42,1
sybil_type3,8718,1,1,0.0,0.0,0.0,0.0,0.0,97.3006,40,1
sybil_type3,8720,1,1,0.0,0.0,0.0,0.0,0.0,99.0806,42,1
sybil_type3,8721,1,1,0.0,0.0,0.0,0.0,0.0,99.2006,42,1
sybil_type3,8722,1,1,0.0,0.0,0.0,0.0,0.0,99.6306,42,1
sybil_type3,8723,1,1,0.0,0.0,0.0,0.0,0.0,100.331,41,1
sybil_type3,8725,1,1,0.0,0.0,0.0,0.0,0.0,102.111,46,1
sybil_type3,8726,1,1,0.0,0.0,0.0,0.0,0.0,102.231,46,1
sybil_type3,8727,1,1,0.0,0.0,0.0,0.0,0.0,102.661,46,1
sybil_type3,8728,1,1,0.0,0.0,0.0,0.0,0.0,103.361,39,1
sybil_type3,8730,1,1,0.0,0.0,0.0,0.0,0.0,105.051,46,1
sybil_type3,8731,1,1,0.0,0.0,0.0,0.0,0.0,105.171,46,1
sybil_type3,8732,1,1,0.0,0.0,0.0,0.0,0.0,105.601,46,1
sybil_type3,8733,1,1,0.0,0.0,0.0,0.0,0.0,106.301,42,1
sybil_type3,8735,1,1,0.0,0.0,0.0,0.0,0.0,108.081,45,1
sybil_type3,8736,1,1,0.0,0.0,0.0,0.0,0.0,108.201,45,1
sybil_type3,8737,1,1,0.0,0.0,0.0,0.0,0.0,108.631,45,1
sybil_type3,8738,1,1,0.0,0.0,0.0,0.0,0.0,109.331,43,1
sybil_type3,8740,1,1,0.0,0.0,0.0,0.0,0.0,111.111,48,1
sybil_type3,8741,1,1,0.0,0.0,0.0,0.0,0.0,111.231,48,1
sybil_type3,8742,1,1,0.0,0.0,0.0,0.0,0.0,111.661,48,1
sybil_type3,8743,1,1,0.0,0.0,0.0,0.0,0.0,112.361,41,1
sybil_type3,8745,1,1,0.0,0.0,0.0,0.0,0.0,114.051,43,1
sybil_type3,8746,1,1,0.0,0.0,0.0,0.0,0.0,114.171,43,1
sybil_type3,8747,1,1,0.0,0.0,0.0,0.0,0.0,114.601,43,1
sybil_type3,8748,1,1,0.0,0.0,0.0,0.0,0.0,115.301,41,1
sybil_type3,8750,1,1,0.0,0.0,0.0,0.0,0.0,117.081,42,1
sybil_type3,8751,1,1,0.0,0.0,0.0,0.0,0.0,117.201,42,1
sybil_type3,8752,1,1,0.0,0.0,0.0,0.0,0.0,117.631,42,1
sybil_type3,8753,1,1,0.0,0.0,0.0,0.0,0.0,118.331,40,1
sybil_type3,8865,1,1,0.0,0.0,0.0,0.0,0.0,6.2006,49,1
sybil_type3,8866,1,1,0.0,0.0,0.0,0.0,0.0,6.3206,49,1
sybil_type3,8867,1,1,0.0,0.0,0.0,0.0,0.0,6.7506,49,1
sybil_type3,8868,1,1,0.0,0.0,0.0,0.0,0.0,7.4506,49,1
sybil_type3,8870,1,1,0.0,0.0,0.0,0.0,0.0,9.2306,48,1
sybil_type3,8871,1,1,0.0,0.0,0.0,0.0,0.0,9.3506,48,1
sybil_type3,8872,1,1,0.0,0.0,0.0,0.0,0.0,9.7806,48,1
sybil_type3,8873,1,1,0.0,0.0,0.0,0.0,0.0,10.4806,41,1
sybil_type3,8875,1,1,0.0,0.0,0.0,0.0,0.0,12.2606,46,1
sybil_type3,8876,1,1,0.0,0.0,0.0,0.0,0.0,12.3806,46,1
sybil_type3,8877,1,1,0.0,0.0,0.0,0.0,0.0,12.8106,46,1
sybil_type3,8878,1,1,0.0,0.0,0.0,0.0,0.0,13.5106,39,1
sybil_type3,8880,1,1,0.0,0.0,0.0,0.0,0.0,15.2006,44,1
sybil_type3,8881,1,1,0.0,0.0,0.0,0.0,0.0,15.3206,44,1
sybil_type3,8882,1,1,0.0,0.0,0.0,0.0,0.0,15.7506,44,1
sybil_type3,8883,1,1,0.0,0.0,0.0,0.0,0.0,16.4506,40,1
sybil_type3,8885,1,1,0.0,0.0,0.0,0.0,0.0,18.2306,43,1
sybil_type3,8886,1,1,0.0,0.0,0.0,0.0,0.0,18.3506,43,1
sybil_type3,8887,1,1,0.0,0.0,0.0,0.0,0.0,18.7806,43,1
sybil_type3,8888,1,1,0.0,0.0,0.0,0.0,0.0,19.4806,41,1
sybil_type3,8890,1,1,0.0,0.0,0.0,0.0,0.0,21.2606,46,1
sybil_type3,8891,1,1,0.0,0.0,0.0,0.0,0.0,21.3806,46,1
sybil_type3,8892,1,1,0.0,0.0,0.0,0.0,0.0,21.8106,46,1
sybil_type3,8893,1,1,0.0,0.0,0.0,0.0,0.0,22.5106,39,1
sybil_type3,8895,1,1,0.0,0.0,0.0,0.0,0.0,24.2006,44,1
sybil_type3,8896,1,1,0.0,0.0,0.0,0.0,0.0,24.3206,44,1
sybil_type3,8897,1,1,0.0,0.0,0.0,0.0,0.0,24.7506,44,1
sybil_type3,8898,1,1,0.0,0.0,0.0,0.0,0.0,25.4506,40,1
sybil_type3,8900,1,1,0.0,0.0,0.0,0.0,0.0,27.2306,43,1
sybil_type3,8901,1,1,0.0,0.0,0.0,0.0,0.0,27.3506,43,1
sybil_type3,8902,1,1,0.0,0.0,0.0,0.0,0.0,27.7806,43,1
sybil_type3,8903,1,1,0.0,0.0,0.0,0.0,0.0,28.4806,41,1
sybil_type3,8905,1,1,0.0,0.0,0.0,0.0,0.0,30.2606,46,1
sybil_type3,8906,1,1,0.0,0.0,0.0,0.0,0.0,30.3806,46,1
sybil_type3,8907,1,1,0.0,0.0,0.0,0.0,0.0,30.8106,46,1
sybil_type3,8908,1,1,0.0,0.0,0.0,0.0,0.0,31.5106,39,1
sybil_type3,8910,1,1,0.0,0.0,0.0,0.0,0.0,33.2006,44,1
sybil_type3,8911,1,1,0.0,0.0,0.0,0.0,0.0,33.3206,44,1
sybil_type3,8912,1,1,0.0,0.0,0.0,0.0,0.0,33.7506,44,1
sybil_type3,8913,1,1,0.0,0.0,0.0,0.0,0.0,34.4506,40,1
sybil_type3,8915,1,1,0.0,0.0,0.0,0.0,0.0,36.2306,43,1
sybil_type3,8916,1,1,0.0,0.0,0.0,0.0,0.0,36.3506,43,1
sybil_type3,8917,1,1,0.0,0.0,0.0,0.0,0.0,36.7806,43,1
sybil_type3,8918,1,1,0.0,0.0,0.0,0.0,0.0,37.4806,41,1
sybil_type3,8920,1,1,0.0,0.0,0.0,0.0,0.0,39.2606,46,1
sybil_type3,8921,1,1,0.0,0.0,0.0,0.0,0.0,39.3806,46,1
sybil_type3,8922,1,1,0.0,0.0,0.0,0.0,0.0,39.8106,46,1
sybil_type3,8923,1,1,0.0,0.0,0.0,0.0,0.0,40.5106,39,1
sybil_type3,8925,1,1,0.0,0.0,0.0,0.0,0.0,42.2006,44,1
sybil_type3,8926,1,1,0.0,0.0,0.0,0.0,0.0,42.3206,44,1
sybil_type3,8927,1,1,0.0,0.0,0.0,0.0,0.0,42.7506,44,1
sybil_type3,8928,1,1,0.0,0.0,0.0,0.0,0.0,43.4506,40,1
sybil_type3,8930,1,1,0.0,0.0,0.0,0.0,0.0,45.2306,43,1
sybil_type3,8931,1,1,0.0,0.0,0.0,0.0,0.0,45.3506,43,1
sybil_type3,8932,1,1,0.0,0.0,0.0,0.0,0.0,45.7806,43,1
sybil_type3,8933,1,1,0.0,0.0,0.0,0.0,0.0,46.4806,41,1
sybil_type3,8935,1,1,0.0,0.0,0.0,0.0,0.0,48.2606,46,1
sybil_type3,8936,1,1,0.0,0.0,0.0,0.0,0.0,48.3806,46,1
sybil_type3,8937,1,1,0.0,0.0,0.0,0.0,0.0,48.8106,46,1
sybil_type3,8938,1,1,0.0,0.0,0.0,0.0,0.0,49.5106,39,1
sybil_type3,8940,1,1,0.0,0.0,0.0,0.0,0.0,51.2006,44,1
sybil_type3,8941,1,1,0.0,0.0,0.0,0.0,0.0,51.3206,44,1
sybil_type3,8942,1,1,0.0,0.0,0.0,0.0,0.0,51.7506,44,1
sybil_type3,8943,1,1,0.0,0.0,0.0,0.0,0.0,52.4506,40,1
sybil_type3,8945,1,1,0.0,0.0,0.0,0.0,0.0,54.2306,43,1
sybil_type3,8946,1,1,0.0,0.0,0.0,0.0,0.0,54.3506,43,1
sybil_type3,8947,1,1,0.0,0.0,0.0,0.0,0.0,54.7806,43,1
sybil_type3,8948,1,1,0.0,0.0,0.0,0.0,0.0,55.4806,41,1
sybil_type3,8950,1,1,0.0,0.0,0.0,0.0,0.0,57.2606,46,1
sybil_type3,8951,1,1,0.0,0.0,0.0,0.0,0.0,57.3806,46,1
sybil_type3,8952,1,1,0.0,0.0,0.0,0.0,0.0,57.8106,46,1
sybil_type3,8953,1,1,0.0,0.0,0.0,0.0,0.0,58.5106,39,1
sybil_type3,8955,1,1,0.0,0.0,0.0,0.0,0.0,60.2006,46,1
sybil_type3,8956,1,1,0.0,0.0,0.0,0.0,0.0,60.3206,46,1
sybil_type3,8957,1,1,0.0,0.0,0.0,0.0,0.0,60.7506,46,1
sybil_type3,8958,1,1,0.0,0.0,0.0,0.0,0.0,61.4506,42,1
sybil_type3,8960,1,1,0.0,0.0,0.0,0.0,0.0,63.2306,45,1
sybil_type3,8961,1,1,0.0,0.0,0.0,0.0,0.0,63.3506,45,1
sybil_type3,8962,1,1,0.0,0.0,0.0,0.0,0.0,63.7806,45,1
sybil_type3,8963,1,1,0.0,0.0,0.0,0.0,0.0,64.4806,43,1
sybil_type3,8965,1,1,0.0,0.0,0.0,0.0,0.0,66.2606,48,1
sybil_type3,8966,1,1,0.0,0.0,0.0,0.0,0.0,66.3806,48,1
sybil_type3,8967,1,1,0.0,0.0,0.0,0.0,0.0,66.8106,48,1
sybil_type3,8968,1,1,0.0,0.0,0.0,0.0,0.0,67.5106,41,1
sybil_type3,8970,1,1,0.0,0.0,0.0,0.0,0.0,69.2006,46,1
sybil_type3,8971,1,1,0.0,0.0,0.0,0.0,0.0,69.3206,46,1
sybil_type3,8972,1,1,0.0,0.0,0.0,0.0,0.0,69.7506,46,1
sybil_type3,8973,1,1,0.0,0.0,0.0,0.0,0.0,70.4506,42,1
sybil_type3,8975,1,1,0.0,0.0,0.0,0.0,0.0,72.2306,45,1
sybil_type3,8976,1,1,0.0,0.0,0.0,0.0,0.0,72.3506,45,1
sybil_type3,8977,1,1,0.0,0.0,0.0,0.0,0.0,72.7806,45,1
sybil_type3,8978,1,1,0.0,0.0,0.0,0.0,0.0,73.4806,41,1
sybil_type3,8980,1,1,0.0,0.0,0.0,0.0,0.0,75.2606,45,1
sybil_type3,8981,1,1,0.0,0.0,0.0,0.0,0.0,75.3806,45,1
sybil_type3,8982,1,1,0.0,0.0,0.0,0.0,0.0,75.8106,45,1
sybil_type3,8983,1,1,0.0,0.0,0.0,0.0,0.0,76.5106,39,1
sybil_type3,8985,1,1,0.0,0.0,0.0,0.0,0.0,78.2006,42,1
sybil_type3,8986,1,1,0.0,0.0,0.0,0.0,0.0,78.3206,42,1
sybil_type3,8987,1,1,0.0,0.0,0.0,0.0,0.0,78.7506,42,1
sybil_type3,8988,1,1,0.0,0.0,0.0,0.0,0.0,79.4506,40,1
sybil_type3,8990,1,1,0.0,0.0,0.0,0.0,0.0,81.2306,42,1
sybil_type3,8991,1,1,0.0,0.0,0.0,0.0,0.0,81.3506,42,1
sybil_type3,8992,1,1,0.0,0.0,0.0,0.0,0.0,81.7806,42,1
sybil_type3,8993,1,1,0.0,0.0,0.0,0.0,0.0,82.4806,40,1
sybil_type3,8995,1,1,0.0,0.0,0.0,0.0,0.0,84.2606,43,1
sybil_type3,8996,1,1,0.0,0.0,0.0,0.0,0.0,84.3806,43,1
sybil_type3,8997,1,1,0.0,0.0,0.0,0.0,0.0,84.8106,43,1
sybil_type3,8998,1,1,0.0,0.0,0.0,0.0,0.0,85.5106,38,1
sybil_type3,9000,1,1,0.0,0.0,0.0,0.0,0.0,87.2006,43,1
sybil_type3,9001,1,1,0.0,0.0,0.0,0.0,0.0,87.3206,43,1
sybil_type3,9002,1,1,0.0,0.0,0.0,0.0,0.0,87.7506,43,1
sybil_type3,9003,1,1,0.0,0.0,0.0,0.0,0.0,88.4506,39,1
sybil_type3,9005,1,1,0.0,0.0,0.0,0.0,0.0,90.2306,42,1
sybil_type3,9006,1,1,0.0,0.0,0.0,0.0,0.0,90.3506,42,1
sybil_type3,9007,1,1,0.0,0.0,0.0,0.0,0.0,90.7806,42,1
sybil_type3,9008,1,1,0.0,0.0,0.0,0.0,0.0,91.4806,40,1
sybil_type3,9010,1,1,0.0,0.0,0.0,0.0,0.0,93.2606,46,1
sybil_type3,9011,1,1,0.0,0.0,0.0,0.0,0.0,93.3806,46,1
sybil_type3,9012,1,1,0.0,0.0,0.0,0.0,0.0,93.8106,46,1
sybil_type3,9013,1,1,0.0,0.0,0.0,0.0,0.0,94.5106,39,1
sybil_type3,9015,1,1,0.0,0.0,0.0,0.0,0.0,96.2006,42,1
sybil_type3,9016,1,1,0.0,0.0,0.0,0.0,0.0,96.3206,42,1
sybil_type3,9017,1,1,0.0,0.0,0.0,0.0,0.0,96.7506,42,1
sybil_type3,9018,1,1,0.0,0.0,0.0,0.0,0.0,97.4506,40,1
sybil_type3,9020,1,1,0.0,0.0,0.0,0.0,0.0,99.2306,42,1
sybil_type3,9021,1,1,0.0,0.0,0.0,0.0,0.0,99.3506,42,1
sybil_type3,9022,1,1,0.0,0.0,0.0,0.0,0.0,99.7806,42,1
sybil_type3,9023,1,1,0.0,0.0,0.0,0.0,0.0,100.481,41,1
sybil_type3,9025,1,1,0.0,0.0,0.0,0.0,0.0,102.261,46,1
sybil_type3,9026,1,1,0.0,0.0,0.0,0.0,0.0,102.381,46,1
sybil_type3,9027,1,1,0.0,0.0,0.0,0.0,0.0,102.811,46,1
sybil_type3,9028,1,1,0.0,0.0,0.0,0.0,0.0,103.511,39,1
sybil_type3,9030,1,1,0.0,0.0,0.0,0.0,0.0,105.201,46,1
sybil_type3,9031,1,1,0.0,0.0,0.0,0.0,0.0,105.321,46,1
sybil_type3,9032,1,1,0.0,0.0,0.0,0.0,0.0,105.751,46,1
sybil_type3,9033,1,1,0.0,0.0,0.0,0.0,0.0,106.451,42,1
sybil_type3,9035,1,1,0.0,0.0,0.0,0.0,0.0,108.231,45,1
sybil_type3,9036,1,1,0.0,0.0,0.0,0.0,0.0,108.351,45,1
sybil_type3,9037,1,1,0.0,0.0,0.0,0.0,0.0,108.781,45,1
sybil_type3,9038,1,1,0.0,0.0,0.0,0.0,0.0,109.481,43,1
sybil_type3,9040,1,1,0.0,0.0,0.0,0.0,0.0,111.261,48,1
sybil_type3,9041,1,1,0.0,0.0,0.0,0.0,0.0,111.381,48,1
sybil_type3,9042,1,1,0.0,0.0,0.0,0.0,0.0,111.811,48,1
sybil_type3,9043,1,1,0.0,0.0,0.0,0.0,0.0,112.511,41,1
sybil_type3,9045,1,1,0.0,0.0,0.0,0.0,0.0,114.201,43,1
sybil_type3,9046,1,1,0.0,0.0,0.0,0.0,0.0,114.321,43,1
sybil_type3,9047,1,1,0.0,0.0,0.0,0.0,0.0,114.751,43,1
sybil_type3,9048,1,1,0.0,0.0,0.0,0.0,0.0,115.451,41,1
sybil_type3,9050,1,1,0.0,0.0,0.0,0.0,0.0,117.231,42,1
sybil_type3,9051,1,1,0.0,0.0,0.0,0.0,0.0,117.351,42,1
sybil_type3,9052,1,1,0.0,0.0,0.0,0.0,0.0,117.781,42,1
sybil_type3,9053,1,1,0.0,0.0,0.0,0.0,0.0,118.481,40,1
sybil_type3,9365,1,1,0.0,0.0,0.0,0.0,0.0,6.5106,49,1
sybil_type3,9366,1,1,0.0,0.0,0.0,0.0,0.0,6.6306,49,1
sybil_type3,9367,1,1,0.0,0.0,0.0,0.0,0.0,7.0606,49,1
sybil_type3,9368,1,1,0.0,0.0,0.0,0.0,0.0,7.7606,49,1
sybil_type3,9370,1,1,0.0,0.0,0.0,0.0,0.0,9.4506,48,1
sybil_type3,9371,1,1,0.0,0.0,0.0,0.0,0.0,9.5706,48,1
sybil_type3,9372,1,1,0.0,0.0,0.0,0.0,0.0,10.0006,41,1
sybil_type3,9373,1,1,0.0,0.0,0.0,0.0,0.0,10.7006,41,1
sybil_type3,9375,1,1,0.0,0.0,0.0,0.0,0.0,12.4806,46,1
sybil_type3,9376,1,1,0.0,0.0,0.0,0.0,0.0,12.6006,46,1
sybil_type3,9377,1,1,0.0,0.0,0.0,0.0,0.0,13.0306,39,1
sybil_type3,9378,1,1,0.0,0.0,0.0,0.0,0.0,13.7306,39,1
sybil_type3,9380,1,1,0.0,0.0,0.0,0.0,0.0,15.5106,44,1
sybil_type3,9381,1,1,0.0,0.0,0.0,0.0,0.0,15.6306,44,1
sybil_type3,9382,1,1,0.0,0.0,0.0,0.0,0.0,16.0606,40,1
sybil_type3,9383,1,1,0.0,0.0,0.0,0.0,0.0,16.7606,40,1
sybil_type3,9385,1,1,0.0,0.0,0.0,0.0,0.0,18.4506,43,1
sybil_type3,9386,1,1,0.0,0.0,0.0,0.0,0.0,18.5706,43,1
sybil_type3,9387,1,1,0.0,0.0,0.0,0.0,0.0,19.0006,41,1
sybil_type3,9388,1,1,0.0,0.0,0.0,0.0,0.0,19.7006,41,1
sybil_type3,9390,1,1,0.0,0.0,0.0,0.0,0.0,21.4806,46,1
sybil_type3,9391,1,1,0.0,0.0,0.0,0.0,0.0,21.6006,46,1
sybil_type3,9392,1,1,0.0,0.0,0.0,0.0,0.0,22.0306,39,1
sybil_type3,9393,1,1,0.0,0.0,0.0,0.0,0.0,22.7306,39,1
sybil_type3,9395,1,1,0.0,0.0,0.0,0.0,0.0,24.5106,44,1
sybil_type3,9396,1,1,0.0,0.0,0.0,0.0,0.0,24.6306,44,1
sybil_type3,9397,1,1,0.0,0.0,0.0,0.0,0.0,25.0606,40,1
sybil_type3,9398,1,1,0.0,0.0,0.0,0.0,0.0,25.7606,40,1
sybil_type3,9400,1,1,0.0,0.0,0.0,0.0,0.0,27.4506,43,1
sybil_type3,9401,1,1,0.0,0.0,0.0,0.0,0.0,27.5706,43,1
sybil_type3,9402,1,1,0.0,0.0,0.0,0.0,0.0,28.0006,41,1
sybil_type3,9403,1,1,0.0,0.0,0.0,0.0,0.0,28.7006,41,1
sybil_type3,9405,1,1,0.0,0.0,0.0,0.0,0.0,30.4806,46,1
sybil_type3,9406,1,1,0.0,0.0,0.0,0.0,0.0,30.6006,46,1
sybil_type3,9407,1,1,0.0,0.0,0.0,0.0,0.0,31.0306,39,1
sybil_type3,9408,1,1,0.0,0.0,0.0,0.0,0.0,31.7306,39,1
sybil_type3,9410,1,1,0.0,0.0,0.0,0.0,0.0,33.5106,44,1
sybil_type3,9411,1,1,0.0,0.0,0.0,0.0,0.0,33.6306,44,1
sybil_type3,9412,1,1,0.0,0.0,0.0,0.0,0.0,34.0606,40,1
sybil_type3,9413,1,1,0.0,0.0,0.0,0.0,0.0,34.7606,40,1
sybil_type3,9415,1,1,0.0,0.0,0.0,0.0,0.0,36.4506,43,1
sybil_type3,9416,1,1,0.0,0.0,0.0,0.0,0.0,36.5706,43,1
sybil_type3,9417,1,1,0.0,0.0,0.0,0.0,0.0,37.0006,41,1
sybil_type3,9418,1,1,0.0,0.0,0.0,0.0,0.0,37.7006,41,1
sybil_type3,9420,1,1,0.0,0.0,0.0,0.0,0.0,39.4806,46,1
sybil_type3,9421,1,1,0.0,0.0,0.0,0.0,0.0,39.6006,46,1
sybil_type3,9422,1,1,0.0,0.0,0.0,0.0,0.0,40.0306,39,1
sybil_type3,9423,1,1,0.0,0.0,0.0,0.0,0.0,40.7306,39,1
sybil_type3,9425,1,1,0.0,0.0,0.0,0.0,0.0,42.5106,44,1
sybil_type3,9426,1,1,0.0,0.0,0.0,0.0,0.0,42.6306,44,1
sybil_type3,9427,1,1,0.0,0.0,0.0,0.0,0.0,43.0606,40,1
sybil_type3,9428,1,1,0.0,0.0,0.0,0.0,0.0,43.7606,40,1
sybil_type3,9430,1,1,0.0,0.0,0.0,0.0,0.0,45.4506,43,1
sybil_type3,9431,1,1,0.0,0.0,0.0,0.0,0.0,45.5706,43,1
sybil_type3,9432,1,1,0.0,0.0,0.0,0.0,0.0,46.0006,41,1
sybil_type3,9433,1,1,0.0,0.0,0.0,0.0,0.0,46.7006,41,1
sybil_type3,9435,1,1,0.0,0.0,0.0,0.0,0.0,48.4806,46,1
sybil_type3,9436,1,1,0.0,0.0,0.0,0.0,0.0,48.6006,46,1
sybil_type3,9437,1,1,0.0,0.0,0.0,0.0,0.0,49.0306,39,1
sybil_type3,9438,1,1,0.0,0.0,0.0,0.0,0.0,49.7306,39,1
sybil_type3,9440,1,1,0.0,0.0,0.0,0.0,0.0,51.5106,44,1
sybil_type3,9441,1,1,0.0,0.0,0.0,0.0,0.0,51.6306,44,1
sybil_type3,9442,1,1,0.0,0.0,0.0,0.0,0.0,52.0606,40,1
sybil_type3,9443,1,1,0.0,0.0,0.0,0.0,0.0,52.7606,40,1
sybil_type3,9445,1,1,0.0,0.0,0.0,0.0,0.0,54.4506,43,1
sybil_type3,9446,1,1,0.0,0.0,0.0,0.0,0.0,54.5706,43,1
sybil_type3,9447,1,1,0.0,0.0,0.0,0.0,0.0,55.0006,41,1
sybil_type3,9448,1,1,0.0,0.0,0.0,0.0,0.0,55.7006,41,1
sybil_type3,9450,1,1,0.0,0.0,0.0,0.0,0.0,57.4806,46,1
sybil_type3,9451,1,1,0.0,0.0,0.0,0.0,0.0,57.6006,46,1
sybil_type3,9452,1,1,0.0,0.0,0.0,0.0,0.0,58.0306,39,1
sybil_type3,9453,1,1,0.0,0.0,0.0,0.0,0.0,58.7306,39,1
sybil_type3,9455,1,1,0.0,0.0,0.0,0.0,0.0,60.5106,46,1
sybil_type3,9456,1,1,0.0,0.0,0.0,0.0,0.0,60.6306,46,1
sybil_type3,9457,1,1,0.0,0.0,0.0,0.0,0.0,61.0606,42,1
sybil_type3,9458,1,1,0.0,0.0,0.0,0.0,0.0,61.7606,42,1
sybil_type3,9460,1,1,0.0,0.0,0.0,0.0,0.0,63.4506,45,1
sybil_type3,9461,1,1,0.0,0.0,0.0,0.0,0.0,63.5706,45,1
sybil_type3,9462,1,1,0.0,0.0,0.0,0.0,0.0,64.0006,43,1
sybil_type3,9463,1,1,0.0,0.0,0.0,0.0,0.0,64.7006,43,1
sybil_type3,9465,1,1,0.0,0.0,0.0,0.0,0.0,66.4806,48,1
sybil_type3,9466,1,1,0.0,0.0,0.0,0.0,0.0,66.6006,48,1
sybil_type3,9467,1,1,0.0,0.0,0.0,0.0,0.0,67.0306,41,1
sybil_type3,9468,1,1,0.0,0.0,0.0,0.0,0.0,67.7306,41,1
sybil_type3,9470,1,1,0.0,0.0,0.0,0.0,0.0,69.5106,46,1
sybil_type3,9471,1,1,0.0,0.0,0.0,0.0,0.0,69.6306,46,1
sybil_type3,9472,1,1,0.0,0.0,0.0,0.0,0.0,70.0606,42,1
sybil_type3,9473,1,1,0.0,0.0,0.0,0.0,0.0,70.7606,42,1
sybil_type3,9475,1,1,0.0,0.0,0.0,0.0,0.0,72.4506,45,1
sybil_type3,9476,1,1,0.0,0.0,0.0,0.0,0.0,72.5706,45,1
sybil_type3,9477,1,1,0.0,0.0,0.0,0.0,0.0,73.0006,41,1
sybil_type3,9478,1,1,0.0,0.0,0.0,0.0,0.0,73.7006,41,1
sybil_type3,9480,1,1,0.0,0.0,0.0,0.0,0.0,75.4806,45,1
sybil_type3,9481,1,1,0.0,0.0,0.0,0.0,0.0,75.6006,45,1
sybil_type3,9482,1,1,0.0,0.0,0.0,0.0,0.0,76.0306,39,1
sybil_type3,9483,1,1,0.0,0.0,0.0,0.0,0.0,76.7306,39,1
sybil_type3,9485,1,1,0.0,0.0,0.0,0.0,0.0,78.5106,42,1
sybil_type3,9486,1,1,0.0,0.0,0.0,0.0,0.0,78.6306,42,1
sybil_type3,9487,1,1,0.0,0.0,0.0,0.0,0.0,79.0606,40,1
sybil_type3,9488,1,1,0.0,0.0,0.0,0.0,0.0,79.7606,40,1
sybil_type3,9490,1,1,0.0,0.0,0.0,0.0,0.0,81.4506,42,1
sybil_type3,9491,1,1,0.0,0.0,0.0,0.0,0.0,81.5706,42,1
sybil_type3,9492,1,1,0.0,0.0,0.0,0.0,0.0,82.0006,40,1
sybil_type3,9493,1,1,0.0,0.0,0.0,0.0,0.0,82.7006,40,1
sybil_type3,9495,1,1,0.0,0.0,0.0,0.0,0.0,84.4806,43,1
sybil_type3,9496,1,1,0.0,0.0,0.0,0.0,0.0,84.6006,43,1
sybil_type3,9497,1,1,0.0,0.0,0.0,0.0,0.0,85.0306,38,1
sybil_type3,9498,1,1,0.0,0.0,0.0,0.0,0.0,85.7306,38,1
sybil_type3,9500,1,1,0.0,0.0,0.0,0.0,0.0,87.5106,43,1
sybil_type3,9501,1,1,0.0,0.0,0.0,0.0,0.0,87.6306,43,1
sybil_type3,9502,1,1,0.0,0.0,0.0,0.0,0.0,88.0606,39,1
sybil_type3,9503,1,1,0.0,0.0,0.0,0.0,0.0,88.7606,39,1
sybil_type3,9505,1,1,0.0,0.0,0.0,0.0,0.0,90.4506,42,1
sybil_type3,9506,1,1,0.0,0.0,0.0,0.0,0.0,90.5706,42,1
sybil_type3,9507,1,1,0.0,0.0,0.0,0.0,0.0,91.0006,40,1
sybil_type3,9508,1,1,0.0,0.0,0.0,0.0,0.0,91.7006,40,1
sybil_type3,9510,1,1,0.0,0.0,0.0,0.0,0.0,93.4806,46,1
sybil_type3,9511,1,1,0.0,0.0,0.0,0.0,0.0,93.6006,46,1
sybil_type3,9512,1,1,0.0,0.0,0.0,0.0,0.0,94.0306,39,1
sybil_type3,9513,1,1,0.0,0.0,0.0,0.0,0.0,94.7306,39,1
sybil_type3,9515,1,1,0.0,0.0,0.0,0.0,0.0,96.5106,42,1
sybil_type3,9516,1,1,0.0,0.0,0.0,0.0,0.0,96.6306,42,1
sybil_type3,9517,1,1,0.0,0.0,0.0,0.0,0.0,97.0606,40,1
sybil_type3,9518,1,1,0.0,0.0,0.0,0.0,0.0,97.7606,40,1
sybil_type3,9520,1,1,0.0,0.0,0.0,0.0,0.0,99.4506,42,1
sybil_type3,9521,1,1,0.0,0.0,0.0,0.0,0.0,99.5706,42,1
sybil_type3,9522,1,1,0.0,0.0,0.0,0.0,0.0,100.001,41,1
sybil_type3,9523,1,1,0.0,0.0,0.0,0.0,0.0,100.701,41,1
sybil_type3,9525,1,1,0.0,0.0,0.0,0.0,0.0,102.481,46,1
sybil_type3,9526,1,1,0.0,0.0,0.0,0.0,0.0,102.601,46,1
sybil_type3,9527,1,1,0.0,0.0,0.0,0.0,0.0,103.031,39,1
sybil_type3,9528,1,1,0.0,0.0,0.0,0.0,0.0,103.731,39,1
sybil_type3,9530,1,1,0.0,0.0,0.0,0.0,0.0,105.511,46,1
sybil_type3,9531,1,1,0.0,0.0,0.0,0.0,0.0,105.631,46,1
sybil_type3,9532,1,1,0.0,0.0,0.0,0.0,0.0,106.061,42,1
sybil_type3,9533,1,1,0.0,0.0,0.0,0.0,0.0,106.761,42,1
sybil_type3,9535,1,1,0.0,0.0,0.0,0.0,0.0,108.451,45,1
sybil_type3,9536,1,1,0.0,0.0,0.0,0.0,0.0,108.571,45,1
sybil_type3,9537,1,1,0.0,0.0,0.0,0.0,0.0,109.001,43,1
sybil_type3,9538,1,1,0.0,0.0,0.0,0.0,0.0,109.701,43,1
sybil_type3,9540,1,1,0.0,0.0,0.0,0.0,0.0,111.481,48,1
sybil_type3,9541,1,1,0.0,0.0,0.0,0.0,0.0,111.601,48,1
sybil_type3,9542,1,1,0.0,0.0,0.0,0.0,0.0,112.031,41,1
sybil_type3,9543,1,1,0.0,0.0,0.0,0.0,0.0,112.731,41,1
sybil_type3,9545,1,1,0.0,0.0,0.0,0.0,0.0,114.511,43,1
sybil_type3,9546,1,1,0.0,0.0,0.0,0.0,0.0,114.631,43,1
sybil_type3,9547,1,1,0.0,0.0,0.0,0.0,0.0,115.061,41,1
sybil_type3,9548,1,1,0.0,0.0,0.0,0.0,0.0,115.761,41,1
sybil_type3,9550,1,1,0.0,0.0,0.0,0.0,0.0,117.451,42,1
sybil_type3,9551,1,1,0.0,0.0,0.0,0.0,0.0,117.571,42,1
sybil_type3,9552,1,1,0.0,0.0,0.0,0.0,0.0,118.001,40,1
sybil_type3,9553,1,1,0.0,0.0,0.0,0.0,0.0,118.701,40,1
sybil_type3,9755,1,1,0.0,0.0,0.0,0.0,0.0,60.6606,46,1
sybil_type3,9756,1,1,0.0,0.0,0.0,0.0,0.0,60.7806,46,1
sybil_type3,9757,1,1,0.0,0.0,0.0,0.0,0.0,61.2106,42,1
sybil_type3,9758,1,1,0.0,0.0,0.0,0.0,0.0,61.9106,42,1
sybil_type3,9760,1,1,0.0,0.0,0.0,0.0,0.0,63.6006,45,1
sybil_type3,9761,1,1,0.0,0.0,0.0,0.0,0.0,63.7206,45,1
sybil_type3,9762,1,1,0.0,0.0,0.0,0.0,0.0,64.1506,43,1
sybil_type3,9763,1,1,0.0,0.0,0.0,0.0,0.0,64.8506,43,1
sybil_type3,9765,1,1,0.0,0.0,0.0,0.0,0.0,66.6306,48,1
sybil_type3,9766,1,1,0.0,0.0,0.0,0.0,0.0,66.7506,48,1
sybil_type3,9767,1,1,0.0,0.0,0.0,0.0,0.0,67.1806,41,1
sybil_type3,9768,1,1,0.0,0.0,0.0,0.0,0.0,67.8806,41,1
sybil_type3,9770,1,1,0.0,0.0,0.0,0.0,0.0,69.6606,46,1
sybil_type3,9771,1,1,0.0,0.0,0.0,0.0,0.0,69.7806,46,1
sybil_type3,9772,1,1,0.0,0.0,0.0,0.0,0.0,70.2106,42,1
sybil_type3,9773,1,1,0.0,0.0,0.0,0.0,0.0,70.9106,42,1
sybil_type3,9775,1,1,0.0,0.0,0.0,0.0,0.0,72.6006,45,1
sybil_type3,9776,1,1,0.0,0.0,0.0,0.0,0.0,72.7206,45,1
sybil_type3,9830,1,1,0.0,0.0,0.0,0.0,0.0,105.661,46,1
sybil_type3,9831,1,1,0.0,0.0,0.0,0.0,0.0,105.781,46,1
sybil_type3,9832,1,1,0.0,0.0,0.0,0.0,0.0,106.211,42,1
sybil_type3,9833,1,1,0.0,0.0,0.0,0.0,0.0,106.911,42,1
sybil_type3,9835,1,1,0.0,0.0,0.0,0.0,0.0,108.601,45,1
sybil_type3,9836,1,1,0.0,0.0,0.0,0.0,0.0,108.721,45,1
sybil_type3,9837,1,1,0.0,0.0,0.0,0.0,0.0,109.151,43,1
sybil_type3,9838,1,1,0.0,0.0,0.0,0.0,0.0,109.851,43,1
sybil_type3,9840,1,1,0.0,0.0,0.0,0.0,0.0,111.631,48,1
sybil_type3,9841,1,1,0.0,0.0,0.0,0.0,0.0,111.751,48,1
sybil_type3,9842,1,1,0.0,0.0,0.0,0.0,0.0,112.181,41,1
sybil_type3,9843,1,1,0.0,0.0,0.0,0.0,0.0,112.881,41,1
sybil_type3,9845,1,1,0.0,0.0,0.0,0.0,0.0,114.661,43,1
sybil_type3,9846,1,1,0.0,0.0,0.0,0.0,0.0,114.781,43,1
sybil_type3,9847,1,1,0.0,0.0,0.0,0.0,0.0,115.211,41,1
sybil_type3,9848,1,1,0.0,0.0,0.0,0.0,0.0,115.911,41,1
sybil_type3,9850,1,1,0.0,0.0,0.0,0.0,0.0,117.601,42,1
sybil_type3,9851,1,1,0.0,0.0,0.0,0.0,0.0,117.721,42,1
sybil_type3,10165,1,1,0.0,0.0,0.0,0.0,0.0,6.8806,49,1
sybil_type3,10166,1,1,0.0,0.0,0.0,0.0,0.0,7.0006,49,1
sybil_type3,10167,1,1,0.0,0.0,0.0,0.0,0.0,7.4306,49,1
sybil_type3,10168,1,1,0.0,0.0,0.0,0.0,0.0,8.1306,64,1
sybil_type3,10170,1,1,0.0,0.0,0.0,0.0,0.0,9.9106,48,1
sybil_type3,10171,1,1,0.0,0.0,0.0,0.0,0.0,10.0306,41,1
sybil_type3,10172,1,1,0.0,0.0,0.0,0.0,0.0,10.4606,41,1
sybil_type3,10173,1,1,0.0,0.0,0.0,0.0,0.0,11.1606,42,1
sybil_type3,10175,1,1,0.0,0.0,0.0,0.0,0.0,12.8506,46,1
sybil_type3,10176,1,1,0.0,0.0,0.0,0.0,0.0,12.9706,46,1
sybil_type3,10177,1,1,0.0,0.0,0.0,0.0,0.0,13.4006,39,1
sybil_type3,10178,1,1,0.0,0.0,0.0,0.0,0.0,14.1006,44,1
sybil_type3,10180,1,1,0.0,0.0,0.0,0.0,0.0,15.8806,44,1
sybil_type3,10181,1,1,0.0,0.0,0.0,0.0,0.0,16.0006,40,1
sybil_type3,10182,1,1,0.0,0.0,0.0,0.0,0.0,16.4306,40,1
sybil_type3,10183,1,1,0.0,0.0,0.0,0.0,0.0,17.1306,45,1
sybil_type3,10185,1,1,0.0,0.0,0.0,0.0,0.0,18.9106,43,1
sybil_type3,10186,1,1,0.0,0.0,0.0,0.0,0.0,19.0306,41,1
sybil_type3,10187,1,1,0.0,0.0,0.0,0.0,0.0,19.4606,41,1
sybil_type3,10188,1,1,0.0,0.0,0.0,0.0,0.0,20.1606,42,1
sybil_type3,10190,1,1,0.0,0.0,0.0,0.0,0.0,21.8506,46,1
sybil_type3,10191,1,1,0.0,0.0,0.0,0.0,0.0,21.9706,46,1
sybil_type3,10192,1,1,0.0,0.0,0.0,0.0,0.0,22.4006,39,1
sybil_type3,10193,1,1,0.0,0.0,0.0,0.0,0.0,23.1006,44,1
sybil_type3,10195,1,1,0.0,0.0,0.0,0.0,0.0,24.8806,44,1
sybil_type3,10196,1,1,0.0,0.0,0.0,0.0,0.0,25.0006,40,1
sybil_type3,10197,1,1,0.0,0.0,0.0,0.0,0.0,25.4306,40,1
sybil_type3,10198,1,1,0.0,0.0,0.0,0.0,0.0,26.1306,45,1
sybil_type3,10200,1,1,0.0,0.0,0.0,0.0,0.0,27.9106,43,1
sybil_type3,10201,1,1,0.0,0.0,0.0,0.0,0.0,28.0306,41,1
sybil_type3,10202,1,1,0.0,0.0,0.0,0.0,0.0,28.4606,41,1
sybil_type3,10203,1,1,0.0,0.0,0.0,0.0,0.0,29.1606,42,1
sybil_type3,10205,1,1,0.0,0.0,0.0,0.0,0.0,30.8506,46,1
sybil_type3,10206,1,1,0.0,0.0,0.0,0.0,0.0,30.9706,46,1
sybil_type3,10207,1,1,0.0,0.0,0.0,0.0,0.0,31.4006,39,1
sybil_type3,10208,1,1,0.0,0.0,0.0,0.0,0.0,32.1006,44,1
sybil_type3,10210,1,1,0.0,0.0,0.0,0.0,0.0,33.8806,44,1
sybil_type3,10211,1,1,0.0,0.0,0.0,0.0,0.0,34.0006,40,1
sybil_type3,10212,1,1,0.0,0.0,0.0,0.0,0.0,34.4306,40,1
sybil_type3,10213,1,1,0.0,0.0,0.0,0.0,0.0,35.1306,45,1
sybil_type3,10215,1,1,0.0,0.0,0.0,0.0,0.0,36.9106,43,1
sybil_type3,10216,1,1,0.0,0.0,0.0,0.0,0.0,37.0306,41,1
sybil_type3,10217,1,1,0.0,0.0,0.0,0.0,0.0,37.4606,41,1
sybil_type3,10218,1,1,0.0,0.0,0.0,0.0,0.0,38.1606,42,1
sybil_type3,10220,1,1,0.0,0.0,0.0,0.0,0.0,39.8506,46,1
sybil_type3,10221,1,1,0.0,0.0,0.0,0.0,0.0,39.9706,46,1
sybil_type3,10222,1,1,0.0,0.0,0.0,0.0,0.0,40.4006,39,1
sybil_type3,10223,1,1,0.0,0.0,0.0,0.0,0.0,41.1006,44,1
sybil_type3,10225,1,1,0.0,0.0,0.0,0.0,0.0,42.8806,44,1
sybil_type3,10226,1,1,0.0,0.0,0.0,0.0,0.0,43.0006,40,1
sybil_type3,10227,1,1,0.0,0.0,0.0,0.0,0.0,43.4306,40,1
sybil_type3,10228,1,1,0.0,0.0,0.0,0.0,0.0,44.1306,45,1
sybil_type3,10230,1,1,0.0,0.0,0.0,0.0,0.0,45.9106,43,1
sybil_type3,10231,1,1,0.0,0.0,0.0,0.0,0.0,46.0306,41,1
sybil_type3,10232,1,1,0.0,0.0,0.0,0.0,0.0,46.4606,41,1
sybil_type3,10233,1,1,0.0,0.0,0.0,0.0,0.0,47.1606,42,1
sybil_type3,10235,1,1,0.0,0.0,0.0,0.0,0.0,48.8506,46,1
sybil_type3,10236,1,1,0.0,0.0,0.0,0.0,0.0,48.9706,46,1
sybil_type3,10237,1,1,0.0,0.0,0.0,0.0,0.0,49.4006,39,1
sybil_type3,10238,1,1,0.0,0.0,0.0,0.0,0.0,50.1006,44,1
sybil_type3,10240,1,1,0.0,0.0,0.0,0.0,0.0,51.8806,44,1
sybil_type3,10241,1,1,0.0,0.0,0.0,0.0,0.0,52.0006,40,1
sybil_type3,10242,1,1,0.0,0.0,0.0,0.0,0.0,52.4306,40,1
sybil_type3,10243,1,1,0.0,0.0,0.0,0.0,0.0,53.1306,45,1
sybil_type3,10245,1,1,0.0,0.0,0.0,0.0,0.0,54.9106,43,1
sybil_type3,10246,1,1,0.0,0.0,0.0,0.0,0.0,55.0306,41,1
sybil_type3,10247,1,1,0.0,0.0,0.0,0.0,0.0,55.4606,41,1
sybil_type3,10248,1,1,0.0,0.0,0.0,0.0,0.0,56.1606,42,1
sybil_type3,10250,1,1,0.0,0.0,0.0,0.0,0.0,57.8506,46,1
sybil_type3,10251,1,1,0.0,0.0,0.0,0.0,0.0,57.9706,46,1
sybil_type3,10252,1,1,0.0,0.0,0.0,0.0,0.0,58.4006,39,1
sybil_type3,10253,1,1,0.0,0.0,0.0,0.0,0.0,59.1006,45,1
sybil_type3,10255,1,1,0.0,0.0,0.0,0.0,0.0,60.8806,46,1
sybil_type3,10256,1,1,0.0,0.0,0.0,0.0,0.0,61.0006,42,1
sybil_type3,10257,1,1,0.0,0.0,0.0,0.0,0.0,61.4306,42,1
sybil_type3,10258,1,1,0.0,0.0,0.0,0.0,0.0,62.1306,45,1
sybil_type3,10260,1,1,0.0,0.0,0.0,0.0,0.0,63.9106,45,1
sybil_type3,10261,1,1,0.0,0.0,0.0,0.0,0.0,64.0306,43,1
sybil_type3,10262,1,1,0.0,0.0,0.0,0.0,0.0,64.4606,43,1
sybil_type3,10263,1,1,0.0,0.0,0.0,0.0,0.0,65.1606,41,1
sybil_type3,10265,1,1,0.0,0.0,0.0,0.0,0.0,66.8506,48,1
sybil_type3,10266,1,1,0.0,0.0,0.0,0.0,0.0,66.9706,48,1
sybil_type3,10267,1,1,0.0,0.0,0.0,0.0,0.0,67.4006,41,1
sybil_type3,10268,1,1,0.0,0.0,0.0,0.0,0.0,68.1006,42,1
sybil_type3,10270,1,1,0.0,0.0,0.0,0.0,0.0,69.8806,46,1
sybil_type3,10271,1,1,0.0,0.0,0.0,0.0,0.0,70.0006,42,1
sybil_type3,10272,1,1,0.0,0.0,0.0,0.0,0.0,70.4306,42,1
sybil_type3,10273,1,1,0.0,0.0,0.0,0.0,0.0,71.1306,44,1
sybil_type3,10275,1,1,0.0,0.0,0.0,0.0,0.0,72.9106,45,1
sybil_type3,10276,1,1,0.0,0.0,0.0,0.0,0.0,73.0306,41,1
sybil_type3,10277,1,1,0.0,0.0,0.0,0.0,0.0,73.4606,41,1
sybil_type3,10278,1,1,0.0,0.0,0.0,0.0,0.0,74.1606,40,1
sybil_type3,10280,1,1,0.0,0.0,0.0,0.0,0.0,75.8506,45,1
sybil_type3,10281,1,1,0.0,0.0,0.0,0.0,0.0,75.9706,45,1
sybil_type3,10282,1,1,0.0,0.0,0.0,0.0,0.0,76.4006,39,1
sybil_type3,10283,1,1,0.0,0.0,0.0,0.0,0.0,77.1006,41,1
sybil_type3,10285,1,1,0.0,0.0,0.0,0.0,0.0,78.8806,42,1
sybil_type3,10286,1,1,0.0,0.0,0.0,0.0,0.0,79.0006,40,1
sybil_type3,10287,1,1,0.0,0.0,0.0,0.0,0.0,79.4306,40,1
sybil_type3,10288,1,1,0.0,0.0,0.0,0.0,0.0,80.1306,43,1
sybil_type3,10290,1,1,0.0,0.0,0.0,0.0,0.0,81.9106,42,1
sybil_type3,10291,1,1,0.0,0.0,0.0,0.0,0.0,82.0306,40,1
sybil_type3,10292,1,1,0.0,0.0,0.0,0.0,0.0,82.4606,40,1
sybil_type3,10293,1,1,0.0,0.0,0.0,0.0,0.0,83.1606,38,1
sybil_type3,10295,1,1,0.0,0.0,0.0,0.0,0.0,84.8506,43,1
sybil_type3,10296,1,1,0.0,0.0,0.0,0.0,0.0,84.9706,43,1
sybil_type3,10297,1,1,0.0,0.0,0.0,0.0,0.0,85.4006,38,1
sybil_type3,10298,1,1,0.0,0.0,0.0,0.0,0.0,86.1006,42,1
sybil_type3,10300,1,1,0.0,0.0,0.0,0.0,0.0,87.8806,43,1
sybil_type3,10301,1,1,0.0,0.0,0.0,0.0,0.0,88.0006,39,1
sybil_type3,10302,1,1,0.0,0.0,0.0,0.0,0.0,88.4306,39,1
sybil_type3,10303,1,1,0.0,0.0,0.0,0.0,0.0,89.1306,43,1
sybil_type3,10305,1,1,0.0,0.0,0.0,0.0,0.0,90.9106,42,1
sybil_type3,10306,1,1,0.0,0.0,0.0,0.0,0.0,91.0306,40,1
sybil_type3,10307,1,1,0.0,0.0,0.0,0.0,0.0,91.4606,40,1
sybil_type3,10308,1,1,0.0,0.0,0.0,0.0,0.0,92.1606,42,1
sybil_type3,10310,1,1,0.0,0.0,0.0,0.0,0.0,93.8506,46,1
sybil_type3,10311,1,1,0.0,0.0,0.0,0.0,0.0,93.9706,46,1
sybil_type3,10312,1,1,0.0,0.0,0.0,0.0,0.0,94.4006,39,1
sybil_type3,10313,1,1,0.0,0.0,0.0,0.0,0.0,95.1006,42,1
sybil_type3,10315,1,1,0.0,0.0,0.0,0.0,0.0,96.8806,42,1
sybil_type3,10316,1,1,0.0,0.0,0.0,0.0,0.0,97.0006,40,1
sybil_type3,10317,1,1,0.0,0.0,0.0,0.0,0.0,97.4306,40,1
sybil_type3,10318,1,1,0.0,0.0,0.0,0.0,0.0,98.1306,43,1
sybil_type3,10320,1,1,0.0,0.0,0.0,0.0,0.0,99.9106,42,1
sybil_type3,10321,1,1,0.0,0.0,0.0,0.0,0.0,100.031,41,1
sybil_type3,10322,1,1,0.0,0.0,0.0,0.0,0.0,100.461,41,1
sybil_type3,10323,1,1,0.0,0.0,0.0,0.0,0.0,101.161,42,1
sybil_type3,10325,1,1,0.0,0.0,0.0,0.0,0.0,102.851,46,1
sybil_type3,10326,1,1,0.0,0.0,0.0,0.0,0.0,102.971,46,1
sybil_type3,10327,1,1,0.0,0.0,0.0,0.0,0.0,103.401,39,1
sybil_type3,10328,1,1,0.0,0.0,0.0,0.0,0.0,104.101,44,1
sybil_type3,10330,1,1,0.0,0.0,0.0,0.0,0.0,105.881,46,1
sybil_type3,10331,1,1,0.0,0.0,0.0,0.0,0.0,106.001,42,1
sybil_type3,10332,1,1,0.0,0.0,0.0,0.0,0.0,106.431,42,1
sybil_type3,10333,1,1,0.0,0.0,0.0,0.0,0.0,107.131,45,1
sybil_type3,10335,1,1,0.0,0.0,0.0,0.0,0.0,108.911,45,1
sybil_type3,10336,1,1,0.0,0.0,0.0,0.0,0.0,109.031,43,1
sybil_type3,10337,1,1,0.0,0.0,0.0,0.0,0.0,109.461,43,1
sybil_type3,10338,1,1,0.0,0.0,0.0,0.0,0.0,110.161,42,1
sybil_type3,10340,1,1,0.0,0.0,0.0,0.0,0.0,111.851,48,1
sybil_type3,10341,1,1,0.0,0.0,0.0,0.0,0.0,111.971,48,1
sybil_type3,10342,1,1,0.0,0.0,0.0,0.0,0.0,112.401,41,1
sybil_type3,10343,1,1,0.0,0.0,0.0,0.0,0.0,113.101,44,1
sybil_type3,10345,1,1,0.0,0.0,0.0,0.0,0.0,114.881,43,1
sybil_type3,10346,1,1,0.0,0.0,0.0,0.0,0.0,115.001,41,1
sybil_type3,10347,1,1,0.0,0.0,0.0,0.0,0.0,115.431,41,1
sybil_type3,10348,1,1,0.0,0.0,0.0,0.0,0.0,116.131,45,1
sybil_type3,10350,1,1,0.0,0.0,0.0,0.0,0.0,117.911,42,1
sybil_type3,10351,1,1,0.0,0.0,0.0,0.0,0.0,118.031,40,1
sybil_type3,10352,1,1,0.0,0.0,0.0,0.0,0.0,118.461,40,1
sybil_type3,10353,1,1,0.0,0.0,0.0,0.0,0.0,119.161,32,1
sybil_type3,10465,1,1,0.0,0.0,0.0,0.0,0.0,7.0306,49,1
sybil_type3,10466,1,1,0.0,0.0,0.0,0.0,0.0,7.1506,49,1
sybil_type3,10467,1,1,0.0,0.0,0.0,0.0,0.0,7.5806,49,1
sybil_type3,10468,1,1,0.0,0.0,0.0,0.0,0.0,8.2806,64,1
sybil_type3,10470,1,1,0.0,0.0,0.0,0.0,0.0,10.0606,41,1
sybil_type3,10471,1,1,0.0,0.0,0.0,0.0,0.0,10.1806,41,1
sybil_type3,10472,1,1,0.0,0.0,0.0,0.0,0.0,10.6106,41,1
sybil_type3,10473,1,1,0.0,0.0,0.0,0.0,0.0,11.3106,42,1
sybil_type3,10475,1,1,0.0,0.0,0.0,0.0,0.0,13.0006,39,1
sybil_type3,10476,1,1,0.0,0.0,0.0,0.0,0.0,13.1206,39,1
sybil_type3,10477,1,1,0.0,0.0,0.0,0.0,0.0,13.5506,39,1
sybil_type3,10478,1,1,0.0,0.0,0.0,0.0,0.0,14.2506,44,1
sybil_type3,10480,1,1,0.0,0.0,0.0,0.0,0.0,16.0306,40,1
sybil_type3,10481,1,1,0.0,0.0,0.0,0.0,0.0,16.1506,40,1
sybil_type3,10482,1,1,0.0,0.0,0.0,0.0,0.0,16.5806,40,1
sybil_type3,10483,1,1,0.0,0.0,0.0,0.0,0.0,17.2806,45,1
sybil_type3,10485,1,1,0.0,0.0,0.0,0.0,0.0,19.0606,41,1
sybil_type3,10486,1,1,0.0,0.0,0.0,0.0,0.0,19.1806,41,1
sybil_type3,10487,1,1,0.0,0.0,0.0,0.0,0.0,19.6106,41,1
sybil_type3,10488,1,1,0.0,0.0,0.0,0.0,0.0,20.3106,42,1
sybil_type3,10490,1,1,0.0,0.0,0.0,0.0,0.0,22.0006,39,1
sybil_type3,10491,1,1,0.0,0.0,0.0,0.0,0.0,22.1206,39,1
sybil_type3,10492,1,1,0.0,0.0,0.0,0.0,0.0,22.5506,39,1
sybil_type3,10493,1,1,0.0,0.0,0.0,0.0,0.0,23.2506,44,1
sybil_type3,10495,1,1,0.0,0.0,0.0,0.0,0.0,25.0306,40,1
sybil_type3,10496,1,1,0.0,0.0,0.0,0.0,0.0,25.1506,40,1
sybil_type3,10497,1,1,0.0,0.0,0.0,0.0,0.0,25.5806,40,1
sybil_type3,10498,1,1,0.0,0.0,0.0,0.0,0.0,26.2806,45,1
sybil_type3,10500,1,1,0.0,0.0,0.0,0.0,0.0,28.0606,41,1
sybil_type3,10501,1,1,0.0,0.0,0.0,0.0,0.0,28.1806,41,1
sybil_type3,10502,1,1,0.0,0.0,0.0,0.0,0.0,28.6106,41,1
sybil_type3,10503,1,1,0.0,0.0,0.0,0.0,0.0,29.3106,42,1
sybil_type3,10505,1,1,0.0,0.0,0.0,0.0,0.0,31.0006,39,1
sybil_type3,10506,1,1,0.0,0.0,0.0,0.0,0.0,31.1206,39,1
sybil_type3,10507,1,1,0.0,0.0,0.0,0.0,0.0,31.5506,39,1
sybil_type3,10508,1,1,0.0,0.0,0.0,0.0,0.0,32.2506,44,1
sybil_type3,10510,1,1,0.0,0.0,0.0,0.0,0.0,34.0306,40,1
sybil_type3,10511,1,1,0.0,0.0,0.0,0.0,0.0,34.1506,40,1
sybil_type3,10512,1,1,0.0,0.0,0.0,0.0,0.0,34.5806,40,1
sybil_type3,10513,1,1,0.0,0.0,0.0,0.0,0.0,35.2806,45,1
sybil_type3,10515,1,1,0.0,0.0,0.0,0.0,0.0,37.0606,41,1
sybil_type3,10516,1,1,0.0,0.0,0.0,0.0,0.0,37.1806,41,1
sybil_type3,10517,1,1,0.0,0.0,0.0,0.0,0.0,37.6106,41,1
sybil_type3,10518,1,1,0.0,0.0,0.0,0.0,0.0,38.3106,42,1
sybil_type3,10520,1,1,0.0,0.0,0.0,0.0,0.0,40.0006,39,1
sybil_type3,10521,1,1,0.0,0.0,0.0,0.0,0.0,40.1206,39,1
sybil_type3,10522,1,1,0.0,0.0,0.0,0.0,0.0,40.5506,39,1
sybil_type3,10523,1,1,0.0,0.0,0.0,0.0,0.0,41.2506,44,1
sybil_type3,10525,1,1,0.0,0.0,0.0,0.0,0.0,43.0306,40,1
sybil_type3,10526,1,1,0.0,0.0,0.0,0.0,0.0,43.1506,40,1
sybil_type3,10527,1,1,0.0,0.0,0.0,0.0,0.0,43.5806,40,1
sybil_type3,10528,1,1,0.0,0.0,0.0,0.0,0.0,44.2806,45,1
sybil_type3,10530,1,1,0.0,0.0,0.0,0.0,0.0,46.0606,41,1
sybil_type3,10531,1,1,0.0,0.0,0.0,0.0,0.0,46.1806,41,1
sybil_type3,10532,1,1,0.0,0.0,0.0,0.0,0.0,46.6106,41,1
sybil_type3,10533,1,1,0.0,0.0,0.0,0.0,0.0,47.3106,42,1
sybil_type3,10535,1,1,0.0,0.0,0.0,0.0,0.0,49.0006,39,1
sybil_type3,10536,1,1,0.0,0.0,0.0,0.0,0.0,49.1206,39,1
sybil_type3,10537,1,1,0.0,0.0,0.0,0.0,0.0,49.5506,39,1
sybil_type3,10538,1,1,0.0,0.0,0.0,0.0,0.0,50.2506,44,1
sybil_type3,10540,1,1,0.0,0.0,0.0,0.0,0.0,52.0306,40,1
sybil_type3,10541,1,1,0.0,0.0,0.0,0.0,0.0,52.1506,40,1
sybil_type3,10542,1,1,0.0,0.0,0.0,0.0,0.0,52.5806,40,1
sybil_type3,10543,1,1,0.0,0.0,0.0,0.0,0.0,53.2806,45,1
sybil_type3,10545,1,1,0.0,0.0,0.0,0.0,0.0,55.0606,41,1
sybil_type3,10546,1,1,0.0,0.0,0.0,0.0,0.0,55.1806,41,1
sybil_type3,10547,1,1,0.0,0.0,0.0,0.0,0.0,55.6106,41,1
sybil_type3,10548,1,1,0.0,0.0,0.0,0.0,0.0,56.3106,42,1
sybil_type3,10550,1,1,0.0,0.0,0.0,0.0,0.0,58.0006,39,1
sybil_type3,10551,1,1,0.0,0.0,0.0,0.0,0.0,58.1206,39,1
sybil_type3,10552,1,1,0.0,0.0,0.0,0.0,0.0,58.5506,39,1
sybil_type3,10553,1,1,0.0,0.0,0.0,0.0,0.0,59.2506,45,1
sybil_type3,10555,1,1,0.0,0.0,0.0,0.0,0.0,61.0306,42,1
sybil_type3,10556,1,1,0.0,0.0,0.0,0.0,0.0,61.1506,42,1
sybil_type3,10557,1,1,0.0,0.0,0.0,0.0,0.0,61.5806,42,1
sybil_type3,10558,1,1,0.0,0.0,0.0,0.0,0.0,62.2806,45,1
sybil_type3,10560,1,1,0.0,0.0,0.0,0.0,0.0,64.0606,43,1
sybil_type3,10561,1,1,0.0,0.0,0.0,0.0,0.0,64.1806,43,1
sybil_type3,10562,1,1,0.0,0.0,0.0,0.0,0.0,64.6106,43,1
sybil_type3,10563,1,1,0.0,0.0,0.0,0.0,0.0,65.3106,41,1
sybil_type3,10565,1,1,0.0,0.0,0.0,0.0,0.0,67.0006,41,1
sybil_type3,10566,1,1,0.0,0.0,0.0,0.0,0.0,67.1206,41,1
sybil_type3,10567,1,1,0.0,0.0,0.0,0.0,0.0,67.5506,41,1
sybil_type3,10568,1,1,0.0,0.0,0.0,0.0,0.0,68.2506,42,1
sybil_type3,10570,1,1,0.0,0.0,0.0,0.0,0.0,70.0306,42,1
sybil_type3,10571,1,1,0.0,0.0,0.0,0.0,0.0,70.1506,42,1
sybil_type3,10572,1,1,0.0,0.0,0.0,0.0,0.0,70.5806,42,1
sybil_type3,10573,1,1,0.0,0.0,0.0,0.0,0.0,71.2806,44,1
sybil_type3,10575,1,1,0.0,0.0,0.0,0.0,0.0,73.0606,41,1
sybil_type3,10576,1,1,0.0,0.0,0.0,0.0,0.0,73.1806,41,1
sybil_type3,10577,1,1,0.0,0.0,0.0,0.0,0.0,73.6106,41,1
sybil_type3,10578,1,1,0.0,0.0,0.0,0.0,0.0,74.3106,40,1
sybil_type3,10580,1,1,0.0,0.0,0.0,0.0,0.0,76.0006,39,1
sybil_type3,10581,1,1,0.0,0.0,0.0,0.0,0.0,76.1206,39,1
sybil_type3,10582,1,1,0.0,0.0,0.0,0.0,0.0,76.5506,39,1
sybil_type3,10583,1,1,0.0,0.0,0.0,0.0,0.0,77.2506,41,1
sybil_type3,10585,1,1,0.0,0.0,0.0,0.0,0.0,79.0306,40,1
sybil_type3,10586,1,1,0.0,0.0,0.0,0.0,0.0,79.1506,40,1
sybil_type3,10587,1,1,0.0,0.0,0.0,0.0,0.0,79.5806,40,1
sybil_type3,10588,1,1,0.0,0.0,0.0,0.0,0.0,80.2806,43,1
sybil_type3,10590,1,1,0.0,0.0,0.0,0.0,0.0,82.0606,40,1
sybil_type3,10591,1,1,0.0,0.0,0.0,0.0,0.0,82.1806,40,1
sybil_type3,10592,1,1,0.0,0.0,0.0,0.0,0.0,82.6106,40,1
sybil_type3,10593,1,1,0.0,0.0,0.0,0.0,0.0,83.3106,38,1
sybil_type3,10595,1,1,0.0,0.0,0.0,0.0,0.0,85.0006,38,1
sybil_type3,10596,1,1,0.0,0.0,0.0,0.0,0.0,85.1206,38,1
sybil_type3,10597,1,1,0.0,0.0,0.0,0.0,0.0,85.5506,38,1
sybil_type3,10598,1,1,0.0,0.0,0.0,0.0,0.0,86.2506,42,1
sybil_type3,10600,1,1,0.0,0.0,0.0,0.0,0.0,88.0306,39,1
sybil_type3,10601,1,1,0.0,0.0,0.0,0.0,0.0,88.1506,39,1
sybil_type3,10602,1,1,0.0,0.0,0.0,0.0,0.0,88.5806,39,1
sybil_type3,10603,1,1,0.0,0.0,0.0,0.0,0.0,89.2806,43,1
sybil_type3,10605,1,1,0.0,0.0,0.0,0.0,0.0,91.0606,40,1
sybil_type3,10606,1,1,0.0,0.0,0.0,0.0,0.0,91.1806,40,1
sybil_type3,10607,1,1,0.0,0.0,0.0,0.0,0.0,91.6106,40,1
sybil_type3,10608,1,1,0.0,0.0,0.0,0.0,0.0,92.3106,42,1
sybil_type3,10610,1,1,0.0,0.0,0.0,0.0,0.0,94.0006,39,1
sybil_type3,10611,1,1,0.0,0.0,0.0,0.0,0.0,94.1206,39,1
sybil_type3,10612,1,1,0.0,0.0,0.0,0.0,0.0,94.5506,39,1
sybil_type3,10613,1,1,0.0,0.0,0.0,0.0,0.0,95.2506,42,1
sybil_type3,10615,1,1,0.0,0.0,0.0,0.0,0.0,97.0306,40,1
sybil_type3,10616,1,1,0.0,0.0,0.0,0.0,0.0,97.1506,40,1
sybil_type3,10617,1,1,0.0,0.0,0.0,0.0,0.0,97.5806,40,1
sybil_type3,10618,1,1,0.0,0.0,0.0,0.0,0.0,98.2806,43,1
sybil_type3,10620,1,1,0.0,0.0,0.0,0.0,0.0,100.061,41,1
sybil_type3,10621,1,1,0.0,0.0,0.0,0.0,0.0,100.181,41,1
sybil_type3,10622,1,1,0.0,0.0,0.0,0.0,0.0,100.611,41,1
sybil_type3,10623,1,1,0.0,0.0,0.0,0.0,0.0,101.311,42,1
sybil_type3,10625,1,1,0.0,0.0,0.0,0.0,0.0,103.001,39,1
sybil_type3,10626,1,1,0.0,0.0,0.0,0.0,0.0,103.121,39,1
sybil_type3,10627,1,1,0.0,0.0,0.0,0.0,0.0,103.551,39,1
sybil_type3,10628,1,1,0.0,0.0,0.0,0.0,0.0,104.251,44,1
sybil_type3,10630,1,1,0.0,0.0,0.0,0.0,0.0,106.031,42,1
sybil_type3,10631,1,1,0.0,0.0,0.0,0.0,0.0,106.151,42,1
sybil_type3,10632,1,1,0.0,0.0,0.0,0.0,0.0,106.581,42,1
sybil_type3,10633,1,1,0.0,0.0,0.0,0.0,0.0,107.281,45,1
sybil_type3,10635,1,1,0.0,0.0,0.0,0.0,0.0,109.061,43,1
sybil_type3,10636,1,1,0.0,0.0,0.0,0.0,0.0,109.181,43,1
sybil_type3,10637,1,1,0.0,0.0,0.0,0.0,0.0,109.611,43,1
sybil_type3,10638,1,1,0.0,0.0,0.0,0.0,0.0,110.311,42,1
sybil_type3,10640,1,1,0.0,0.0,0.0,0.0,0.0,112.001,41,1
sybil_type3,10641,1,1,0.0,0.0,0.0,0.0,0.0,112.121,41,1
sybil_type3,10642,1,1,0.0,0.0,0.0,0.0,0.0,112.551,41,1
sybil_type3,10643,1,1,0.0,0.0,0.0,0.0,0.0,113.251,44,1
sybil_type3,10645,1,1,0.0,0.0,0.0,0.0,0.0,115.031,41,1
sybil_type3,10646,1,1,0.0,0.0,0.0,0.0,0.0,115.151,41,1
sybil_type3,10647,1,1,0.0,0.0,0.0,0.0,0.0,115.581,41,1
sybil_type3,10648,1,1,0.0,0.0,0.0,0.0,0.0,116.281,45,1
sybil_type3,10650,1,1,0.0,0.0,0.0,0.0,0.0,118.061,40,1
sybil_type3,10651,1,1,0.0,0.0,0.0,0.0,0.0,118.181,40,1
sybil_type3,10652,1,1,0.0,0.0,0.0,0.0,0.0,118.611,40,1
sybil_type3,10653,1,1,0.0,0.0,0.0,0.0,0.0,119.311,32,1
sybil_type3,11265,1,1,0.0,0.0,0.0,0.0,0.0,7.4006,49,1
sybil_type3,11266,1,1,0.0,0.0,0.0,0.0,0.0,7.5206,49,1
sybil_type3,11267,1,1,0.0,0.0,0.0,0.0,0.0,7.9506,49,1
sybil_type3,11268,1,1,0.0,0.0,0.0,0.0,0.0,8.6506,64,1
sybil_type3,11270,1,1,0.0,0.0,0.0,0.0,0.0,10.4306,41,1
sybil_type3,11271,1,1,0.0,0.0,0.0,0.0,0.0,10.5506,41,1
sybil_type3,11272,1,1,0.0,0.0,0.0,0.0,0.0,10.9806,41,1
sybil_type3,11273,1,1,0.0,0.0,0.0,0.0,0.0,11.6806,42,1
sybil_type3,11275,1,1,0.0,0.0,0.0,0.0,0.0,13.4606,39,1
sybil_type3,11276,1,1,0.0,0.0,0.0,0.0,0.0,13.5806,39,1
sybil_type3,11277,1,1,0.0,0.0,0.0,0.0,0.0,14.0106,44,1
sybil_type3,11278,1,1,0.0,0.0,0.0,0.0,0.0,14.7106,44,1
sybil_type3,11280,1,1,0.0,0.0,0.0,0.0,0.0,16.4006,40,1
sybil_type3,11281,1,1,0.0,0.0,0.0,0.0,0.0,16.5206,40,1
sybil_type3,11282,1,1,0.0,0.0,0.0,0.0,0.0,16.9506,40,1
sybil_type3,11283,1,1,0.0,0.0,0.0,0.0,0.0,17.6506,45,1
sybil_type3,11285,1,1,0.0,0.0,0.0,0.0,0.0,19.4306,41,1
sybil_type3,11286,1,1,0.0,0.0,0.0,0.0,0.0,19.5506,41,1
sybil_type3,11287,1,1,0.0,0.0,0.0,0.0,0.0,19.9806,41,1
sybil_type3,11288,1,1,0.0,0.0,0.0,0.0,0.0,20.6806,42,1
sybil_type3,11290,1,1,0.0,0.0,0.0,0.0,0.0,22.4606,39,1
sybil_type3,11291,1,1,0.0,0.0,0.0,0.0,0.0,22.5806,39,1
sybil_type3,11292,2,0,9.999999999976694e-05,9.999999999976694e-05,0.0,0.0,20000.000000046613,23.0108,44,1
sybil_type3,11293,1,1,0.0,0.0,0.0,0.0,0.0,23.7106,44,1
sybil_type3,11295,1,1,0.0,0.0,0.0,0.0,0.0,25.4006,40,1
sybil_type3,11296,1,1,0.0,0.0,0.0,0.0,0.0,25.5206,40,1
sybil_type3,11297,1,1,0.0,0.0,0.0,0.0,0.0,25.9506,40,1
sybil_type3,11298,1,1,0.0,0.0,0.0,0.0,0.0,26.6506,45,1
sybil_type3,11300,1,1,0.0,0.0,0.0,0.0,0.0,28.4306,41,1
sybil_type3,11301,1,1,0.0,0.0,0.0,0.0,0.0,28.5506,41,1
sybil_type3,11302,1,1,0.0,0.0,0.0,0.0,0.0,28.9806,41,1
sybil_type3,11303,1,1,0.0,0.0,0.0,0.0,0.0,29.6806,42,1
sybil_type3,11305,1,1,0.0,0.0,0.0,0.0,0.0,31.4606,39,1
sybil_type3,11306,1,1,0.0,0.0,0.0,0.0,0.0,31.5806,39,1
sybil_type3,11307,1,1,0.0,0.0,0.0,0.0,0.0,32.0106,44,1
sybil_type3,11308,1,1,0.0,0.0,0.0,0.0,0.0,32.7106,44,1
sybil_type3,11310,1,1,0.0,0.0,0.0,0.0,0.0,34.4006,40,1
sybil_type3,11311,1,1,0.0,0.0,0.0,0.0,0.0,34.5206,40,1
sybil_type3,11312,1,1,0.0,0.0,0.0,0.0,0.0,34.9506,40,1
sybil_type3,11313,1,1,0.0,0.0,0.0,0.0,0.0,35.6506,45,1
sybil_type3,11315,1,1,0.0,0.0,0.0,0.0,0.0,37.4306,41,1
sybil_type3,11316,1,1,0.0,0.0,0.0,0.0,0.0,37.5506,41,1
sybil_type3,11317,1,1,0.0,0.0,0.0,0.0,0.0,37.9806,41,1
sybil_type3,11318,1,1,0.0,0.0,0.0,0.0,0.0,38.6806,42,1
sybil_type3,11320,1,1,0.0,0.0,0.0,0.0,0.0,40.4606,39,1
sybil_type3,11321,1,1,0.0,0.0,0.0,0.0,0.0,40.5806,39,1
sybil_type3,11322,1,1,0.0,0.0,0.0,0.0,0.0,41.0106,44,1
sybil_type3,11323,1,1,0.0,0.0,0.0,0.0,0.0,41.7106,44,1
sybil_type3,11325,1,1,0.0,0.0,0.0,0.0,0.0,43.4006,40,1
sybil_type3,11326,1,1,0.0,0.0,0.0,0.0,0.0,43.5206,40,1
sybil_type3,11327,1,1,0.0,0.0,0.0,0.0,0.0,43.9506,40,1
sybil_type3,11328,1,1,0.0,0.0,0.0,0.0,0.0,44.6506,45,1
sybil_type3,11330,1,1,0.0,0.0,0.0,0.0,0.0,46.4306,41,1
sybil_type3,11331,1,1,0.0,0.0,0.0,0.0,0.0,46.5506,41,1
sybil_type3,11332,1,1,0.0,0.0,0.0,0.0,0.0,46.9806,41,1
sybil_type3,11333,1,1,0.0,0.0,0.0,0.0,0.0,47.6806,42,1
sybil_type3,11335,1,1,0.0,0.0,0.0,0.0,0.0,49.4606,39,1
sybil_type3,11336,1,1,0.0,0.0,0.0,0.0,0.0,49.5806,39,1
sybil_type3,11337,1,1,0.0,0.0,0.0,0.0,0.0,50.0106,44,1
sybil_type3,11338,1,1,0.0,0.0,0.0,0.0,0.0,50.7106,44,1
sybil_type3,11340,1,1,0.0,0.0,0.0,0.0,0.0,52.4006,40,1
sybil_type3,11341,1,1,0.0,0.0,0.0,0.0,0.0,52.5206,40,1
sybil_type3,11342,1,1,0.0,0.0,0.0,0.0,0.0,52.9506,40,1
sybil_type3,11343,1,1,0.0,0.0,0.0,0.0,0.0,53.6506,45,1
sybil_type3,11345,1,1,0.0,0.0,0.0,0.0,0.0,55.4306,41,1
sybil_type3,11346,1,1,0.0,0.0,0.0,0.0,0.0,55.5506,41,1
sybil_type3,11347,1,1,0.0,0.0,0.0,0.0,0.0,55.9806,41,1
sybil_type3,11348,1,1,0.0,0.0,0.0,0.0,0.0,56.6806,42,1
sybil_type3,11350,1,1,0.0,0.0,0.0,0.0,0.0,58.4606,39,1
sybil_type3,11351,1,1,0.0,0.0,0.0,0.0,0.0,58.5806,39,1
sybil_type3,11352,1,1,0.0,0.0,0.0,0.0,0.0,59.0106,45,1
sybil_type3,11353,1,1,0.0,0.0,0.0,0.0,0.0,59.7106,45,1
sybil_type3,11355,1,1,0.0,0.0,0.0,0.0,0.0,61.4006,42,1
sybil_type3,11356,1,1,0.0,0.0,0.0,0.0,0.0,61.5206,42,1
sybil_type3,11357,1,1,0.0,0.0,0.0,0.0,0.0,61.9506,42,1
sybil_type3,11358,1,1,0.0,0.0,0.0,0.0,0.0,62.6506,45,1
sybil_type3,11360,1,1,0.0,0.0,0.0,0.0,0.0,64.4306,43,1
sybil_type3,11361,1,1,0.0,0.0,0.0,0.0,0.0,64.5506,43,1
sybil_type3,11362,1,1,0.0,0.0,0.0,0.0,0.0,64.9806,43,1
sybil_type3,11363,1,1,0.0,0.0,0.0,0.0,0.0,65.6806,41,1
sybil_type3,11365,1,1,0.0,0.0,0.0,0.0,0.0,67.4606,41,1
sybil_type3,11366,1,1,0.0,0.0,0.0,0.0,0.0,67.5806,41,1
sybil_type3,11367,1,1,0.0,0.0,0.0,0.0,0.0,68.0106,42,1
sybil_type3,11368,1,1,0.0,0.0,0.0,0.0,0.0,68.7106,42,1
sybil_type3,11370,1,1,0.0,0.0,0.0,0.0,0.0,70.4006,42,1
sybil_type3,11371,1,1,0.0,0.0,0.0,0.0,0.0,70.5206,42,1
sybil_type3,11372,1,1,0.0,0.0,0.0,0.0,0.0,70.9506,42,1
sybil_type3,11373,1,1,0.0,0.0,0.0,0.0,0.0,71.6506,44,1
sybil_type3,11375,1,1,0.0,0.0,0.0,0.0,0.0,73.4306,41,1
sybil_type3,11376,1,1,0.0,0.0,0.0,0.0,0.0,73.5506,41,1
sybil_type3,11377,1,1,0.0,0.0,0.0,0.0,0.0,73.9806,41,1
sybil_type3,11378,1,1,0.0,0.0,0.0,0.0,0.0,74.6806,40,1
sybil_type3,11380,1,1,0.0,0.0,0.0,0.0,0.0,76.4606,39,1
sybil_type3,11381,1,1,0.0,0.0,0.0,0.0,0.0,76.5806,39,1
sybil_type3,11382,1,1,0.0,0.0,0.0,0.0,0.0,77.0106,41,1
sybil_type3,11383,1,1,0.0,0.0,0.0,0.0,0.0,77.7106,41,1
sybil_type3,11385,1,1,0.0,0.0,0.0,0.0,0.0,79.4006,40,1
sybil_type3,11386,1,1,0.0,0.0,0.0,0.0,0.0,79.5206,40,1
sybil_type3,11387,1,1,0.0,0.0,0.0,0.0,0.0,79.9506,40,1
sybil_type3,11388,1,1,0.0,0.0,0.0,0.0,0.0,80.6506,43,1
sybil_type3,11390,1,1,0.0,0.0,0.0,0.0,0.0,82.4306,40,1
sybil_type3,11391,1,1,0.0,0.0,0.0,0.0,0.0,82.5506,40,1
sybil_type3,11392,1,1,0.0,0.0,0.0,0.0,0.0,82.9806,40,1
sybil_type3,11393,1,1,0.0,0.0,0.0,0.0,0.0,83.6806,38,1
sybil_type3,11395,1,1,0.0,0.0,0.0,0.0,0.0,85.4606,38,1
sybil_type3,11396,1,1,0.0,0.0,0.0,0.0,0.0,85.5806,38,1
sybil_type3,11397,1,1,0.0,0.0,0.0,0.0,0.0,86.0106,42,1
sybil_type3,11398,1,1,0.0,0.0,0.0,0.0,0.0,86.7106,42,1
sybil_type3,11400,1,1,0.0,0.0,0.0,0.0,0.0,88.4006,39,1
sybil_type3,11401,1,1,0.0,0.0,0.0,0.0,0.0,88.5206,39,1
sybil_type3,11402,1,1,0.0,0.0,0.0,0.0,0.0,88.9506,39,1
sybil_type3,11403,1,1,0.0,0.0,0.0,0.0,0.0,89.6506,43,1
sybil_type3,11405,1,1,0.0,0.0,0.0,0.0,0.0,91.4306,40,1
sybil_type3,11406,1,1,0.0,0.0,0.0,0.0,0.0,91.5506,40,1
sybil_type3,11407,1,1,0.0,0.0,0.0,0.0,0.0,91.9806,40,1
sybil_type3,11408,1,1,0.0,0.0,0.0,0.0,0.0,92.6806,42,1
sybil_type3,11410,1,1,0.0,0.0,0.0,0.0,0.0,94.4606,39,1
sybil_type3,11411,1,1,0.0,0.0,0.0,0.0,0.0,94.5806,39,1
sybil_type3,11412,1,1,0.0,0.0,0.0,0.0,0.0,95.0106,42,1
sybil_type3,11413,1,1,0.0,0.0,0.0,0.0,0.0,95.7106,42,1
sybil_type3,11415,1,1,0.0,0.0,0.0,0.0,0.0,97.4006,40,1
sybil_type3,11416,1,1,0.0,0.0,0.0,0.0,0.0,97.5206,40,1
sybil_type3,11417,1,1,0.0,0.0,0.0,0.0,0.0,97.9506,40,1
sybil_type3,11418,1,1,0.0,0.0,0.0,0.0,0.0,98.6506,43,1
sybil_type3,11420,1,1,0.0,0.0,0.0,0.0,0.0,100.431,41,1
sybil_type3,11421,1,1,0.0,0.0,0.0,0.0,0.0,100.551,41,1
sybil_type3,11422,1,1,0.0,0.0,0.0,0.0,0.0,100.981,41,1
sybil_type3,11423,1,1,0.0,0.0,0.0,0.0,0.0,101.681,42,1
sybil_type3,11425,1,1,0.0,0.0,0.0,0.0,0.0,103.461,39,1
sybil_type3,11426,1,1,0.0,0.0,0.0,0.0,0.0,103.581,39,1
sybil_type3,11427,1,1,0.0,0.0,0.0,0.0,0.0,104.011,44,1
sybil_type3,11428,1,1,0.0,0.0,0.0,0.0,0.0,104.711,44,1
sybil_type3,11430,1,1,0.0,0.0,0.0,0.0,0.0,106.401,42,1
sybil_type3,11431,1,1,0.0,0.0,0.0,0.0,0.0,106.521,42,1
sybil_type3,11432,1,1,0.0,0.0,0.0,0.0,0.0,106.951,42,1
sybil_type3,11433,1,1,0.0,0.0,0.0,0.0,0.0,107.651,45,1
sybil_type3,11435,1,1,0.0,0.0,0.0,0.0,0.0,109.431,43,1
sybil_type3,11436,1,1,0.0,0.0,0.0,0.0,0.0,109.551,43,1
sybil_type3,11437,1,1,0.0,0.0,0.0,0.0,0.0,109.981,43,1
sybil_type3,11438,1,1,0.0,0.0,0.0,0.0,0.0,110.681,42,1
sybil_type3,11440,1,1,0.0,0.0,0.0,0.0,0.0,112.461,41,1
sybil_type3,11441,1,1,0.0,0.0,0.0,0.0,0.0,112.581,41,1
sybil_type3,11442,1,1,0.0,0.0,0.0,0.0,0.0,113.011,44,1
sybil_type3,11443,1,1,0.0,0.0,0.0,0.0,0.0,113.711,44,1
sybil_type3,11445,1,1,0.0,0.0,0.0,0.0,0.0,115.401,41,1
sybil_type3,11446,1,1,0.0,0.0,0.0,0.0,0.0,115.521,41,1
sybil_type3,11447,1,1,0.0,0.0,0.0,0.0,0.0,115.951,41,1
sybil_type3,11448,1,1,0.0,0.0,0.0,0.0,0.0,116.651,45,1
sybil_type3,11450,1,1,0.0,0.0,0.0,0.0,0.0,118.431,40,1
sybil_type3,11451,1,1,0.0,0.0,0.0,0.0,0.0,118.551,40,1
sybil_type3,11452,1,1,0.0,0.0,0.0,0.0,0.0,118.981,40,1
sybil_type3,11453,1,1,0.0,0.0,0.0,0.0,0.0,119.681,32,1
sybil_type3,11565,1,1,0.0,0.0,0.0,0.0,0.0,7.5506,49,1
sybil_type3,11566,1,1,0.0,0.0,0.0,0.0,0.0,7.6706,49,1
sybil_type3,11567,1,1,0.0,0.0,0.0,0.0,0.0,8.1006,64,1
sybil_type3,11568,1,1,0.0,0.0,0.0,0.0,0.0,8.8006,64,1
sybil_type3,11570,1,1,0.0,0.0,0.0,0.0,0.0,10.5806,41,1
sybil_type3,11571,1,1,0.0,0.0,0.0,0.0,0.0,10.7006,41,1
sybil_type3,11572,1,1,0.0,0.0,0.0,0.0,0.0,11.1306,42,1
sybil_type3,11573,1,1,0.0,0.0,0.0,0.0,0.0,11.8306,42,1
sybil_type3,11575,1,1,0.0,0.0,0.0,0.0,0.0,13.6106,39,1
sybil_type3,11576,1,1,0.0,0.0,0.0,0.0,0.0,13.7306,39,1
sybil_type3,11577,1,1,0.0,0.0,0.0,0.0,0.0,14.1606,44,1
sybil_type3,11578,1,1,0.0,0.0,0.0,0.0,0.0,14.8606,44,1
sybil_type3,11580,1,1,0.0,0.0,0.0,0.0,0.0,16.5506,40,1
sybil_type3,11581,1,1,0.0,0.0,0.0,0.0,0.0,16.6706,40,1
sybil_type3,11582,1,1,0.0,0.0,0.0,0.0,0.0,17.1006,45,1
sybil_type3,11583,1,1,0.0,0.0,0.0,0.0,0.0,17.8006,45,1
sybil_type3,11585,1,1,0.0,0.0,0.0,0.0,0.0,19.5806,41,1
sybil_type3,11586,1,1,0.0,0.0,0.0,0.0,0.0,19.7006,41,1
sybil_type3,11587,1,1,0.0,0.0,0.0,0.0,0.0,20.1306,42,1
sybil_type3,11588,1,1,0.0,0.0,0.0,0.0,0.0,20.8306,42,1
sybil_type3,11590,1,1,0.0,0.0,0.0,0.0,0.0,22.6106,39,1
sybil_type3,11591,1,1,0.0,0.0,0.0,0.0,0.0,22.7306,39,1
sybil_type3,11592,1,1,0.0,0.0,0.0,0.0,0.0,23.1606,44,1
sybil_type3,11593,1,1,0.0,0.0,0.0,0.0,0.0,23.8606,44,1
sybil_type3,11595,1,1,0.0,0.0,0.0,0.0,0.0,25.5506,40,1
sybil_type3,11596,1,1,0.0,0.0,0.0,0.0,0.0,25.6706,40,1
sybil_type3,11597,1,1,0.0,0.0,0.0,0.0,0.0,26.1006,45,1
sybil_type3,11598,1,1,0.0,0.0,0.0,0.0,0.0,26.8006,45,1
sybil_type3,11600,1,1,0.0,0.0,0.0,0.0,0.0,28.5806,41,1
sybil_type3,11601,1,1,0.0,0.0,0.0,0.0,0.0,28.7006,41,1
sybil_type3,11602,1,1,0.0,0.0,0.0,0.0,0.0,29.1306,42,1
sybil_type3,11603,1,1,0.0,0.0,0.0,0.0,0.0,29.8306,42,1
sybil_type3,11605,1,1,0.0,0.0,0.0,0.0,0.0,31.6106,39,1
sybil_type3,11606,1,1,0.0,0.0,0.0,0.0,0.0,31.7306,39,1
sybil_type3,11607,1,1,0.0,0.0,0.0,0.0,0.0,32.1606,44,1
sybil_type3,11608,1,1,0.0,0.0,0.0,0.0,0.0,32.8606,44,1
sybil_type3,11610,1,1,0.0,0.0,0.0,0.0,0.0,34.5506,40,1
sybil_type3,11611,1,1,0.0,0.0,0.0,0.0,0.0,34.6706,40,1
sybil_type3,11612,1,1,0.0,0.0,0.0,0.0,0.0,35.1006,45,1
sybil_type3,11613,1,1,0.0,0.0,0.0,0.0,0.0,35.8006,45,1
sybil_type3,11615,1,1,0.0,0.0,0.0,0.0,0.0,37.5806,41,1
sybil_type3,11616,1,1,0.0,0.0,0.0,0.0,0.0,37.7006,41,1
sybil_type3,11617,1,1,0.0,0.0,0.0,0.0,0.0,38.1306,42,1
sybil_type3,11618,1,1,0.0,0.0,0.0,0.0,0.0,38.8306,42,1
sybil_type3,11620,1,1,0.0,0.0,0.0,0.0,0.0,40.6106,39,1
sybil_type3,11621,1,1,0.0,0.0,0.0,0.0,0.0,40.7306,39,1
sybil_type3,11622,1,1,0.0,0.0,0.0,0.0,0.0,41.1606,44,1
sybil_type3,11623,1,1,0.0,0.0,0.0,0.0,0.0,41.8606,44,1
sybil_type3,11625,1,1,0.0,0.0,0.0,0.0,0.0,43.5506,40,1
sybil_type3,11626,1,1,0.0,0.0,0.0,0.0,0.0,43.6706,40,1
sybil_type3,11627,1,1,0.0,0.0,0.0,0.0,0.0,44.1006,45,1
sybil_type3,11628,1,1,0.0,0.0,0.0,0.0,0.0,44.8006,45,1
sybil_type3,11630,1,1,0.0,0.0,0.0,0.0,0.0,46.5806,41,1
sybil_type3,11631,1,1,0.0,0.0,0.0,0.0,0.0,46.7006,41,1
sybil_type3,11632,1,1,0.0,0.0,0.0,0.0,0.0,47.1306,42,1
sybil_type3,11633,1,1,0.0,0.0,0.0,0.0,0.0,47.8306,42,1
sybil_type3,11635,1,1,0.0,0.0,0.0,0.0,0.0,49.6106,39,1
sybil_type3,11636,1,1,0.0,0.0,0.0,0.0,0.0,49.7306,39,1
sybil_type3,11637,1,1,0.0,0.0,0.0,0.0,0.0,50.1606,44,1
sybil_type3,11638,1,1,0.0,0.0,0.0,0.0,0.0,50.8606,44,1
sybil_type3,11640,1,1,0.0,0.0,0.0,0.0,0.0,52.5506,40,1
sybil_type3,11641,1,1,0.0,0.0,0.0,0.0,0.0,52.6706,40,1
sybil_type3,11642,1,1,0.0,0.0,0.0,0.0,0.0,53.1006,45,1
sybil_type3,11643,1,1,0.0,0.0,0.0,0.0,0.0,53.8006,45,1
sybil_type3,11645,1,1,0.0,0.0,0.0,0.0,0.0,55.5806,41,1
sybil_type3,11646,1,1,0.0,0.0,0.0,0.0,0.0,55.7006,41,1
sybil_type3,11647,1,1,0.0,0.0,0.0,0.0,0.0,56.1306,42,1
sybil_type3,11648,1,1,0.0,0.0,0.0,0.0,0.0,56.8306,42,1
sybil_type3,11650,1,1,0.0,0.0,0.0,0.0,0.0,58.6106,39,1
sybil_type3,11651,1,1,0.0,0.0,0.0,0.0,0.0,58.7306,39,1
sybil_type3,11652,1,1,0.0,0.0,0.0,0.0,0.0,59.1606,45,1
sybil_type3,11653,1,1,0.0,0.0,0.0,0.0,0.0,59.8606,45,1
sybil_type3,11655,1,1,0.0,0.0,0.0,0.0,0.0,61.5506,42,1
sybil_type3,11656,1,1,0.0,0.0,0.0,0.0,0.0,61.6706,42,1
sybil_type3,11657,1,1,0.0,0.0,0.0,0.0,0.0,62.1006,45,1
sybil_type3,11658,1,1,0.0,0.0,0.0,0.0,0.0,62.8006,45,1
sybil_type3,11660,1,1,0.0,0.0,0.0,0.0,0.0,64.5806,43,1
sybil_type3,11661,1,1,0.0,0.0,0.0,0.0,0.0,64.7006,43,1
sybil_type3,11662,1,1,0.0,0.0,0.0,0.0,0.0,65.1306,41,1
sybil_type3,11663,1,1,0.0,0.0,0.0,0.0,0.0,65.8306,41,1
sybil_type3,11665,1,1,0.0,0.0,0.0,0.0,0.0,67.6106,41,1
sybil_type3,11666,1,1,0.0,0.0,0.0,0.0,0.0,67.7306,41,1
sybil_type3,11667,1,1,0.0,0.0,0.0,0.0,0.0,68.1606,42,1
sybil_type3,11670,1,1,0.0,0.0,0.0,0.0,0.0,70.5506,42,1
sybil_type3,11671,1,1,0.0,0.0,0.0,0.0,0.0,70.6706,42,1
sybil_type3,11672,1,1,0.0,0.0,0.0,0.0,0.0,71.1006,44,1
sybil_type3,11675,1,1,0.0,0.0,0.0,0.0,0.0,73.5806,41,1
sybil_type3,11676,1,1,0.0,0.0,0.0,0.0,0.0,73.7006,41,1
sybil_type3,11677,1,1,0.0,0.0,0.0,0.0,0.0,74.1306,40,1
sybil_type3,11680,1,1,0.0,0.0,0.0,0.0,0.0,76.6106,39,1
sybil_type3,11681,1,1,0.0,0.0,0.0,0.0,0.0,76.7306,39,1
sybil_type3,11682,1,1,0.0,0.0,0.0,0.0,0.0,77.1606,41,1
sybil_type3,11683,1,1,0.0,0.0,0.0,0.0,0.0,77.8606,41,1
sybil_type3,11685,1,1,0.0,0.0,0.0,0.0,0.0,79.5506,40,1
sybil_type3,11686,1,1,0.0,0.0,0.0,0.0,0.0,79.6706,40,1
sybil_type3,11687,1,1,0.0,0.0,0.0,0.0,0.0,80.1006,43,1
sybil_type3,11688,1,1,0.0,0.0,0.0,0.0,0.0,80.8006,43,1
sybil_type3,11690,1,1,0.0,0.0,0.0,0.0,0.0,82.5806,40,1
sybil_type3,11691,1,1,0.0,0.0,0.0,0.0,0.0,82.7006,40,1
sybil_type3,11692,1,1,0.0,0.0,0.0,0.0,0.0,83.1306,38,1
sybil_type3,11693,1,1,0.0,0.0,0.0,0.0,0.0,83.8306,38,1
sybil_type3,11695,1,1,0.0,0.0,0.0,0.0,0.0,85.6106,38,1
sybil_type3,11696,1,1,0.0,0.0,0.0,0.0,0.0,85.7306,38,1
sybil_type3,11697,1,1,0.0,0.0,0.0,0.0,0.0,86.1606,42,1
sybil_type3,11698,1,1,0.0,0.0,0.0,0.0,0.0,86.8606,42,1
sybil_type3,11700,1,1,0.0,0.0,0.0,0.0,0.0,88.5506,39,1
sybil_type3,11701,1,1,0.0,0.0,0.0,0.0,0.0,88.6706,39,1
sybil_type3,11702,1,1,0.0,0.0,0.0,0.0,0.0,89.1006,43,1
sybil_type3,11703,1,1,0.0,0.0,0.0,0.0,0.0,89.8006,43,1
sybil_type3,11705,1,1,0.0,0.0,0.0,0.0,0.0,91.5806,40,1
sybil_type3,11706,1,1,0.0,0.0,0.0,0.0,0.0,91.7006,40,1
sybil_type3,11707,1,1,0.0,0.0,0.0,0.0,0.0,92.1306,42,1
sybil_type3,11708,1,1,0.0,0.0,0.0,0.0,0.0,92.8306,42,1
sybil_type3,11710,1,1,0.0,0.0,0.0,0.0,0.0,94.6106,39,1
sybil_type3,11711,1,1,0.0,0.0,0.0,0.0,0.0,94.7306,39,1
sybil_type3,11712,1,1,0.0,0.0,0.0,0.0,0.0,95.1606,42,1
sybil_type3,11713,1,1,0.0,0.0,0.0,0.0,0.0,95.8606,42,1
sybil_type3,11715,1,1,0.0,0.0,0.0,0.0,0.0,97.5506,40,1
sybil_type3,11716,1,1,0.0,0.0,0.0,0.0,0.0,97.6706,40,1
sybil_type3,11717,1,1,0.0,0.0,0.0,0.0,0.0,98.1006,43,1
sybil_type3,11718,1,1,0.0,0.0,0.0,0.0,0.0,98.8006,43,1
sybil_type3,11720,1,1,0.0,0.0,0.0,0.0,0.0,100.581,41,1
sybil_type3,11721,1,1,0.0,0.0,0.0,0.0,0.0,100.701,41,1
sybil_type3,11722,1,1,0.0,0.0,0.0,0.0,0.0,101.131,42,1
sybil_type3,11723,1,1,0.0,0.0,0.0,0.0,0.0,101.831,42,1
sybil_type3,11725,1,1,0.0,0.0,0.0,0.0,0.0,103.611,39,1
sybil_type3,11726,1,1,0.0,0.0,0.0,0.0,0.0,103.731,39,1
sybil_type3,11727,1,1,0.0,0.0,0.0,0.0,0.0,104.161,44,1
sybil_type3,11728,1,1,0.0,0.0,0.0,0.0,0.0,104.861,44,1
sybil_type3,11730,1,1,0.0,0.0,0.0,0.0,0.0,106.551,42,1
sybil_type3,11731,1,1,0.0,0.0,0.0,0.0,0.0,106.671,42,1
sybil_type3,11732,1,1,0.0,0.0,0.0,0.0,0.0,107.101,45,1
sybil_type3,11733,1,1,0.0,0.0,0.0,0.0,0.0,107.801,45,1
sybil_type3,11735,1,1,0.0,0.0,0.0,0.0,0.0,109.581,43,1
sybil_type3,11736,1,1,0.0,0.0,0.0,0.0,0.0,109.701,43,1
sybil_type3,11737,1,1,0.0,0.0,0.0,0.0,0.0,110.131,42,1
sybil_type3,11738,1,1,0.0,0.0,0.0,0.0,0.0,110.831,42,1
sybil_type3,11740,1,1,0.0,0.0,0.0,0.0,0.0,112.611,41,1
sybil_type3,11741,1,1,0.0,0.0,0.0,0.0,0.0,112.731,41,1
sybil_type3,11742,1,1,0.0,0.0,0.0,0.0,0.0,113.161,44,1
sybil_type3,11743,1,1,0.0,0.0,0.0,0.0,0.0,113.861,44,1
sybil_type3,11745,1,1,0.0,0.0,0.0,0.0,0.0,115.551,41,1
sybil_type3,11746,1,1,0.0,0.0,0.0,0.0,0.0,115.671,41,1
sybil_type3,11747,1,1,0.0,0.0,0.0,0.0,0.0,116.101,45,1
sybil_type3,11748,1,1,0.0,0.0,0.0,0.0,0.0,116.801,45,1
sybil_type3,11750,1,1,0.0,0.0,0.0,0.0,0.0,118.581,40,1
sybil_type3,11751,1,1,0.0,0.0,0.0,0.0,0.0,118.701,40,1
sybil_type3,11752,1,1,0.0,0.0,0.0,0.0,0.0,119.131,32,1
sybil_type3,11753,1,1,0.0,0.0,0.0,0.0,0.0,119.831,32,1
sybil_type3,12065,1,1,0.0,0.0,0.0,0.0,0.0,7.8606,49,1
sybil_type3,12066,1,1,0.0,0.0,0.0,0.0,0.0,7.9806,49,1
sybil_type3,12067,1,1,0.0,0.0,0.0,0.0,0.0,8.4106,64,1
sybil_type3,12068,1,1,0.0,0.0,0.0,0.0,0.0,9.1106,48,1
sybil_type3,12070,1,1,0.0,0.0,0.0,0.0,0.0,10.8006,41,1
sybil_type3,12071,1,1,0.0,0.0,0.0,0.0,0.0,10.9206,41,1
sybil_type3,12072,1,1,0.0,0.0,0.0,0.0,0.0,11.3506,42,1
sybil_type3,12073,1,1,0.0,0.0,0.0,0.0,0.0,12.0506,46,1
sybil_type3,12075,1,1,0.0,0.0,0.0,0.0,0.0,13.8306,39,1
sybil_type3,12076,1,1,0.0,0.0,0.0,0.0,0.0,13.9506,39,1
sybil_type3,12077,1,1,0.0,0.0,0.0,0.0,0.0,14.3806,44,1
sybil_type3,12078,1,1,0.0,0.0,0.0,0.0,0.0,15.0806,44,1
sybil_type3,12080,1,1,0.0,0.0,0.0,0.0,0.0,16.8606,40,1
sybil_type3,12081,1,1,0.0,0.0,0.0,0.0,0.0,16.9806,40,1
sybil_type3,12082,1,1,0.0,0.0,0.0,0.0,0.0,17.4106,45,1
sybil_type3,12083,1,1,0.0,0.0,0.0,0.0,0.0,18.1106,43,1
sybil_type3,12085,1,1,0.0,0.0,0.0,0.0,0.0,19.8006,41,1
sybil_type3,12086,1,1,0.0,0.0,0.0,0.0,0.0,19.9206,41,1
sybil_type3,12087,1,1,0.0,0.0,0.0,0.0,0.0,20.3506,42,1
sybil_type3,12088,1,1,0.0,0.0,0.0,0.0,0.0,21.0506,46,1
sybil_type3,12090,1,1,0.0,0.0,0.0,0.0,0.0,22.8306,39,1
sybil_type3,12091,1,1,0.0,0.0,0.0,0.0,0.0,22.9506,39,1
sybil_type3,12092,1,1,0.0,0.0,0.0,0.0,0.0,23.3806,44,1
sybil_type3,12093,1,1,0.0,0.0,0.0,0.0,0.0,24.0806,44,1
sybil_type3,12095,1,1,0.0,0.0,0.0,0.0,0.0,25.8606,40,1
sybil_type3,12096,1,1,0.0,0.0,0.0,0.0,0.0,25.9806,40,1
sybil_type3,12097,1,1,0.0,0.0,0.0,0.0,0.0,26.4106,45,1
sybil_type3,12098,1,1,0.0,0.0,0.0,0.0,0.0,27.1106,43,1
sybil_type3,12100,1,1,0.0,0.0,0.0,0.0,0.0,28.8006,41,1
sybil_type3,12101,1,1,0.0,0.0,0.0,0.0,0.0,28.9206,41,1
sybil_type3,12102,1,1,0.0,0.0,0.0,0.0,0.0,29.3506,42,1
sybil_type3,12103,1,1,0.0,0.0,0.0,0.0,0.0,30.0506,46,1
sybil_type3,12105,1,1,0.0,0.0,0.0,0.0,0.0,31.8306,39,1
sybil_type3,12106,1,1,0.0,0.0,0.0,0.0,0.0,31.9506,39,1
sybil_type3,12107,1,1,0.0,0.0,0.0,0.0,0.0,32.3806,44,1
sybil_type3,12108,1,1,0.0,0.0,0.0,0.0,0.0,33.0806,44,1
sybil_type3,12110,1,1,0.0,0.0,0.0,0.0,0.0,34.8606,40,1
sybil_type3,12111,1,1,0.0,0.0,0.0,0.0,0.0,34.9806,40,1
sybil_type3,12112,1,1,0.0,0.0,0.0,0.0,0.0,35.4106,45,1
sybil_type3,12113,1,1,0.0,0.0,0.0,0.0,0.0,36.1106,43,1
sybil_type3,12115,1,1,0.0,0.0,0.0,0.0,0.0,37.8006,41,1
sybil_type3,12116,1,1,0.0,0.0,0.0,0.0,0.0,37.9206,41,1
sybil_type3,12117,1,1,0.0,0.0,0.0,0.0,0.0,38.3506,42,1
sybil_type3,12118,1,1,0.0,0.0,0.0,0.0,0.0,39.0506,46,1
sybil_type3,12120,1,1,0.0,0.0,0.0,0.0,0.0,40.8306,39,1
sybil_type3,12121,1,1,0.0,0.0,0.0,0.0,0.0,40.9506,39,1
sybil_type3,12122,1,1,0.0,0.0,0.0,0.0,0.0,41.3806,44,1
sybil_type3,12123,1,1,0.0,0.0,0.0,0.0,0.0,42.0806,44,1
sybil_type3,12125,1,1,0.0,0.0,0.0,0.0,0.0,43.8606,40,1
sybil_type3,12126,1,1,0.0,0.0,0.0,0.0,0.0,43.9806,40,1
sybil_type3,12127,1,1,0.0,0.0,0.0,0.0,0.0,44.4106,45,1
sybil_type3,12128,1,1,0.0,0.0,0.0,0.0,0.0,45.1106,43,1
sybil_type3,12130,1,1,0.0,0.0,0.0,0.0,0.0,46.8006,41,1
sybil_type3,12131,1,1,0.0,0.0,0.0,0.0,0.0,46.9206,41,1
sybil_type3,12132,1,1,0.0,0.0,0.0,0.0,0.0,47.3506,42,1
sybil_type3,12133,1,1,0.0,0.0,0.0,0.0,0.0,48.0506,46,1
sybil_type3,12135,1,1,0.0,0.0,0.0,0.0,0.0,49.8306,39,1
sybil_type3,12136,1,1,0.0,0.0,0.0,0.0,0.0,49.9506,39,1
sybil_type3,12137,1,1,0.0,0.0,0.0,0.0,0.0,50.3806,44,1
sybil_type3,12138,1,1,0.0,0.0,0.0,0.0,0.0,51.0806,44,1
sybil_type3,12140,1,1,0.0,0.0,0.0,0.0,0.0,52.8606,40,1
sybil_type3,12141,1,1,0.0,0.0,0.0,0.0,0.0,52.9806,40,1
sybil_type3,12142,1,1,0.0,0.0,0.0,0.0,0.0,53.4106,45,1
sybil_type3,12143,1,1,0.0,0.0,0.0,0.0,0.0,54.1106,43,1
sybil_type3,12145,1,1,0.0,0.0,0.0,0.0,0.0,55.8006,41,1
sybil_type3,12146,1,1,0.0,0.0,0.0,0.0,0.0,55.9206,41,1
sybil_type3,12147,1,1,0.0,0.0,0.0,0.0,0.0,56.3506,42,1
sybil_type3,12148,1,1,0.0,0.0,0.0,0.0,0.0,57.0506,46,1
sybil_type3,12150,1,1,0.0,0.0,0.0,0.0,0.0,58.8306,39,1
sybil_type3,12151,1,1,0.0,0.0,0.0,0.0,0.0,58.9506,39,1
sybil_type3,12152,1,1,0.0,0.0,0.0,0.0,0.0,59.3806,45,1
sybil_type3,12153,1,1,0.0,0.0,0.0,0.0,0.0,60.0806,46,1
sybil_type3,12155,1,1,0.0,0.0,0.0,0.0,0.0,61.8606,42,1
sybil_type3,12156,1,1,0.0,0.0,0.0,0.0,0.0,61.9806,42,1
sybil_type3,12157,1,1,0.0,0.0,0.0,0.0,0.0,62.4106,45,1
sybil_type3,12158,1,1,0.0,0.0,0.0,0.0,0.0,63.1106,45,1
sybil_type3,12160,1,1,0.0,0.0,0.0,0.0,0.0,64.8006,43,1
sybil_type3,12161,1,1,0.0,0.0,0.0,0.0,0.0,64.9206,43,1
sybil_type3,12162,1,1,0.0,0.0,0.0,0.0,0.0,65.3506,41,1
sybil_type3,12163,1,1,0.0,0.0,0.0,0.0,0.0,66.0506,48,1
sybil_type3,12165,1,1,0.0,0.0,0.0,0.0,0.0,67.8306,41,1
sybil_type3,12166,1,1,0.0,0.0,0.0,0.0,0.0,67.9506,41,1
sybil_type3,12167,1,1,0.0,0.0,0.0,0.0,0.0,68.3806,42,1
sybil_type3,12168,1,1,0.0,0.0,0.0,0.0,0.0,69.0806,46,1
sybil_type3,12170,1,1,0.0,0.0,0.0,0.0,0.0,70.8606,42,1
sybil_type3,12171,1,1,0.0,0.0,0.0,0.0,0.0,70.9806,42,1
sybil_type3,12172,1,1,0.0,0.0,0.0,0.0,0.0,71.4106,44,1
sybil_type3,12173,1,1,0.0,0.0,0.0,0.0,0.0,72.1106,45,1
sybil_type3,12175,1,1,0.0,0.0,0.0,0.0,0.0,73.8006,41,1
sybil_type3,12176,1,1,0.0,0.0,0.0,0.0,0.0,73.9206,41,1
sybil_type3,12177,1,1,0.0,0.0,0.0,0.0,0.0,74.3506,40,1
sybil_type3,12178,1,1,0.0,0.0,0.0,0.0,0.0,75.0506,45,1
sybil_type3,12180,1,1,0.0,0.0,0.0,0.0,0.0,76.8306,39,1
sybil_type3,12181,1,1,0.0,0.0,0.0,0.0,0.0,76.9506,39,1
sybil_type3,12182,1,1,0.0,0.0,0.0,0.0,0.0,77.3806,41,1
sybil_type3,12183,1,1,0.0,0.0,0.0,0.0,0.0,78.0806,42,1
sybil_type3,12185,1,1,0.0,0.0,0.0,0.0,0.0,79.8606,40,1
sybil_type3,12186,1,1,0.0,0.0,0.0,0.0,0.0,79.9806,40,1
sybil_type3,12187,1,1,0.0,0.0,0.0,0.0,0.0,80.4106,43,1
sybil_type3,12188,1,1,0.0,0.0,0.0,0.0,0.0,81.1106,42,1
sybil_type3,12190,1,1,0.0,0.0,0.0,0.0,0.0,82.8006,40,1
sybil_type3,12191,1,1,0.0,0.0,0.0,0.0,0.0,82.9206,40,1
sybil_type3,12192,1,1,0.0,0.0,0.0,0.0,0.0,83.3506,38,1
sybil_type3,12193,1,1,0.0,0.0,0.0,0.0,0.0,84.0506,43,1
sybil_type3,12195,1,1,0.0,0.0,0.0,0.0,0.0,85.8306,38,1
sybil_type3,12196,1,1,0.0,0.0,0.0,0.0,0.0,85.9506,38,1
sybil_type3,12197,1,1,0.0,0.0,0.0,0.0,0.0,86.3806,42,1
sybil_type3,12198,1,1,0.0,0.0,0.0,0.0,0.0,87.0806,43,1
sybil_type3,12200,1,1,0.0,0.0,0.0,0.0,0.0,88.8606,39,1
sybil_type3,12201,1,1,0.0,0.0,0.0,0.0,0.0,88.9806,39,1
sybil_type3,12202,1,1,0.0,0.0,0.0,0.0,0.0,89.4106,43,1
sybil_type3,12203,1,1,0.0,0.0,0.0,0.0,0.0,90.1106,42,1
sybil_type3,12205,1,1,0.0,0.0,0.0,0.0,0.0,91.8006,40,1
sybil_type3,12206,1,1,0.0,0.0,0.0,0.0,0.0,91.9206,40,1
sybil_type3,12207,1,1,0.0,0.0,0.0,0.0,0.0,92.3506,42,1
sybil_type3,12208,1,1,0.0,0.0,0.0,0.0,0.0,93.0506,46,1
sybil_type3,12210,1,1,0.0,0.0,0.0,0.0,0.0,94.8306,39,1
sybil_type3,12211,1,1,0.0,0.0,0.0,0.0,0.0,94.9506,39,1
sybil_type3,12212,1,1,0.0,0.0,0.0,0.0,0.0,95.3806,42,1
sybil_type3,12213,1,1,0.0,0.0,0.0,0.0,0.0,96.0806,42,1
sybil_type3,12215,1,1,0.0,0.0,0.0,0.0,0.0,97.8606,40,1
sybil_type3,12216,1,1,0.0,0.0,0.0,0.0,0.0,97.9806,40,1
sybil_type3,12217,1,1,0.0,0.0,0.0,0.0,0.0,98.4106,43,1
sybil_type3,12218,1,1,0.0,0.0,0.0,0.0,0.0,99.1106,42,1
sybil_type3,12220,1,1,0.0,0.0,0.0,0.0,0.0,100.801,41,1
sybil_type3,12221,1,1,0.0,0.0,0.0,0.0,0.0,100.921,41,1
sybil_type3,12222,1,1,0.0,0.0,0.0,0.0,0.0,101.351,42,1
sybil_type3,12223,1,1,0.0,0.0,0.0,0.0,0.0,102.051,46,1
sybil_type3,12225,1,1,0.0,0.0,0.0,0.0,0.0,103.831,39,1
sybil_type3,12226,1,1,0.0,0.0,0.0,0.0,0.0,103.951,39,1
sybil_type3,12227,1,1,0.0,0.0,0.0,0.0,0.0,104.381,44,1
sybil_type3,12228,1,1,0.0,0.0,0.0,0.0,0.0,105.081,46,1
sybil_type3,12230,1,1,0.0,0.0,0.0,0.0,0.0,106.861,42,1
sybil_type3,12231,1,1,0.0,0.0,0.0,0.0,0.0,106.981,42,1
sybil_type3,12232,1,1,0.0,0.0,0.0,0.0,0.0,107.411,45,1
sybil_type3,12233,1,1,0.0,0.0,0.0,0.0,0.0,108.111,45,1
sybil_type3,12235,1,1,0.0,0.0,0.0,0.0,0.0,109.801,43,1
sybil_type3,12236,1,1,0.0,0.0,0.0,0.0,0.0,109.921,43,1
sybil_type3,12237,1,1,0.0,0.0,0.0,0.0,0.0,110.351,42,1
sybil_type3,12238,1,1,0.0,0.0,0.0,0.0,0.0,111.051,48,1
sybil_type3,12240,1,1,0.0,0.0,0.0,0.0,0.0,112.831,41,1
sybil_type3,12241,1,1,0.0,0.0,0.0,0.0,0.0,112.951,41,1
sybil_type3,12242,1,1,0.0,0.0,0.0,0.0,0.0,113.381,44,1
sybil_type3,12243,1,1,0.0,0.0,0.0,0.0,0.0,114.081,43,1
sybil_type3,12245,1,1,0.0,0.0,0.0,0.0,0.0,115.861,41,1
sybil_type3,12246,1,1,0.0,0.0,0.0,0.0,0.0,115.981,41,1
sybil_type3,12247,1,1,0.0,0.0,0.0,0.0,0.0,116.411,45,1
sybil_type3,12248,1,1,0.0,0.0,0.0,0.0,0.0,117.111,42,1
sybil_type3,12250,1,1,0.0,0.0,0.0,0.0,0.0,118.801,40,1
sybil_type3,12251,1,1,0.0,0.0,0.0,0.0,0.0,118.921,40,1
sybil_type3,12252,1,1,0.0,0.0,0.0,0.0,0.0,119.351,32,1
sybil_type3,12365,1,1,0.0,0.0,0.0,0.0,0.0,8.0106,64,1
sybil_type3,12366,1,1,0.0,0.0,0.0,0.0,0.0,8.1306,64,1
sybil_type3,12367,1,1,0.0,0.0,0.0,0.0,0.0,8.5606,64,1
sybil_type3,12368,1,1,0.0,0.0,0.0,0.0,0.0,9.2606,48,1
sybil_type3,12370,1,1,0.0,0.0,0.0,0.0,0.0,10.9506,41,1
sybil_type3,12371,1,1,0.0,0.0,0.0,0.0,0.0,11.0706,42,1
sybil_type3,12372,1,1,0.0,0.0,0.0,0.0,0.0,11.5006,42,1
sybil_type3,12373,1,1,0.0,0.0,0.0,0.0,0.0,12.2006,46,1
sybil_type3,12375,1,1,0.0,0.0,0.0,0.0,0.0,13.9806,39,1
sybil_type3,12376,1,1,0.0,0.0,0.0,0.0,0.0,14.1006,44,1
sybil_type3,12377,1,1,0.0,0.0,0.0,0.0,0.0,14.5306,44,1
sybil_type3,12378,1,1,0.0,0.0,0.0,0.0,0.0,15.2306,44,1
sybil_type3,12380,1,1,0.0,0.0,0.0,0.0,0.0,17.0106,45,1
sybil_type3,12381,1,1,0.0,0.0,0.0,0.0,0.0,17.1306,45,1
sybil_type3,12382,1,1,0.0,0.0,0.0,0.0,0.0,17.5606,45,1
sybil_type3,12383,1,1,0.0,0.0,0.0,0.0,0.0,18.2606,43,1
sybil_type3,12385,1,1,0.0,0.0,0.0,0.0,0.0,19.9506,41,1
sybil_type3,12386,1,1,0.0,0.0,0.0,0.0,0.0,20.0706,42,1
sybil_type3,12387,1,1,0.0,0.0,0.0,0.0,0.0,20.5006,42,1
sybil_type3,12388,1,1,0.0,0.0,0.0,0.0,0.0,21.2006,46,1
sybil_type3,12390,1,1,0.0,0.0,0.0,0.0,0.0,22.9806,39,1
sybil_type3,12391,1,1,0.0,0.0,0.0,0.0,0.0,23.1006,44,1
sybil_type3,12392,1,1,0.0,0.0,0.0,0.0,0.0,23.5306,44,1
sybil_type3,12393,1,1,0.0,0.0,0.0,0.0,0.0,24.2306,44,1
sybil_type3,12395,1,1,0.0,0.0,0.0,0.0,0.0,26.0106,45,1
sybil_type3,12396,1,1,0.0,0.0,0.0,0.0,0.0,26.1306,45,1
sybil_type3,12397,1,1,0.0,0.0,0.0,0.0,0.0,26.5606,45,1
sybil_type3,12398,1,1,0.0,0.0,0.0,0.0,0.0,27.2606,43,1
sybil_type3,12400,1,1,0.0,0.0,0.0,0.0,0.0,28.9506,41,1
sybil_type3,12401,1,1,0.0,0.0,0.0,0.0,0.0,29.0706,42,1
sybil_type3,12402,1,1,0.0,0.0,0.0,0.0,0.0,29.5006,42,1
sybil_type3,12403,1,1,0.0,0.0,0.0,0.0,0.0,30.2006,46,1
sybil_type3,12405,1,1,0.0,0.0,0.0,0.0,0.0,31.9806,39,1
sybil_type3,12406,1,1,0.0,0.0,0.0,0.0,0.0,32.1006,44,1
sybil_type3,12407,1,1,0.0,0.0,0.0,0.0,0.0,32.5306,44,1
sybil_type3,12408,1,1,0.0,0.0,0.0,0.0,0.0,33.2306,44,1
sybil_type3,12410,1,1,0.0,0.0,0.0,0.0,0.0,35.0106,45,1
sybil_type3,12411,1,1,0.0,0.0,0.0,0.0,0.0,35.1306,45,1
sybil_type3,12412,1,1,0.0,0.0,0.0,0.0,0.0,35.5606,45,1
sybil_type3,12413,1,1,0.0,0.0,0.0,0.0,0.0,36.2606,43,1
sybil_type3,12415,1,1,0.0,0.0,0.0,0.0,0.0,37.9506,41,1
sybil_type3,12416,1,1,0.0,0.0,0.0,0.0,0.0,38.0706,42,1
sybil_type3,12417,1,1,0.0,0.0,0.0,0.0,0.0,38.5006,42,1
sybil_type3,12418,1,1,0.0,0.0,0.0,0.0,0.0,39.2006,46,1
sybil_type3,12420,1,1,0.0,0.0,0.0,0.0,0.0,40.9806,39,1
sybil_type3,12421,1,1,0.0,0.0,0.0,0.0,0.0,41.1006,44,1
sybil_type3,12422,1,1,0.0,0.0,0.0,0.0,0.0,41.5306,44,1
sybil_type3,12423,1,1,0.0,0.0,0.0,0.0,0.0,42.2306,44,1
sybil_type3,12425,1,1,0.0,0.0,0.0,0.0,0.0,44.0106,45,1
sybil_type3,12426,1,1,0.0,0.0,0.0,0.0,0.0,44.1306,45,1
sybil_type3,12427,1,1,0.0,0.0,0.0,0.0,0.0,44.5606,45,1
sybil_type3,12428,1,1,0.0,0.0,0.0,0.0,0.0,45.2606,43,1
sybil_type3,12430,1,1,0.0,0.0,0.0,0.0,0.0,46.9506,41,1
sybil_type3,12431,1,1,0.0,0.0,0.0,0.0,0.0,47.0706,42,1
sybil_type3,12432,1,1,0.0,0.0,0.0,0.0,0.0,47.5006,42,1
sybil_type3,12433,1,1,0.0,0.0,0.0,0.0,0.0,48.2006,46,1
sybil_type3,12435,1,1,0.0,0.0,0.0,0.0,0.0,49.9806,39,1
sybil_type3,12436,1,1,0.0,0.0,0.0,0.0,0.0,50.1006,44,1
sybil_type3,12437,1,1,0.0,0.0,0.0,0.0,0.0,50.5306,44,1
sybil_type3,12438,1,1,0.0,0.0,0.0,0.0,0.0,51.2306,44,1
sybil_type3,12440,1,1,0.0,0.0,0.0,0.0,0.0,53.0106,45,1
sybil_type3,12441,1,1,0.0,0.0,0.0,0.0,0.0,53.1306,45,1
sybil_type3,12442,1,1,0.0,0.0,0.0,0.0,0.0,53.5606,45,1
sybil_type3,12443,1,1,0.0,0.0,0.0,0.0,0.0,54.2606,43,1
sybil_type3,12445,1,1,0.0,0.0,0.0,0.0,0.0,55.9506,41,1
sybil_type3,12446,1,1,0.0,0.0,0.0,0.0,0.0,56.0706,42,1
sybil_type3,12447,1,1,0.0,0.0,0.0,0.0,0.0,56.5006,42,1
sybil_type3,12448,1,1,0.0,0.0,0.0,0.0,0.0,57.2006,46,1
sybil_type3,12450,1,1,0.0,0.0,0.0,0.0,0.0,58.9806,39,1
sybil_type3,12451,1,1,0.0,0.0,0.0,0.0,0.0,59.1006,45,1
sybil_type3,12452,1,1,0.0,0.0,0.0,0.0,0.0,59.5306,45,1
sybil_type3,12453,1,1,0.0,0.0,0.0,0.0,0.0,60.2306,46,1
sybil_type3,12455,1,1,0.0,0.0,0.0,0.0,0.0,62.0106,45,1
sybil_type3,12456,1,1,0.0,0.0,0.0,0.0,0.0,62.1306,45,1
sybil_type3,12457,1,1,0.0,0.0,0.0,0.0,0.0,62.5606,45,1
sybil_type3,12458,1,1,0.0,0.0,0.0,0.0,0.0,63.2606,45,1
sybil_type3,12460,1,1,0.0,0.0,0.0,0.0,0.0,64.9506,43,1
sybil_type3,12461,1,1,0.0,0.0,0.0,0.0,0.0,65.0706,41,1
sybil_type3,12462,1,1,0.0,0.0,0.0,0.0,0.0,65.5006,41,1
sybil_type3,12463,1,1,0.0,0.0,0.0,0.0,0.0,66.2006,48,1
sybil_type3,12465,1,1,0.0,0.0,0.0,0.0,0.0,67.9806,41,1
sybil_type3,12466,1,1,0.0,0.0,0.0,0.0,0.0,68.1006,42,1
sybil_type3,12467,1,1,0.0,0.0,0.0,0.0,0.0,68.5306,42,1
sybil_type3,12468,1,1,0.0,0.0,0.0,0.0,0.0,69.2306,46,1
sybil_type3,12470,1,1,0.0,0.0,0.0,0.0,0.0,71.0106,44,1
sybil_type3,12471,1,1,0.0,0.0,0.0,0.0,0.0,71.1306,44,1
sybil_type3,12472,1,1,0.0,0.0,0.0,0.0,0.0,71.5606,44,1
sybil_type3,12473,1,1,0.0,0.0,0.0,0.0,0.0,72.2606,45,1
sybil_type3,12475,1,1,0.0,0.0,0.0,0.0,0.0,73.9506,41,1
sybil_type3,12476,1,1,0.0,0.0,0.0,0.0,0.0,74.0706,40,1
sybil_type3,12477,1,1,0.0,0.0,0.0,0.0,0.0,74.5006,40,1
sybil_type3,12478,1,1,0.0,0.0,0.0,0.0,0.0,75.2006,45,1
sybil_type3,12480,1,1,0.0,0.0,0.0,0.0,0.0,76.9806,39,1
sybil_type3,12481,1,1,0.0,0.0,0.0,0.0,0.0,77.1006,41,1
sybil_type3,12482,1,1,0.0,0.0,0.0,0.0,0.0,77.5306,41,1
sybil_type3,12483,1,1,0.0,0.0,0.0,0.0,0.0,78.2306,42,1
sybil_type3,12485,1,1,0.0,0.0,0.0,0.0,0.0,80.0106,43,1
sybil_type3,12486,1,1,0.0,0.0,0.0,0.0,0.0,80.1306,43,1
sybil_type3,12487,1,1,0.0,0.0,0.0,0.0,0.0,80.5606,43,1
sybil_type3,12488,1,1,0.0,0.0,0.0,0.0,0.0,81.2606,42,1
sybil_type3,12490,1,1,0.0,0.0,0.0,0.0,0.0,82.9506,40,1
sybil_type3,12491,1,1,0.0,0.0,0.0,0.0,0.0,83.0706,38,1
sybil_type3,12492,1,1,0.0,0.0,0.0,0.0,0.0,83.5006,38,1
sybil_type3,12493,1,1,0.0,0.0,0.0,0.0,0.0,84.2006,43,1
sybil_type3,12495,1,1,0.0,0.0,0.0,0.0,0.0,85.9806,38,1
sybil_type3,12496,1,1,0.0,0.0,0.0,0.0,0.0,86.1006,42,1
sybil_type3,12497,1,1,0.0,0.0,0.0,0.0,0.0,86.5306,42,1
sybil_type3,12498,1,1,0.0,0.0,0.0,0.0,0.0,87.2306,43,1
sybil_type3,12500,1,1,0.0,0.0,0.0,0.0,0.0,89.0106,43,1
sybil_type3,12501,1,1,0.0,0.0,0.0,0.0,0.0,89.1306,43,1
sybil_type3,12502,1,1,0.0,0.0,0.0,0.0,0.0,89.5606,43,1
sybil_type3,12503,1,1,0.0,0.0,0.0,0.0,0.0,90.2606,42,1
sybil_type3,12505,1,1,0.0,0.0,0.0,0.0,0.0,91.9506,40,1
sybil_type3,12506,1,1,0.0,0.0,0.0,0.0,0.0,92.0706,42,1
sybil_type3,12507,1,1,0.0,0.0,0.0,0.0,0.0,92.5006,42,1
sybil_type3,12508,1,1,0.0,0.0,0.0,0.0,0.0,93.2006,46,1
sybil_type3,12510,1,1,0.0,0.0,0.0,0.0,0.0,94.9806,39,1
sybil_type3,12511,1,1,0.0,0.0,0.0,0.0,0.0,95.1006,42,1
sybil_type3,12512,1,1,0.0,0.0,0.0,0.0,0.0,95.5306,42,1
sybil_type3,12513,1,1,0.0,0.0,0.0,0.0,0.0,96.2306,42,1
sybil_type3,12515,1,1,0.0,0.0,0.0,0.0,0.0,98.0106,43,1
sybil_type3,12516,1,1,0.0,0.0,0.0,0.0,0.0,98.1306,43,1
sybil_type3,12517,1,1,0.0,0.0,0.0,0.0,0.0,98.5606,43,1
sybil_type3,12518,1,1,0.0,0.0,0.0,0.0,0.0,99.2606,42,1
sybil_type3,12520,1,1,0.0,0.0,0.0,0.0,0.0,100.951,41,1
sybil_type3,12521,1,1,0.0,0.0,0.0,0.0,0.0,101.071,42,1
sybil_type3,12522,1,1,0.0,0.0,0.0,0.0,0.0,101.501,42,1
sybil_type3,12523,1,1,0.0,0.0,0.0,0.0,0.0,102.201,46,1
sybil_type3,12525,1,1,0.0,0.0,0.0,0.0,0.0,103.981,39,1
sybil_type3,12526,1,1,0.0,0.0,0.0,0.0,0.0,104.101,44,1
sybil_type3,12527,1,1,0.0,0.0,0.0,0.0,0.0,104.531,44,1
sybil_type3,12528,1,1,0.0,0.0,0.0,0.0,0.0,105.231,46,1
sybil_type3,12530,1,1,0.0,0.0,0.0,0.0,0.0,107.011,45,1
sybil_type3,12531,1,1,0.0,0.0,0.0,0.0,0.0,107.131,45,1
sybil_type3,12532,1,1,0.0,0.0,0.0,0.0,0.0,107.561,45,1
sybil_type3,12533,1,1,0.0,0.0,0.0,0.0,0.0,108.261,45,1
sybil_type3,12535,1,1,0.0,0.0,0.0,0.0,0.0,109.951,43,1
sybil_type3,12536,1,1,0.0,0.0,0.0,0.0,0.0,110.071,42,1
sybil_type3,12537,1,1,0.0,0.0,0.0,0.0,0.0,110.501,42,1
sybil_type3,12538,1,1,0.0,0.0,0.0,0.0,0.0,111.201,48,1
sybil_type3,12540,1,1,0.0,0.0,0.0,0.0,0.0,112.981,41,1
sybil_type3,12541,1,1,0.0,0.0,0.0,0.0,0.0,113.101,44,1
sybil_type3,12542,1,1,0.0,0.0,0.0,0.0,0.0,113.531,44,1
sybil_type3,12543,1,1,0.0,0.0,0.0,0.0,0.0,114.231,43,1
sybil_type3,12545,1,1,0.0,0.0,0.0,0.0,0.0,116.011,45,1
sybil_type3,12546,1,1,0.0,0.0,0.0,0.0,0.0,116.131,45,1
sybil_type3,12547,1,1,0.0,0.0,0.0,0.0,0.0,116.561,45,1
sybil_type3,12548,1,1,0.0,0.0,0.0,0.0,0.0,117.261,42,1
sybil_type3,12550,1,1,0.0,0.0,0.0,0.0,0.0,118.951,40,1
sybil_type3,12551,1,1,0.0,0.0,0.0,0.0,0.0,119.071,32,1
sybil_type3,12552,1,1,0.0,0.0,0.0,0.0,0.0,119.501,32,1
sybil_type3,13165,1,1,0.0,0.0,0.0,0.0,0.0,8.3806,64,1
sybil_type3,13166,1,1,0.0,0.0,0.0,0.0,0.0,8.5006,64,1
sybil_type3,13167,1,1,0.0,0.0,0.0,0.0,0.0,8.9306,64,1
sybil_type3,13168,1,1,0.0,0.0,0.0,0.0,0.0,9.6306,48,1
sybil_type3,13170,1,1,0.0,0.0,0.0,0.0,0.0,11.4106,42,1
sybil_type3,13171,1,1,0.0,0.0,0.0,0.0,0.0,11.5306,42,1
sybil_type3,13172,1,1,0.0,0.0,0.0,0.0,0.0,11.9606,42,1
sybil_type3,13173,1,1,0.0,0.0,0.0,0.0,0.0,12.6606,46,1
sybil_type3,13175,1,1,0.0,0.0,0.0,0.0,0.0,14.3506,44,1
sybil_type3,13176,1,1,0.0,0.0,0.0,0.0,0.0,14.4706,44,1
sybil_type3,13177,1,1,0.0,0.0,0.0,0.0,0.0,14.9006,44,1
sybil_type3,13178,1,1,0.0,0.0,0.0,0.0,0.0,15.6006,44,1
sybil_type3,13180,1,1,0.0,0.0,0.0,0.0,0.0,17.3806,45,1
sybil_type3,13181,1,1,0.0,0.0,0.0,0.0,0.0,17.5006,45,1
sybil_type3,13182,1,1,0.0,0.0,0.0,0.0,0.0,17.9306,45,1
sybil_type3,13183,1,1,0.0,0.0,0.0,0.0,0.0,18.6306,43,1
sybil_type3,13185,1,1,0.0,0.0,0.0,0.0,0.0,20.4106,42,1
sybil_type3,13186,1,1,0.0,0.0,0.0,0.0,0.0,20.5306,42,1
sybil_type3,13187,1,1,0.0,0.0,0.0,0.0,0.0,20.9606,42,1
sybil_type3,13188,1,1,0.0,0.0,0.0,0.0,0.0,21.6606,46,1
sybil_type3,13190,1,1,0.0,0.0,0.0,0.0,0.0,23.3506,44,1
sybil_type3,13191,1,1,0.0,0.0,0.0,0.0,0.0,23.4706,44,1
sybil_type3,13192,1,1,0.0,0.0,0.0,0.0,0.0,23.9006,44,1
sybil_type3,13193,1,1,0.0,0.0,0.0,0.0,0.0,24.6006,44,1
sybil_type3,13195,1,1,0.0,0.0,0.0,0.0,0.0,26.3806,45,1
sybil_type3,13196,1,1,0.0,0.0,0.0,0.0,0.0,26.5006,45,1
sybil_type3,13197,1,1,0.0,0.0,0.0,0.0,0.0,26.9306,45,1
sybil_type3,13198,1,1,0.0,0.0,0.0,0.0,0.0,27.6306,43,1
sybil_type3,13200,1,1,0.0,0.0,0.0,0.0,0.0,29.4106,42,1
sybil_type3,13201,1,1,0.0,0.0,0.0,0.0,0.0,29.5306,42,1
sybil_type3,13202,1,1,0.0,0.0,0.0,0.0,0.0,29.9606,42,1
sybil_type3,13203,1,1,0.0,0.0,0.0,0.0,0.0,30.6606,46,1
sybil_type3,13205,1,1,0.0,0.0,0.0,0.0,0.0,32.3506,44,1
sybil_type3,13206,1,1,0.0,0.0,0.0,0.0,0.0,32.4706,44,1
sybil_type3,13207,1,1,0.0,0.0,0.0,0.0,0.0,32.9006,44,1
sybil_type3,13208,1,1,0.0,0.0,0.0,0.0,0.0,33.6006,44,1
sybil_type3,13210,1,1,0.0,0.0,0.0,0.0,0.0,35.3806,45,1
sybil_type3,13211,1,1,0.0,0.0,0.0,0.0,0.0,35.5006,45,1
sybil_type3,13212,1,1,0.0,0.0,0.0,0.0,0.0,35.9306,45,1
sybil_type3,13213,1,1,0.0,0.0,0.0,0.0,0.0,36.6306,43,1
sybil_type3,13215,1,1,0.0,0.0,0.0,0.0,0.0,38.4106,42,1
sybil_type3,13216,1,1,0.0,0.0,0.0,0.0,0.0,38.5306,42,1
sybil_type3,13217,1,1,0.0,0.0,0.0,0.0,0.0,38.9606,42,1
sybil_type3,13218,1,1,0.0,0.0,0.0,0.0,0.0,39.6606,46,1
sybil_type3,13220,1,1,0.0,0.0,0.0,0.0,0.0,41.3506,44,1
sybil_type3,13221,1,1,0.0,0.0,0.0,0.0,0.0,41.4706,44,1
sybil_type3,13222,1,1,0.0,0.0,0.0,0.0,0.0,41.9006,44,1
sybil_type3,13223,1,1,0.0,0.0,0.0,0.0,0.0,42.6006,44,1
sybil_type3,13225,1,1,0.0,0.0,0.0,0.0,0.0,44.3806,45,1
sybil_type3,13226,1,1,0.0,0.0,0.0,0.0,0.0,44.5006,45,1
sybil_type3,13227,1,1,0.0,0.0,0.0,0.0,0.0,44.9306,45,1
sybil_type3,13228,1,1,0.0,0.0,0.0,0.0,0.0,45.6306,43,1
sybil_type3,13230,1,1,0.0,0.0,0.0,0.0,0.0,47.4106,42,1
sybil_type3,13231,1,1,0.0,0.0,0.0,0.0,0.0,47.5306,42,1
sybil_type3,13232,1,1,0.0,0.0,0.0,0.0,0.0,47.9606,42,1
sybil_type3,13233,1,1,0.0,0.0,0.0,0.0,0.0,48.6606,46,1
sybil_type3,13235,1,1,0.0,0.0,0.0,0.0,0.0,50.3506,44,1
sybil_type3,13236,1,1,0.0,0.0,0.0,0.0,0.0,50.4706,44,1
sybil_type3,13237,1,1,0.0,0.0,0.0,0.0,0.0,50.9006,44,1
sybil_type3,13238,1,1,0.0,0.0,0.0,0.0,0.0,51.6006,44,1
sybil_type3,13240,1,1,0.0,0.0,0.0,0.0,0.0,53.3806,45,1
sybil_type3,13241,1,1,0.0,0.0,0.0,0.0,0.0,53.5006,45,1
sybil_type3,13242,1,1,0.0,0.0,0.0,0.0,0.0,53.9306,45,1
sybil_type3,13243,1,1,0.0,0.0,0.0,0.0,0.0,54.6306,43,1
sybil_type3,13245,3,0,0.00019999999999953388,9.999999999976694e-05,3.552713678800501e-15,3.552713678808781e-11,15000.00000003496,56.4109,42,1
sybil_type3,13246,1,1,0.0,0.0,0.0,0.0,0.0,56.5306,42,1
sybil_type3,13247,1,1,0.0,0.0,0.0,0.0,0.0,56.9606,42,1
sybil_type3,13248,1,1,0.0,0.0,0.0,0.0,0.0,57.6606,46,1
sybil_type3,13250,1,1,0.0,0.0,0.0,0.0,0.0,59.3506,45,1
sybil_type3,13251,1,1,0.0,0.0,0.0,0.0,0.0,59.4706,45,1
sybil_type3,13252,1,1,0.0,0.0,0.0,0.0,0.0,59.9006,45,1
sybil_type3,13253,1,1,0.0,0.0,0.0,0.0,0.0,60.6006,46,1
sybil_type3,13255,1,1,0.0,0.0,0.0,0.0,0.0,62.3806,45,1
sybil_type3,13256,1,1,0.0,0.0,0.0,0.0,0.0,62.5006,45,1
sybil_type3,13257,1,1,0.0,0.0,0.0,0.0,0.0,62.9306,45,1
sybil_type3,13258,1,1,0.0,0.0,0.0,0.0,0.0,63.6306,45,1
sybil_type3,13260,1,1,0.0,0.0,0.0,0.0,0.0,65.4106,41,1
sybil_type3,13261,1,1,0.0,0.0,0.0,0.0,0.0,65.5306,41,1
sybil_type3,13262,1,1,0.0,0.0,0.0,0.0,0.0,65.9606,41,1
sybil_type3,13263,1,1,0.0,0.0,0.0,0.0,0.0,66.6606,48,1
sybil_type3,13265,1,1,0.0,0.0,0.0,0.0,0.0,68.3506,42,1
sybil_type3,13266,1,1,0.0,0.0,0.0,0.0,0.0,68.4706,42,1
sybil_type3,13267,1,1,0.0,0.0,0.0,0.0,0.0,68.9006,42,1
sybil_type3,13268,1,1,0.0,0.0,0.0,0.0,0.0,69.6006,46,1
sybil_type3,13270,1,1,0.0,0.0,0.0,0.0,0.0,71.3806,44,1
sybil_type3,13271,1,1,0.0,0.0,0.0,0.0,0.0,71.5006,44,1
sybil_type3,13272,1,1,0.0,0.0,0.0,0.0,0.0,71.9306,44,1
sybil_type3,13273,1,1,0.0,0.0,0.0,0.0,0.0,72.6306,45,1
sybil_type3,13275,1,1,0.0,0.0,0.0,0.0,0.0,74.4106,40,1
sybil_type3,13276,1,1,0.0,0.0,0.0,0.0,0.0,74.5306,40,1
sybil_type3,13277,1,1,0.0,0.0,0.0,0.0,0.0,74.9606,40,1
sybil_type3,13278,1,1,0.0,0.0,0.0,0.0,0.0,75.6606,45,1
sybil_type3,13280,1,1,0.0,0.0,0.0,0.0,0.0,77.3506,41,1
sybil_type3,13281,1,1,0.0,0.0,0.0,0.0,0.0,77.4706,41,1
sybil_type3,13282,1,1,0.0,0.0,0.0,0.0,0.0,77.9006,41,1
sybil_type3,13283,1,1,0.0,0.0,0.0,0.0,0.0,78.6006,42,1
sybil_type3,13285,1,1,0.0,0.0,0.0,0.0,0.0,80.3806,43,1
sybil_type3,13286,1,1,0.0,0.0,0.0,0.0,0.0,80.5006,43,1
sybil_type3,13287,1,1,0.0,0.0,0.0,0.0,0.0,80.9306,43,1
sybil_type3,13288,1,1,0.0,0.0,0.0,0.0,0.0,81.6306,42,1
sybil_type3,13290,1,1,0.0,0.0,0.0,0.0,0.0,83.4106,38,1
sybil_type3,13291,1,1,0.0,0.0,0.0,0.0,0.0,83.5306,38,1
sybil_type3,13292,1,1,0.0,0.0,0.0,0.0,0.0,83.9606,38,1
sybil_type3,13293,1,1,0.0,0.0,0.0,0.0,0.0,84.6606,43,1
sybil_type3,13295,1,1,0.0,0.0,0.0,0.0,0.0,86.3506,42,1
sybil_type3,13296,1,1,0.0,0.0,0.0,0.0,0.0,86.4706,42,1
sybil_type3,13297,1,1,0.0,0.0,0.0,0.0,0.0,86.9006,42,1
sybil_type3,13298,1,1,0.0,0.0,0.0,0.0,0.0,87.6006,43,1
sybil_type3,13300,1,1,0.0,0.0,0.0,0.0,0.0,89.3806,43,1
sybil_type3,13301,1,1,0.0,0.0,0.0,0.0,0.0,89.5006,43,1
sybil_type3,13302,1,1,0.0,0.0,0.0,0.0,0.0,89.9306,43,1
sybil_type3,13303,1,1,0.0,0.0,0.0,0.0,0.0,90.6306,42,1
sybil_type3,13305,1,1,0.0,0.0,0.0,0.0,0.0,92.4106,42,1
sybil_type3,13306,1,1,0.0,0.0,0.0,0.0,0.0,92.5306,42,1
sybil_type3,13307,1,1,0.0,0.0,0.0,0.0,0.0,92.9606,42,1
sybil_type3,13308,1,1,0.0,0.0,0.0,0.0,0.0,93.6606,46,1
sybil_type3,13310,1,1,0.0,0.0,0.0,0.0,0.0,95.3506,42,1
sybil_type3,13311,1,1,0.0,0.0,0.0,0.0,0.0,95.4706,42,1
sybil_type3,13312,1,1,0.0,0.0,0.0,0.0,0.0,95.9006,42,1
sybil_type3,13313,1,1,0.0,0.0,0.0,0.0,0.0,96.6006,42,1
sybil_type3,13315,1,1,0.0,0.0,0.0,0.0,0.0,98.3806,43,1
sybil_type3,13316,1,1,0.0,0.0,0.0,0.0,0.0,98.5006,43,1
sybil_type3,13317,1,1,0.0,0.0,0.0,0.0,0.0,98.9306,43,1
sybil_type3,13318,1,1,0.0,0.0,0.0,0.0,0.0,99.6306,42,1
sybil_type3,13320,1,1,0.0,0.0,0.0,0.0,0.0,101.411,42,1
sybil_type3,13321,1,1,0.0,0.0,0.0,0.0,0.0,101.531,42,1
sybil_type3,13322,1,1,0.0,0.0,0.0,0.0,0.0,101.961,42,1
sybil_type3,13323,1,1,0.0,0.0,0.0,0.0,0.0,102.661,46,1
sybil_type3,13325,1,1,0.0,0.0,0.0,0.0,0.0,104.351,44,1
sybil_type3,13326,1,1,0.0,0.0,0.0,0.0,0.0,104.471,44,1
sybil_type3,13327,1,1,0.0,0.0,0.0,0.0,0.0,104.901,44,1
sybil_type3,13328,1,1,0.0,0.0,0.0,0.0,0.0,105.601,46,1
sybil_type3,13330,1,1,0.0,0.0,0.0,0.0,0.0,107.381,45,1
sybil_type3,13331,1,1,0.0,0.0,0.0,0.0,0.0,107.501,45,1
sybil_type3,13332,1,1,0.0,0.0,0.0,0.0,0.0,107.931,45,1
sybil_type3,13333,1,1,0.0,0.0,0.0,0.0,0.0,108.631,45,1
sybil_type3,13335,1,1,0.0,0.0,0.0,0.0,0.0,110.411,42,1
sybil_type3,13336,1,1,0.0,0.0,0.0,0.0,0.0,110.531,42,1
sybil_type3,13337,1,1,0.0,0.0,0.0,0.0,0.0,110.961,42,1
sybil_type3,13338,1,1,0.0,0.0,0.0,0.0,0.0,111.661,48,1
sybil_type3,13340,1,1,0.0,0.0,0.0,0.0,0.0,113.351,44,1
sybil_type3,13341,1,1,0.0,0.0,0.0,0.0,0.0,113.471,44,1
sybil_type3,13342,1,1,0.0,0.0,0.0,0.0,0.0,113.901,44,1
sybil_type3,13343,1,1,0.0,0.0,0.0,0.0,0.0,114.601,43,1
sybil_type3,13345,1,1,0.0,0.0,0.0,0.0,0.0,116.381,45,1
sybil_type3,13346,1,1,0.0,0.0,0.0,0.0,0.0,116.501,45,1
sybil_type3,13347,1,1,0.0,0.0,0.0,0.0,0.0,116.931,45,1
sybil_type3,13348,1,1,0.0,0.0,0.0,0.0,0.0,117.631,42,1
sybil_type3,13350,1,1,0.0,0.0,0.0,0.0,0.0,119.411,32,1
sybil_type3,13351,1,1,0.0,0.0,0.0,0.0,0.0,119.531,32,1
sybil_type3,13352,1,1,0.0,0.0,0.0,0.0,0.0,119.961,32,1
sybil_type3,13965,1,1,0.0,0.0,0.0,0.0,0.0,8.7506,64,1
sybil_type3,13966,4,0,0.000140000000000029,4.666666666667633e-05,3.2998316455558486e-05,0.7071067811903926,28571.428571422653,8.87085,64,1
sybil_type3,13967,1,1,0.0,0.0,0.0,0.0,0.0,9.3006,48,1
sybil_type3,13968,1,1,0.0,0.0,0.0,0.0,0.0,10.0006,41,1
sybil_type3,13970,1,1,0.0,0.0,0.0,0.0,0.0,11.7806,42,1
sybil_type3,13971,1,1,0.0,0.0,0.0,0.0,0.0,11.9006,42,1
sybil_type3,13972,1,1,0.0,0.0,0.0,0.0,0.0,12.3306,46,1
sybil_type3,13973,1,1,0.0,0.0,0.0,0.0,0.0,13.0306,39,1
sybil_type3,13975,1,1,0.0,0.0,0.0,0.0,0.0,14.8106,44,1
sybil_type3,13976,1,1,0.0,0.0,0.0,0.0,0.0,14.9306,44,1
sybil_type3,13977,1,1,0.0,0.0,0.0,0.0,0.0,15.3606,44,1
sybil_type3,13978,1,1,0.0,0.0,0.0,0.0,0.0,16.0606,40,1
sybil_type3,13980,1,1,0.0,0.0,0.0,0.0,0.0,17.7506,45,1
sybil_type3,13981,1,1,0.0,0.0,0.0,0.0,0.0,17.8706,45,1
sybil_type3,13982,1,1,0.0,0.0,0.0,0.0,0.0,18.3006,43,1
sybil_type3,13983,1,1,0.0,0.0,0.0,0.0,0.0,19.0006,41,1
sybil_type3,13985,1,1,0.0,0.0,0.0,0.0,0.0,20.7806,42,1
sybil_type3,13986,1,1,0.0,0.0,0.0,0.0,0.0,20.9006,42,1
sybil_type3,13987,1,1,0.0,0.0,0.0,0.0,0.0,21.3306,46,1
sybil_type3,13988,1,1,0.0,0.0,0.0,0.0,0.0,22.0306,39,1
sybil_type3,13990,1,1,0.0,0.0,0.0,0.0,0.0,23.8106,44,1
sybil_type3,13991,1,1,0.0,0.0,0.0,0.0,0.0,23.9306,44,1
sybil_type3,13992,1,1,0.0,0.0,0.0,0.0,0.0,24.3606,44,1
sybil_type3,13993,1,1,0.0,0.0,0.0,0.0,0.0,25.0606,40,1
sybil_type3,13995,1,1,0.0,0.0,0.0,0.0,0.0,26.7506,45,1
sybil_type3,13996,1,1,0.0,0.0,0.0,0.0,0.0,26.8706,45,1
sybil_type3,13997,1,1,0.0,0.0,0.0,0.0,0.0,27.3006,43,1
sybil_type3,13998,1,1,0.0,0.0,0.0,0.0,0.0,28.0006,41,1
sybil_type3,14000,1,1,0.0,0.0,0.0,0.0,0.0,29.7806,42,1
sybil_type3,14001,1,1,0.0,0.0,0.0,0.0,0.0,29.9006,42,1
sybil_type3,14002,1,1,0.0,0.0,0.0,0.0,0.0,30.3306,46,1
sybil_type3,14003,1,1,0.0,0.0,0.0,0.0,0.0,31.0306,39,1
sybil_type3,14005,1,1,0.0,0.0,0.0,0.0,0.0,32.8106,44,1
sybil_type3,14006,1,1,0.0,0.0,0.0,0.0,0.0,32.9306,44,1
sybil_type3,14007,1,1,0.0,0.0,0.0,0.0,0.0,33.3606,44,1
sybil_type3,14008,1,1,0.0,0.0,0.0,0.0,0.0,34.0606,40,1
sybil_type3,14010,1,1,0.0,0.0,0.0,0.0,0.0,35.7506,45,1
sybil_type3,14011,1,1,0.0,0.0,0.0,0.0,0.0,35.8706,45,1
sybil_type3,14012,1,1,0.0,0.0,0.0,0.0,0.0,36.3006,43,1
sybil_type3,14013,1,1,0.0,0.0,0.0,0.0,0.0,37.0006,41,1
sybil_type3,14015,1,1,0.0,0.0,0.0,0.0,0.0,38.7806,42,1
sybil_type3,14016,1,1,0.0,0.0,0.0,0.0,0.0,38.9006,42,1
sybil_type3,14017,1,1,0.0,0.0,0.0,0.0,0.0,39.3306,46,1
sybil_type3,14018,1,1,0.0,0.0,0.0,0.0,0.0,40.0306,39,1
sybil_type3,14020,1,1,0.0,0.0,0.0,0.0,0.0,41.8106,44,1
sybil_type3,14021,1,1,0.0,0.0,0.0,0.0,0.0,41.9306,44,1
sybil_type3,14022,1,1,0.0,0.0,0.0,0.0,0.0,42.3606,44,1
sybil_type3,14023,1,1,0.0,0.0,0.0,0.0,0.0,43.0606,40,1
sybil_type3,14025,1,1,0.0,0.0,0.0,0.0,0.0,44.7506,45,1
sybil_type3,14026,1,1,0.0,0.0,0.0,0.0,0.0,44.8706,45,1
sybil_type3,14027,1,1,0.0,0.0,0.0,0.0,0.0,45.3006,43,1
sybil_type3,14028,1,1,0.0,0.0,0.0,0.0,0.0,46.0006,41,1
sybil_type3,14030,1,1,0.0,0.0,0.0,0.0,0.0,47.7806,42,1
sybil_type3,14031,1,1,0.0,0.0,0.0,0.0,0.0,47.9006,42,1
sybil_type3,14032,1,1,0.0,0.0,0.0,0.0,0.0,48.3306,46,1
sybil_type3,14033,1,1,0.0,0.0,0.0,0.0,0.0,49.0306,39,1
sybil_type3,14035,1,1,0.0,0.0,0.0,0.0,0.0,50.8106,44,1
sybil_type3,14036,1,1,0.0,0.0,0.0,0.0,0.0,50.9306,44,1
sybil_type3,14037,1,1,0.0,0.0,0.0,0.0,0.0,51.3606,44,1
sybil_type3,14038,1,1,0.0,0.0,0.0,0.0,0.0,52.0606,40,1
sybil_type3,14040,1,1,0.0,0.0,0.0,0.0,0.0,53.7506,45,1
sybil_type3,14041,1,1,0.0,0.0,0.0,0.0,0.0,53.8706,45,1
sybil_type3,14042,1,1,0.0,0.0,0.0,0.0,0.0,54.3006,43,1
sybil_type3,14043,1,1,0.0,0.0,0.0,0.0,0.0,55.0006,41,1
sybil_type3,14045,1,1,0.0,0.0,0.0,0.0,0.0,56.7806,42,1
sybil_type3,14046,1,1,0.0,0.0,0.0,0.0,0.0,56.9006,42,1
sybil_type3,14047,1,1,0.0,0.0,0.0,0.0,0.0,57.3306,46,1
sybil_type3,14048,1,1,0.0,0.0,0.0,0.0,0.0,58.0306,39,1
sybil_type3,14050,1,1,0.0,0.0,0.0,0.0,0.0,59.8106,45,1
sybil_type3,14051,1,1,0.0,0.0,0.0,0.0,0.0,59.9306,45,1
sybil_type3,14052,1,1,0.0,0.0,0.0,0.0,0.0,60.3606,46,1
sybil_type3,14053,1,1,0.0,0.0,0.0,0.0,0.0,61.0606,42,1
sybil_type3,14055,1,1,0.0,0.0,0.0,0.0,0.0,62.7506,45,1
sybil_type3,14056,1,1,0.0,0.0,0.0,0.0,0.0,62.8706,45,1
sybil_type3,14057,1,1,0.0,0.0,0.0,0.0,0.0,63.3006,45,1
sybil_type3,14058,1,1,0.0,0.0,0.0,0.0,0.0,64.0006,43,1
sybil_type3,14060,1,1,0.0,0.0,0.0,0.0,0.0,65.7806,41,1
sybil_type3,14061,1,1,0.0,0.0,0.0,0.0,0.0,65.9006,41,1
sybil_type3,14062,1,1,0.0,0.0,0.0,0.0,0.0,66.3306,48,1
sybil_type3,14063,1,1,0.0,0.0,0.0,0.0,0.0,67.0306,41,1
sybil_type3,14065,1,1,0.0,0.0,0.0,0.0,0.0,68.8106,42,1
sybil_type3,14066,1,1,0.0,0.0,0.0,0.0,0.0,68.9306,42,1
sybil_type3,14067,1,1,0.0,0.0,0.0,0.0,0.0,69.3606,46,1
sybil_type3,14068,1,1,0.0,0.0,0.0,0.0,0.0,70.0606,42,1
sybil_type3,14070,1,1,0.0,0.0,0.0,0.0,0.0,71.7506,44,1
sybil_type3,14071,1,1,0.0,0.0,0.0,0.0,0.0,71.8706,44,1
sybil_type3,14072,1,1,0.0,0.0,0.0,0.0,0.0,72.3006,45,1
sybil_type3,14073,1,1,0.0,0.0,0.0,0.0,0.0,73.0006,41,1
sybil_type3,14075,1,1,0.0,0.0,0.0,0.0,0.0,74.7806,40,1
sybil_type3,14076,1,1,0.0,0.0,0.0,0.0,0.0,74.9006,40,1
sybil_type3,14077,1,1,0.0,0.0,0.0,0.0,0.0,75.3306,45,1
sybil_type3,14078,1,1,0.0,0.0,0.0,0.0,0.0,76.0306,39,1
sybil_type3,14080,1,1,0.0,0.0,0.0,0.0,0.0,77.8106,41,1
sybil_type3,14081,1,1,0.0,0.0,0.0,0.0,0.0,77.9306,41,1
sybil_type3,14082,1,1,0.0,0.0,0.0,0.0,0.0,78.3606,42,1
sybil_type3,14083,1,1,0.0,0.0,0.0,0.0,0.0,79.0606,40,1
sybil_type3,14085,1,1,0.0,0.0,0.0,0.0,0.0,80.7506,43,1
sybil_type3,14086,1,1,0.0,0.0,0.0,0.0,0.0,80.8706,43,1
sybil_type3,14087,1,1,0.0,0.0,0.0,0.0,0.0,81.3006,42,1
sybil_type3,14088,1,1,0.0,0.0,0.0,0.0,0.0,82.0006,40,1
sybil_type3,14090,1,1,0.0,0.0,0.0,0.0,0.0,83.7806,38,1
sybil_type3,14091,1,1,0.0,0.0,0.0,0.0,0.0,83.9006,38,1
sybil_type3,14092,1,1,0.0,0.0,0.0,0.0,0.0,84.3306,43,1
sybil_type3,14093,1,1,0.0,0.0,0.0,0.0,0.0,85.0306,38,1
sybil_type3,14095,1,1,0.0,0.0,0.0,0.0,0.0,86.8106,42,1
sybil_type3,14096,1,1,0.0,0.0,0.0,0.0,0.0,86.9306,42,1
sybil_type3,14097,1,1,0.0,0.0,0.0,0.0,0.0,87.3606,43,1
sybil_type3,14098,1,1,0.0,0.0,0.0,0.0,0.0,88.0606,39,1
sybil_type3,14100,1,1,0.0,0.0,0.0,0.0,0.0,89.7506,43,1
sybil_type3,14101,1,1,0.0,0.0,0.0,0.0,0.0,89.8706,43,1
sybil_type3,14102,1,1,0.0,0.0,0.0,0.0,0.0,90.3006,42,1
sybil_type3,14103,1,1,0.0,0.0,0.0,0.0,0.0,91.0006,40,1
sybil_type3,14105,1,1,0.0,0.0,0.0,0.0,0.0,92.7806,42,1
sybil_type3,14106,1,1,0.0,0.0,0.0,0.0,0.0,92.9006,42,1
sybil_type3,14107,1,1,0.0,0.0,0.0,0.0,0.0,93.3306,46,1
sybil_type3,14108,1,1,0.0,0.0,0.0,0.0,0.0,94.0306,39,1
sybil_type3,14110,1,1,0.0,0.0,0.0,0.0,0.0,95.8106,42,1
sybil_type3,14111,1,1,0.0,0.0,0.0,0.0,0.0,95.9306,42,1
sybil_type3,14112,1,1,0.0,0.0,0.0,0.0,0.0,96.3606,42,1
sybil_type3,14113,1,1,0.0,0.0,0.0,0.0,0.0,97.0606,40,1
sybil_type3,14115,1,1,0.0,0.0,0.0,0.0,0.0,98.7506,43,1
sybil_type3,14116,1,1,0.0,0.0,0.0,0.0,0.0,98.8706,43,1
sybil_type3,14117,1,1,0.0,0.0,0.0,0.0,0.0,99.3006,42,1
sybil_type3,14118,1,1,0.0,0.0,0.0,0.0,0.0,100.001,41,1
sybil_type3,14120,1,1,0.0,0.0,0.0,0.0,0.0,101.781,42,1
sybil_type3,14121,1,1,0.0,0.0,0.0,0.0,0.0,101.901,42,1
sybil_type3,14122,1,1,0.0,0.0,0.0,0.0,0.0,102.331,46,1
sybil_type3,14123,1,1,0.0,0.0,0.0,0.0,0.0,103.031,39,1
sybil_type3,14125,1,1,0.0,0.0,0.0,0.0,0.0,104.811,44,1
sybil_type3,14126,1,1,0.0,0.0,0.0,0.0,0.0,104.931,44,1
sybil_type3,14127,1,1,0.0,0.0,0.0,0.0,0.0,105.361,46,1
sybil_type3,14128,1,1,0.0,0.0,0.0,0.0,0.0,106.061,42,1
sybil_type3,14130,1,1,0.0,0.0,0.0,0.0,0.0,107.751,45,1
sybil_type3,14131,1,1,0.0,0.0,0.0,0.0,0.0,107.871,45,1
sybil_type3,14132,1,1,0.0,0.0,0.0,0.0,0.0,108.301,45,1
sybil_type3,14133,1,1,0.0,0.0,0.0,0.0,0.0,109.001,43,1
sybil_type3,14135,1,1,0.0,0.0,0.0,0.0,0.0,110.781,42,1
sybil_type3,14136,1,1,0.0,0.0,0.0,0.0,0.0,110.901,42,1
sybil_type3,14137,1,1,0.0,0.0,0.0,0.0,0.0,111.331,48,1
sybil_type3,14138,1,1,0.0,0.0,0.0,0.0,0.0,112.031,41,1
sybil_type3,14140,1,1,0.0,0.0,0.0,0.0,0.0,113.811,44,1
sybil_type3,14141,1,1,0.0,0.0,0.0,0.0,0.0,113.931,44,1
sybil_type3,14142,1,1,0.0,0.0,0.0,0.0,0.0,114.361,43,1
sybil_type3,14143,1,1,0.0,0.0,0.0,0.0,0.0,115.061,41,1
sybil_type3,14145,1,1,0.0,0.0,0.0,0.0,0.0,116.751,45,1
sybil_type3,14146,1,1,0.0,0.0,0.0,0.0,0.0,116.871,45,1
sybil_type3,14147,1,1,0.0,0.0,0.0,0.0,0.0,117.301,42,1
sybil_type3,14148,1,1,0.0,0.0,0.0,0.0,0.0,118.001,40,1
sybil_type3,14150,1,1,0.0,0.0,0.0,0.0,0.0,119.781,32,1
sybil_type3,14151,1,1,0.0,0.0,0.0,0.0,0.0,119.901,32,1
sybil_type3,14265,1,1,0.0,0.0,0.0,0.0,0.0,8.9006,64,1
sybil_type3,14266,1,1,0.0,0.0,0.0,0.0,0.0,9.0206,48,1
sybil_type3,14267,1,1,0.0,0.0,0.0,0.0,0.0,9.4506,48,1
sybil_type3,14268,1,1,0.0,0.0,0.0,0.0,0.0,10.1506,41,1
sybil_type3,14270,1,1,0.0,0.0,0.0,0.0,0.0,11.9306,42,1
sybil_type3,14271,1,1,0.0,0.0,0.0,0.0,0.0,12.0506,46,1
sybil_type3,14272,1,1,0.0,0.0,0.0,0.0,0.0,12.4806,46,1
sybil_type3,14273,1,1,0.0,0.0,0.0,0.0,0.0,13.1806,39,1
sybil_type3,14275,1,1,0.0,0.0,0.0,0.0,0.0,14.9606,44,1
sybil_type3,14276,1,1,0.0,0.0,0.0,0.0,0.0,15.0806,44,1
sybil_type3,14277,1,1,0.0,0.0,0.0,0.0,0.0,15.5106,44,1
sybil_type3,14278,1,1,0.0,0.0,0.0,0.0,0.0,16.2106,40,1
sybil_type3,14280,1,1,0.0,0.0,0.0,0.0,0.0,17.9006,45,1
sybil_type3,14281,1,1,0.0,0.0,0.0,0.0,0.0,18.0206,43,1
sybil_type3,14282,1,1,0.0,0.0,0.0,0.0,0.0,18.4506,43,1
sybil_type3,14283,1,1,0.0,0.0,0.0,0.0,0.0,19.1506,41,1
sybil_type3,14285,1,1,0.0,0.0,0.0,0.0,0.0,20.9306,42,1
sybil_type3,14286,1,1,0.0,0.0,0.0,0.0,0.0,21.0506,46,1
sybil_type3,14287,1,1,0.0,0.0,0.0,0.0,0.0,21.4806,46,1
sybil_type3,14288,1,1,0.0,0.0,0.0,0.0,0.0,22.1806,39,1
sybil_type3,14290,1,1,0.0,0.0,0.0,0.0,0.0,23.9606,44,1
sybil_type3,14291,1,1,0.0,0.0,0.0,0.0,0.0,24.0806,44,1
sybil_type3,14292,1,1,0.0,0.0,0.0,0.0,0.0,24.5106,44,1
sybil_type3,14293,1,1,0.0,0.0,0.0,0.0,0.0,25.2106,40,1
sybil_type3,14295,1,1,0.0,0.0,0.0,0.0,0.0,26.9006,45,1
sybil_type3,14296,1,1,0.0,0.0,0.0,0.0,0.0,27.0206,43,1
sybil_type3,14297,1,1,0.0,0.0,0.0,0.0,0.0,27.4506,43,1
sybil_type3,14298,1,1,0.0,0.0,0.0,0.0,0.0,28.1506,41,1
sybil_type3,14300,1,1,0.0,0.0,0.0,0.0,0.0,29.9306,42,1
sybil_type3,14301,1,1,0.0,0.0,0.0,0.0,0.0,30.0506,46,1
sybil_type3,14302,1,1,0.0,0.0,0.0,0.0,0.0,30.4806,46,1
sybil_type3,14303,1,1,0.0,0.0,0.0,0.0,0.0,31.1806,39,1
sybil_type3,14305,1,1,0.0,0.0,0.0,0.0,0.0,32.9606,44,1
sybil_type3,14306,1,1,0.0,0.0,0.0,0.0,0.0,33.0806,44,1
sybil_type3,14307,1,1,0.0,0.0,0.0,0.0,0.0,33.5106,44,1
sybil_type3,14308,1,1,0.0,0.0,0.0,0.0,0.0,34.2106,40,1
sybil_type3,14310,1,1,0.0,0.0,0.0,0.0,0.0,35.9006,45,1
sybil_type3,14311,1,1,0.0,0.0,0.0,0.0,0.0,36.0206,43,1
sybil_type3,14312,1,1,0.0,0.0,0.0,0.0,0.0,36.4506,43,1
sybil_type3,14313,1,1,0.0,0.0,0.0,0.0,0.0,37.1506,41,1
sybil_type3,14315,1,1,0.0,0.0,0.0,0.0,0.0,38.9306,42,1
sybil_type3,14316,1,1,0.0,0.0,0.0,0.0,0.0,39.0506,46,1
sybil_type3,14317,1,1,0.0,0.0,0.0,0.0,0.0,39.4806,46,1
sybil_type3,14318,1,1,0.0,0.0,0.0,0.0,0.0,40.1806,39,1
sybil_type3,14320,1,1,0.0,0.0,0.0,0.0,0.0,41.9606,44,1
sybil_type3,14321,1,1,0.0,0.0,0.0,0.0,0.0,42.0806,44,1
sybil_type3,14322,1,1,0.0,0.0,0.0,0.0,0.0,42.5106,44,1
sybil_type3,14323,1,1,0.0,0.0,0.0,0.0,0.0,43.2106,40,1
sybil_type3,14325,1,1,0.0,0.0,0.0,0.0,0.0,44.9006,45,1
sybil_type3,14326,1,1,0.0,0.0,0.0,0.0,0.0,45.0206,43,1
sybil_type3,14327,1,1,0.0,0.0,0.0,0.0,0.0,45.4506,43,1
sybil_type3,14328,1,1,0.0,0.0,0.0,0.0,0.0,46.1506,41,1
sybil_type3,14330,1,1,0.0,0.0,0.0,0.0,0.0,47.9306,42,1
sybil_type3,14331,1,1,0.0,0.0,0.0,0.0,0.0,48.0506,46,1
sybil_type3,14332,1,1,0.0,0.0,0.0,0.0,0.0,48.4806,46,1
sybil_type3,14333,1,1,0.0,0.0,0.0,0.0,0.0,49.1806,39,1
sybil_type3,14335,1,1,0.0,0.0,0.0,0.0,0.0,50.9606,44,1
sybil_type3,14336,1,1,0.0,0.0,0.0,0.0,0.0,51.0806,44,1
sybil_type3,14337,1,1,0.0,0.0,0.0,0.0,0.0,51.5106,44,1
sybil_type3,14338,1,1,0.0,0.0,0.0,0.0,0.0,52.2106,40,1
sybil_type3,14340,1,1,0.0,0.0,0.0,0.0,0.0,53.9006,45,1
sybil_type3,14341,1,1,0.0,0.0,0.0,0.0,0.0,54.0206,43,1
sybil_type3,14342,1,1,0.0,0.0,0.0,0.0,0.0,54.4506,43,1
sybil_type3,14343,1,1,0.0,0.0,0.0,0.0,0.0,55.1506,41,1
sybil_type3,14345,1,1,0.0,0.0,0.0,0.0,0.0,56.9306,42,1
sybil_type3,14346,1,1,0.0,0.0,0.0,0.0,0.0,57.0506,46,1
sybil_type3,14347,1,1,0.0,0.0,0.0,0.0,0.0,57.4806,46,1
sybil_type3,14348,1,1,0.0,0.0,0.0,0.0,0.0,58.1806,39,1
sybil_type3,14350,1,1,0.0,0.0,0.0,0.0,0.0,59.9606,45,1
sybil_type3,14351,1,1,0.0,0.0,0.0,0.0,0.0,60.0806,46,1
sybil_type3,14352,1,1,0.0,0.0,0.0,0.0,0.0,60.5106,46,1
sybil_type3,14353,1,1,0.0,0.0,0.0,0.0,0.0,61.2106,42,1
sybil_type3,14355,1,1,0.0,0.0,0.0,0.0,0.0,62.9006,45,1
sybil_type3,14356,1,1,0.0,0.0,0.0,0.0,0.0,63.0206,45,1
sybil_type3,14357,1,1,0.0,0.0,0.0,0.0,0.0,63.4506,45,1
sybil_type3,14358,1,1,0.0,0.0,0.0,0.0,0.0,64.1506,43,1
sybil_type3,14360,1,1,0.0,0.0,0.0,0.0,0.0,65.9306,41,1
sybil_type3,14361,1,1,0.0,0.0,0.0,0.0,0.0,66.0506,48,1
sybil_type3,14362,1,1,0.0,0.0,0.0,0.0,0.0,66.4806,48,1
sybil_type3,14363,1,1,0.0,0.0,0.0,0.0,0.0,67.1806,41,1
sybil_type3,14365,1,1,0.0,0.0,0.0,0.0,0.0,68.9606,42,1
sybil_type3,14366,1,1,0.0,0.0,0.0,0.0,0.0,69.0806,46,1
sybil_type3,14367,1,1,0.0,0.0,0.0,0.0,0.0,69.5106,46,1
sybil_type3,14368,1,1,0.0,0.0,0.0,0.0,0.0,70.2106,42,1
sybil_type3,14370,1,1,0.0,0.0,0.0,0.0,0.0,71.9006,44,1
sybil_type3,14371,1,1,0.0,0.0,0.0,0.0,0.0,72.0206,45,1
sybil_type3,14372,1,1,0.0,0.0,0.0,0.0,0.0,72.4506,45,1
sybil_type3,14373,1,1,0.0,0.0,0.0,0.0,0.0,73.1506,41,1
sybil_type3,14375,1,1,0.0,0.0,0.0,0.0,0.0,74.9306,40,1
sybil_type3,14376,1,1,0.0,0.0,0.0,0.0,0.0,75.0506,45,1
sybil_type3,14377,1,1,0.0,0.0,0.0,0.0,0.0,75.4806,45,1
sybil_type3,14378,1,1,0.0,0.0,0.0,0.0,0.0,76.1806,39,1
sybil_type3,14380,1,1,0.0,0.0,0.0,0.0,0.0,77.9606,41,1
sybil_type3,14381,1,1,0.0,0.0,0.0,0.0,0.0,78.0806,42,1
sybil_type3,14382,1,1,0.0,0.0,0.0,0.0,0.0,78.5106,42,1
sybil_type3,14383,1,1,0.0,0.0,0.0,0.0,0.0,79.2106,40,1
sybil_type3,14385,1,1,0.0,0.0,0.0,0.0,0.0,80.9006,43,1
sybil_type3,14386,1,1,0.0,0.0,0.0,0.0,0.0,81.0206,42,1
sybil_type3,14387,1,1,0.0,0.0,0.0,0.0,0.0,81.4506,42,1
sybil_type3,14388,1,1,0.0,0.0,0.0,0.0,0.0,82.1506,40,1
sybil_type3,14390,1,1,0.0,0.0,0.0,0.0,0.0,83.9306,38,1
sybil_type3,14391,1,1,0.0,0.0,0.0,0.0,0.0,84.0506,43,1
sybil_type3,14392,1,1,0.0,0.0,0.0,0.0,0.0,84.4806,43,1
sybil_type3,14393,1,1,0.0,0.0,0.0,0.0,0.0,85.1806,38,1
sybil_type3,14395,1,1,0.0,0.0,0.0,0.0,0.0,86.9606,42,1
sybil_type3,14396,1,1,0.0,0.0,0.0,0.0,0.0,87.0806,43,1
sybil_type3,14397,1,1,0.0,0.0,0.0,0.0,0.0,87.5106,43,1
sybil_type3,14398,1,1,0.0,0.0,0.0,0.0,0.0,88.2106,39,1
sybil_type3,14400,1,1,0.0,0.0,0.0,0.0,0.0,89.9006,43,1
sybil_type3,14401,1,1,0.0,0.0,0.0,0.0,0.0,90.0206,42,1
sybil_type3,14402,1,1,0.0,0.0,0.0,0.0,0.0,90.4506,42,1
sybil_type3,14403,1,1,0.0,0.0,0.0,0.0,0.0,91.1506,40,1
sybil_type3,14405,1,1,0.0,0.0,0.0,0.0,0.0,92.9306,42,1
sybil_type3,14406,1,1,0.0,0.0,0.0,0.0,0.0,93.0506,46,1
sybil_type3,14407,1,1,0.0,0.0,0.0,0.0,0.0,93.4806,46,1
sybil_type3,14408,1,1,0.0,0.0,0.0,0.0,0.0,94.1806,39,1
sybil_type3,14410,1,1,0.0,0.0,0.0,0.0,0.0,95.9606,42,1
sybil_type3,14411,1,1,0.0,0.0,0.0,0.0,0.0,96.0806,42,1
sybil_type3,14412,1,1,0.0,0.0,0.0,0.0,0.0,96.5106,42,1
sybil_type3,14413,1,1,0.0,0.0,0.0,0.0,0.0,97.2106,40,1
sybil_type3,14415,1,1,0.0,0.0,0.0,0.0,0.0,98.9006,43,1
sybil_type3,14416,1,1,0.0,0.0,0.0,0.0,0.0,99.0206,42,1
sybil_type3,14417,1,1,0.0,0.0,0.0,0.0,0.0,99.4506,42,1
sybil_type3,14418,1,1,0.0,0.0,0.0,0.0,0.0,100.151,41,1
sybil_type3,14420,1,1,0.0,0.0,0.0,0.0,0.0,101.931,42,1
sybil_type3,14421,1,1,0.0,0.0,0.0,0.0,0.0,102.051,46,1
sybil_type3,14422,1,1,0.0,0.0,0.0,0.0,0.0,102.481,46,1
sybil_type3,14423,1,1,0.0,0.0,0.0,0.0,0.0,103.181,39,1
sybil_type3,14425,1,1,0.0,0.0,0.0,0.0,0.0,104.961,44,1
sybil_type3,14426,1,1,0.0,0.0,0.0,0.0,0.0,105.081,46,1
sybil_type3,14427,1,1,0.0,0.0,0.0,0.0,0.0,105.511,46,1
sybil_type3,14428,1,1,0.0,0.0,0.0,0.0,0.0,106.211,42,1
sybil_type3,14430,1,1,0.0,0.0,0.0,0.0,0.0,107.901,45,1
sybil_type3,14431,1,1,0.0,0.0,0.0,0.0,0.0,108.021,45,1
sybil_type3,14432,1,1,0.0,0.0,0.0,0.0,0.0,108.451,45,1
sybil_type3,14433,1,1,0.0,0.0,0.0,0.0,0.0,109.151,43,1
sybil_type3,14435,1,1,0.0,0.0,0.0,0.0,0.0,110.931,42,1
sybil_type3,14436,1,1,0.0,0.0,0.0,0.0,0.0,111.051,48,1
sybil_type3,14437,1,1,0.0,0.0,0.0,0.0,0.0,111.481,48,1
sybil_type3,14438,1,1,0.0,0.0,0.0,0.0,0.0,112.181,41,1
sybil_type3,14440,1,1,0.0,0.0,0.0,0.0,0.0,113.961,44,1
sybil_type3,14441,1,1,0.0,0.0,0.0,0.0,0.0,114.081,43,1
sybil_type3,14442,1,1,0.0,0.0,0.0,0.0,0.0,114.511,43,1
sybil_type3,14443,1,1,0.0,0.0,0.0,0.0,0.0,115.211,41,1
sybil_type3,14445,1,1,0.0,0.0,0.0,0.0,0.0,116.901,45,1
sybil_type3,14446,1,1,0.0,0.0,0.0,0.0,0.0,117.021,42,1
sybil_type3,14447,1,1,0.0,0.0,0.0,0.0,0.0,117.451,42,1
sybil_type3,14448,1,1,0.0,0.0,0.0,0.0,0.0,118.151,40,1
sybil_type3,14450,1,1,0.0,0.0,0.0,0.0,0.0,119.931,32,1
sybil_type3,14765,1,1,0.0,0.0,0.0,0.0,0.0,9.2106,48,1
sybil_type3,14766,1,1,0.0,0.0,0.0,0.0,0.0,9.3306,48,1
sybil_type3,14767,1,1,0.0,0.0,0.0,0.0,0.0,9.7606,48,1
sybil_type3,14768,1,1,0.0,0.0,0.0,0.0,0.0,10.4606,41,1
sybil_type3,14770,1,1,0.0,0.0,0.0,0.0,0.0,12.1506,46,1
sybil_type3,14771,1,1,0.0,0.0,0.0,0.0,0.0,12.2706,46,1
sybil_type3,14772,1,1,0.0,0.0,0.0,0.0,0.0,12.7006,46,1
sybil_type3,14773,1,1,0.0,0.0,0.0,0.0,0.0,13.4006,39,1
sybil_type3,14775,1,1,0.0,0.0,0.0,0.0,0.0,15.1806,44,1
sybil_type3,14776,1,1,0.0,0.0,0.0,0.0,0.0,15.3006,44,1
sybil_type3,14777,1,1,0.0,0.0,0.0,0.0,0.0,15.7306,44,1
sybil_type3,14778,1,1,0.0,0.0,0.0,0.0,0.0,16.4306,40,1
sybil_type3,14780,1,1,0.0,0.0,0.0,0.0,0.0,18.2106,43,1
sybil_type3,14781,1,1,0.0,0.0,0.0,0.0,0.0,18.3306,43,1
sybil_type3,14782,1,1,0.0,0.0,0.0,0.0,0.0,18.7606,43,1
sybil_type3,14783,1,1,0.0,0.0,0.0,0.0,0.0,19.4606,41,1
sybil_type3,14785,1,1,0.0,0.0,0.0,0.0,0.0,21.1506,46,1
sybil_type3,14786,1,1,0.0,0.0,0.0,0.0,0.0,21.2706,46,1
sybil_type3,14787,1,1,0.0,0.0,0.0,0.0,0.0,21.7006,46,1
sybil_type3,14788,1,1,0.0,0.0,0.0,0.0,0.0,22.4006,39,1
sybil_type3,14790,1,1,0.0,0.0,0.0,0.0,0.0,24.1806,44,1
sybil_type3,14791,1,1,0.0,0.0,0.0,0.0,0.0,24.3006,44,1
sybil_type3,14792,1,1,0.0,0.0,0.0,0.0,0.0,24.7306,44,1
sybil_type3,14793,1,1,0.0,0.0,0.0,0.0,0.0,25.4306,40,1
sybil_type3,14795,1,1,0.0,0.0,0.0,0.0,0.0,27.2106,43,1
sybil_type3,14796,1,1,0.0,0.0,0.0,0.0,0.0,27.3306,43,1
sybil_type3,14797,1,1,0.0,0.0,0.0,0.0,0.0,27.7606,43,1
sybil_type3,14798,1,1,0.0,0.0,0.0,0.0,0.0,28.4606,41,1
sybil_type3,14800,1,1,0.0,0.0,0.0,0.0,0.0,30.1506,46,1
sybil_type3,14801,1,1,0.0,0.0,0.0,0.0,0.0,30.2706,46,1
sybil_type3,14802,1,1,0.0,0.0,0.0,0.0,0.0,30.7006,46,1
sybil_type3,14803,1,1,0.0,0.0,0.0,0.0,0.0,31.4006,39,1
sybil_type3,14805,1,1,0.0,0.0,0.0,0.0,0.0,33.1806,44,1
sybil_type3,14806,1,1,0.0,0.0,0.0,0.0,0.0,33.3006,44,1
sybil_type3,14807,1,1,0.0,0.0,0.0,0.0,0.0,33.7306,44,1
sybil_type3,14808,1,1,0.0,0.0,0.0,0.0,0.0,34.4306,40,1
sybil_type3,14810,1,1,0.0,0.0,0.0,0.0,0.0,36.2106,43,1
sybil_type3,14811,1,1,0.0,0.0,0.0,0.0,0.0,36.3306,43,1
sybil_type3,14812,1,1,0.0,0.0,0.0,0.0,0.0,36.7606,43,1
sybil_type3,14813,1,1,0.0,0.0,0.0,0.0,0.0,37.4606,41,1
sybil_type3,14815,1,1,0.0,0.0,0.0,0.0,0.0,39.1506,46,1
sybil_type3,14816,1,1,0.0,0.0,0.0,0.0,0.0,39.2706,46,1
sybil_type3,14817,1,1,0.0,0.0,0.0,0.0,0.0,39.7006,46,1
sybil_type3,14818,1,1,0.0,0.0,0.0,0.0,0.0,40.4006,39,1
sybil_type3,14820,1,1,0.0,0.0,0.0,0.0,0.0,42.1806,44,1
sybil_type3,14821,1,1,0.0,0.0,0.0,0.0,0.0,42.3006,44,1
sybil_type3,14822,1,1,0.0,0.0,0.0,0.0,0.0,42.7306,44,1
sybil_type3,14823,1,1,0.0,0.0,0.0,0.0,0.0,43.4306,40,1
sybil_type3,14825,1,1,0.0,0.0,0.0,0.0,0.0,45.2106,43,1
sybil_type3,14826,1,1,0.0,0.0,0.0,0.0,0.0,45.3306,43,1
sybil_type3,14827,1,1,0.0,0.0,0.0,0.0,0.0,45.7606,43,1
sybil_type3,14828,1,1,0.0,0.0,0.0,0.0,0.0,46.4606,41,1
sybil_type3,14830,1,1,0.0,0.0,0.0,0.0,0.0,48.1506,46,1
sybil_type3,14831,1,1,0.0,0.0,0.0,0.0,0.0,48.2706,46,1
sybil_type3,14832,1,1,0.0,0.0,0.0,0.0,0.0,48.7006,46,1
sybil_type3,14833,1,1,0.0,0.0,0.0,0.0,0.0,49.4006,39,1
sybil_type3,14835,1,1,0.0,0.0,0.0,0.0,0.0,51.1806,44,1
sybil_type3,14836,1,1,0.0,0.0,0.0,0.0,0.0,51.3006,44,1
sybil_type3,14837,1,1,0.0,0.0,0.0,0.0,0.0,51.7306,44,1
sybil_type3,14838,1,1,0.0,0.0,0.0,0.0,0.0,52.4306,40,1
sybil_type3,14840,1,1,0.0,0.0,0.0,0.0,0.0,54.2106,43,1
sybil_type3,14841,1,1,0.0,0.0,0.0,0.0,0.0,54.3306,43,1
sybil_type3,14842,1,1,0.0,0.0,0.0,0.0,0.0,54.7606,43,1
sybil_type3,14843,1,1,0.0,0.0,0.0,0.0,0.0,55.4606,41,1
sybil_type3,14845,1,1,0.0,0.0,0.0,0.0,0.0,57.1506,46,1
sybil_type3,14846,1,1,0.0,0.0,0.0,0.0,0.0,57.2706,46,1
sybil_type3,14847,1,1,0.0,0.0,0.0,0.0,0.0,57.7006,46,1
sybil_type3,14848,1,1,0.0,0.0,0.0,0.0,0.0,58.4006,39,1
sybil_type3,14850,1,1,0.0,0.0,0.0,0.0,0.0,60.1806,46,1
sybil_type3,14851,1,1,0.0,0.0,0.0,0.0,0.0,60.3006,46,1
sybil_type3,14852,1,1,0.0,0.0,0.0,0.0,0.0,60.7306,46,1
sybil_type3,14853,1,1,0.0,0.0,0.0,0.0,0.0,61.4306,42,1
sybil_type3,14855,1,1,0.0,0.0,0.0,0.0,0.0,63.2106,45,1
sybil_type3,14856,1,1,0.0,0.0,0.0,0.0,0.0,63.3306,45,1
sybil_type3,14857,1,1,0.0,0.0,0.0,0.0,0.0,63.7606,45,1
sybil_type3,14858,1,1,0.0,0.0,0.0,0.0,0.0,64.4606,43,1
sybil_type3,14860,1,1,0.0,0.0,0.0,0.0,0.0,66.1506,48,1
sybil_type3,14861,1,1,0.0,0.0,0.0,0.0,0.0,66.2706,48,1
sybil_type3,14862,1,1,0.0,0.0,0.0,0.0,0.0,66.7006,48,1
sybil_type3,14863,1,1,0.0,0.0,0.0,0.0,0.0,67.4006,41,1
sybil_type3,14865,1,1,0.0,0.0,0.0,0.0,0.0,69.1806,46,1
sybil_type3,14866,1,1,0.0,0.0,0.0,0.0,0.0,69.3006,46,1
sybil_type3,14867,1,1,0.0,0.0,0.0,0.0,0.0,69.7306,46,1
sybil_type3,14868,1,1,0.0,0.0,0.0,0.0,0.0,70.4306,42,1
sybil_type3,14870,1,1,0.0,0.0,0.0,0.0,0.0,72.2106,45,1
sybil_type3,14871,1,1,0.0,0.0,0.0,0.0,0.0,72.3306,45,1
sybil_type3,14872,1,1,0.0,0.0,0.0,0.0,0.0,72.7606,45,1
sybil_type3,14873,1,1,0.0,0.0,0.0,0.0,0.0,73.4606,41,1
sybil_type3,14875,1,1,0.0,0.0,0.0,0.0,0.0,75.1506,45,1
sybil_type3,14876,1,1,0.0,0.0,0.0,0.0,0.0,75.2706,45,1
sybil_type3,14877,1,1,0.0,0.0,0.0,0.0,0.0,75.7006,45,1
sybil_type3,14878,1,1,0.0,0.0,0.0,0.0,0.0,76.4006,39,1
sybil_type3,14880,1,1,0.0,0.0,0.0,0.0,0.0,78.1806,42,1
sybil_type3,14881,1,1,0.0,0.0,0.0,0.0,0.0,78.3006,42,1
sybil_type3,14882,1,1,0.0,0.0,0.0,0.0,0.0,78.7306,42,1
sybil_type3,14883,1,1,0.0,0.0,0.0,0.0,0.0,79.4306,40,1
sybil_type3,14885,1,1,0.0,0.0,0.0,0.0,0.0,81.2106,42,1
sybil_type3,14886,1,1,0.0,0.0,0.0,0.0,0.0,81.3306,42,1
sybil_type3,14887,1,1,0.0,0.0,0.0,0.0,0.0,81.7606,42,1
sybil_type3,14888,1,1,0.0,0.0,0.0,0.0,0.0,82.4606,40,1
sybil_type3,14890,1,1,0.0,0.0,0.0,0.0,0.0,84.1506,43,1
sybil_type3,14891,1,1,0.0,0.0,0.0,0.0,0.0,84.2706,43,1
sybil_type3,14892,1,1,0.0,0.0,0.0,0.0,0.0,84.7006,43,1
sybil_type3,14893,1,1,0.0,0.0,0.0,0.0,0.0,85.4006,38,1
sybil_type3,14895,1,1,0.0,0.0,0.0,0.0,0.0,87.1806,43,1
sybil_type3,14896,1,1,0.0,0.0,0.0,0.0,0.0,87.3006,43,1
sybil_type3,14897,1,1,0.0,0.0,0.0,0.0,0.0,87.7306,43,1
sybil_type3,14898,1,1,0.0,0.0,0.0,0.0,0.0,88.4306,39,1
sybil_type3,14900,1,1,0.0,0.0,0.0,0.0,0.0,90.2106,42,1
sybil_type3,14901,1,1,0.0,0.0,0.0,0.0,0.0,90.3306,42,1
sybil_type3,14902,1,1,0.0,0.0,0.0,0.0,0.0,90.7606,42,1
sybil_type3,14903,1,1,0.0,0.0,0.0,0.0,0.0,91.4606,40,1
sybil_type3,14905,1,1,0.0,0.0,0.0,0.0,0.0,93.1506,46,1
sybil_type3,14906,1,1,0.0,0.0,0.0,0.0,0.0,93.2706,46,1
sybil_type3,14907,1,1,0.0,0.0,0.0,0.0,0.0,93.7006,46,1
sybil_type3,14908,1,1,0.0,0.0,0.0,0.0,0.0,94.4006,39,1
sybil_type3,14910,1,1,0.0,0.0,0.0,0.0,0.0,96.1806,42,1
sybil_type3,14911,1,1,0.0,0.0,0.0,0.0,0.0,96.3006,42,1
sybil_type3,14912,1,1,0.0,0.0,0.0,0.0,0.0,96.7306,42,1
sybil_type3,14913,1,1,0.0,0.0,0.0,0.0,0.0,97.4306,40,1
sybil_type3,14915,1,1,0.0,0.0,0.0,0.0,0.0,99.2106,42,1
sybil_type3,14916,1,1,0.0,0.0,0.0,0.0,0.0,99.3306,42,1
sybil_type3,14917,1,1,0.0,0.0,0.0,0.0,0.0,99.7606,42,1
sybil_type3,14918,1,1,0.0,0.0,0.0,0.0,0.0,100.461,41,1
sybil_type3,14920,1,1,0.0,0.0,0.0,0.0,0.0,102.151,46,1
sybil_type3,14921,1,1,0.0,0.0,0.0,0.0,0.0,102.271,46,1
sybil_type3,14922,1,1,0.0,0.0,0.0,0.0,0.0,102.701,46,1
sybil_type3,14923,1,1,0.0,0.0,0.0,0.0,0.0,103.401,39,1
sybil_type3,14925,1,1,0.0,0.0,0.0,0.0,0.0,105.181,46,1
sybil_type3,14926,1,1,0.0,0.0,0.0,0.0,0.0,105.301,46,1
sybil_type3,14927,1,1,0.0,0.0,0.0,0.0,0.0,105.731,46,1
sybil_type3,14928,1,1,0.0,0.0,0.0,0.0,0.0,106.431,42,1
sybil_type3,14930,1,1,0.0,0.0,0.0,0.0,0.0,108.211,45,1
sybil_type3,14931,1,1,0.0,0.0,0.0,0.0,0.0,108.331,45,1
sybil_type3,14932,1,1,0.0,0.0,0.0,0.0,0.0,108.761,45,1
sybil_type3,14933,1,1,0.0,0.0,0.0,0.0,0.0,109.461,43,1
sybil_type3,14935,1,1,0.0,0.0,0.0,0.0,0.0,111.151,48,1
sybil_type3,14936,1,1,0.0,0.0,0.0,0.0,0.0,111.271,48,1
sybil_type3,14937,1,1,0.0,0.0,0.0,0.0,0.0,111.701,48,1
sybil_type3,14938,1,1,0.0,0.0,0.0,0.0,0.0,112.401,41,1
sybil_type3,14940,1,1,0.0,0.0,0.0,0.0,0.0,114.181,43,1
sybil_type3,14941,1,1,0.0,0.0,0.0,0.0,0.0,114.301,43,1
sybil_type3,14942,1,1,0.0,0.0,0.0,0.0,0.0,114.731,43,1
sybil_type3,14943,1,1,0.0,0.0,0.0,0.0,0.0,115.431,41,1
sybil_type3,14945,1,1,0.0,0.0,0.0,0.0,0.0,117.211,42,1
sybil_type3,14946,1,1,0.0,0.0,0.0,0.0,0.0,117.331,42,1
sybil_type3,14947,1,1,0.0,0.0,0.0,0.0,0.0,117.761,42,1
sybil_type3,14948,1,1,0.0,0.0,0.0,0.0,0.0,118.461,40,1
sybil_type3,15065,1,1,0.0,0.0,0.0,0.0,0.0,9.3606,48,1
sybil_type3,15066,1,1,0.0,0.0,0.0,0.0,0.0,9.4806,48,1
sybil_type3,15067,1,1,0.0,0.0,0.0,0.0,0.0,9.9106,48,1
sybil_type3,15068,1,1,0.0,0.0,0.0,0.0,0.0,10.6106,41,1
sybil_type3,15070,1,1,0.0,0.0,0.0,0.0,0.0,12.3006,46,1
sybil_type3,15071,1,1,0.0,0.0,0.0,0.0,0.0,12.4206,46,1
sybil_type3,15072,1,1,0.0,0.0,0.0,0.0,0.0,12.8506,46,1
sybil_type3,15073,1,1,0.0,0.0,0.0,0.0,0.0,13.5506,39,1
sybil_type3,15075,1,1,0.0,0.0,0.0,0.0,0.0,15.3306,44,1
sybil_type3,15076,1,1,0.0,0.0,0.0,0.0,0.0,15.4506,44,1
sybil_type3,15077,1,1,0.0,0.0,0.0,0.0,0.0,15.8806,44,1
sybil_type3,15078,1,1,0.0,0.0,0.0,0.0,0.0,16.5806,40,1
sybil_type3,15080,1,1,0.0,0.0,0.0,0.0,0.0,18.3606,43,1
sybil_type3,15081,1,1,0.0,0.0,0.0,0.0,0.0,18.4806,43,1
sybil_type3,15082,1,1,0.0,0.0,0.0,0.0,0.0,18.9106,43,1
sybil_type3,15083,1,1,0.0,0.0,0.0,0.0,0.0,19.6106,41,1
sybil_type3,15085,1,1,0.0,0.0,0.0,0.0,0.0,21.3006,46,1
sybil_type3,15086,1,1,0.0,0.0,0.0,0.0,0.0,21.4206,46,1
sybil_type3,15087,1,1,0.0,0.0,0.0,0.0,0.0,21.8506,46,1
sybil_type3,15088,1,1,0.0,0.0,0.0,0.0,0.0,22.5506,39,1
sybil_type3,15090,1,1,0.0,0.0,0.0,0.0,0.0,24.3306,44,1
sybil_type3,15091,1,1,0.0,0.0,0.0,0.0,0.0,24.4506,44,1
sybil_type3,15092,1,1,0.0,0.0,0.0,0.0,0.0,24.8806,44,1
sybil_type3,15093,1,1,0.0,0.0,0.0,0.0,0.0,25.5806,40,1
sybil_type3,15095,1,1,0.0,0.0,0.0,0.0,0.0,27.3606,43,1
sybil_type3,15096,1,1,0.0,0.0,0.0,0.0,0.0,27.4806,43,1
sybil_type3,15097,1,1,0.0,0.0,0.0,0.0,0.0,27.9106,43,1
sybil_type3,15098,1,1,0.0,0.0,0.0,0.0,0.0,28.6106,41,1
sybil_type3,15100,1,1,0.0,0.0,0.0,0.0,0.0,30.3006,46,1
sybil_type3,15101,1,1,0.0,0.0,0.0,0.0,0.0,30.4206,46,1
sybil_type3,15102,1,1,0.0,0.0,0.0,0.0,0.0,30.8506,46,1
sybil_type3,15103,1,1,0.0,0.0,0.0,0.0,0.0,31.5506,39,1
sybil_type3,15105,1,1,0.0,0.0,0.0,0.0,0.0,33.3306,44,1
sybil_type3,15106,1,1,0.0,0.0,0.0,0.0,0.0,33.4506,44,1
sybil_type3,15107,1,1,0.0,0.0,0.0,0.0,0.0,33.8806,44,1
sybil_type3,15108,1,1,0.0,0.0,0.0,0.0,0.0,34.5806,40,1
sybil_type3,15110,1,1,0.0,0.0,0.0,0.0,0.0,36.3606,43,1
sybil_type3,15111,1,1,0.0,0.0,0.0,0.0,0.0,36.4806,43,1
sybil_type3,15112,1,1,0.0,0.0,0.0,0.0,0.0,36.9106,43,1
sybil_type3,15113,1,1,0.0,0.0,0.0,0.0,0.0,37.6106,41,1
sybil_type3,15115,1,1,0.0,0.0,0.0,0.0,0.0,39.3006,46,1
sybil_type3,15116,1,1,0.0,0.0,0.0,0.0,0.0,39.4206,46,1
sybil_type3,15117,1,1,0.0,0.0,0.0,0.0,0.0,39.8506,46,1
sybil_type3,15118,1,1,0.0,0.0,0.0,0.0,0.0,40.5506,39,1
sybil_type3,15120,1,1,0.0,0.0,0.0,0.0,0.0,42.3306,44,1
sybil_type3,15121,1,1,0.0,0.0,0.0,0.0,0.0,42.4506,44,1
sybil_type3,15122,1,1,0.0,0.0,0.0,0.0,0.0,42.8806,44,1
sybil_type3,15123,1,1,0.0,0.0,0.0,0.0,0.0,43.5806,40,1
sybil_type3,15125,1,1,0.0,0.0,0.0,0.0,0.0,45.3606,43,1
sybil_type3,15126,1,1,0.0,0.0,0.0,0.0,0.0,45.4806,43,1
sybil_type3,15127,1,1,0.0,0.0,0.0,0.0,0.0,45.9106,43,1
sybil_type3,15128,1,1,0.0,0.0,0.0,0.0,0.0,46.6106,41,1
sybil_type3,15130,1,1,0.0,0.0,0.0,0.0,0.0,48.3006,46,1
sybil_type3,15131,1,1,0.0,0.0,0.0,0.0,0.0,48.4206,46,1
sybil_type3,15132,1,1,0.0,0.0,0.0,0.0,0.0,48.8506,46,1
sybil_type3,15133,1,1,0.0,0.0,0.0,0.0,0.0,49.5506,39,1
sybil_type3,15135,1,1,0.0,0.0,0.0,0.0,0.0,51.3306,44,1
sybil_type3,15136,1,1,0.0,0.0,0.0,0.0,0.0,51.4506,44,1
sybil_type3,15137,1,1,0.0,0.0,0.0,0.0,0.0,51.8806,44,1
sybil_type3,15138,1,1,0.0,0.0,0.0,0.0,0.0,52.5806,40,1
sybil_type3,15140,1,1,0.0,0.0,0.0,0.0,0.0,54.3606,43,1
sybil_type3,15141,1,1,0.0,0.0,0.0,0.0,0.0,54.4806,43,1
sybil_type3,15142,1,1,0.0,0.0,0.0,0.0,0.0,54.9106,43,1
sybil_type3,15143,1,1,0.0,0.0,0.0,0.0,0.0,55.6106,41,1
sybil_type3,15145,1,1,0.0,0.0,0.0,0.0,0.0,57.3006,46,1
sybil_type3,15146,1,1,0.0,0.0,0.0,0.0,0.0,57.4206,46,1
sybil_type3,15147,1,1,0.0,0.0,0.0,0.0,0.0,57.8506,46,1
sybil_type3,15148,1,1,0.0,0.0,0.0,0.0,0.0,58.5506,39,1
sybil_type3,15150,1,1,0.0,0.0,0.0,0.0,0.0,60.3306,46,1
sybil_type3,15151,1,1,0.0,0.0,0.0,0.0,0.0,60.4506,46,1
sybil_type3,15152,1,1,0.0,0.0,0.0,0.0,0.0,60.8806,46,1
sybil_type3,15153,1,1,0.0,0.0,0.0,0.0,0.0,61.5806,42,1
sybil_type3,15155,1,1,0.0,0.0,0.0,0.0,0.0,63.3606,45,1
sybil_type3,15156,1,1,0.0,0.0,0.0,0.0,0.0,63.4806,45,1
sybil_type3,15157,1,1,0.0,0.0,0.0,0.0,0.0,63.9106,45,1
sybil_type3,15158,1,1,0.0,0.0,0.0,0.0,0.0,64.6106,43,1
sybil_type3,15160,1,1,0.0,0.0,0.0,0.0,0.0,66.3006,48,1
sybil_type3,15161,1,1,0.0,0.0,0.0,0.0,0.0,66.4206,48,1
sybil_type3,15162,1,1,0.0,0.0,0.0,0.0,0.0,66.8506,48,1
sybil_type3,15163,1,1,0.0,0.0,0.0,0.0,0.0,67.5506,41,1
sybil_type3,15165,1,1,0.0,0.0,0.0,0.0,0.0,69.3306,46,1
sybil_type3,15166,1,1,0.0,0.0,0.0,0.0,0.0,69.4506,46,1
sybil_type3,15167,1,1,0.0,0.0,0.0,0.0,0.0,69.8806,46,1
sybil_type3,15168,1,1,0.0,0.0,0.0,0.0,0.0,70.5806,42,1
sybil_type3,15170,1,1,0.0,0.0,0.0,0.0,0.0,72.3606,45,1
sybil_type3,15171,1,1,0.0,0.0,0.0,0.0,0.0,72.4806,45,1
sybil_type3,15172,1,1,0.0,0.0,0.0,0.0,0.0,72.9106,45,1
sybil_type3,15173,1,1,0.0,0.0,0.0,0.0,0.0,73.6106,41,1
sybil_type3,15175,1,1,0.0,0.0,0.0,0.0,0.0,75.3006,45,1
sybil_type3,15176,1,1,0.0,0.0,0.0,0.0,0.0,75.4206,45,1
sybil_type3,15177,1,1,0.0,0.0,0.0,0.0,0.0,75.8506,45,1
sybil_type3,15178,1,1,0.0,0.0,0.0,0.0,0.0,76.5506,39,1
sybil_type3,15180,1,1,0.0,0.0,0.0,0.0,0.0,78.3306,42,1
sybil_type3,15181,1,1,0.0,0.0,0.0,0.0,0.0,78.4506,42,1
sybil_type3,15182,1,1,0.0,0.0,0.0,0.0,0.0,78.8806,42,1
sybil_type3,15183,1,1,0.0,0.0,0.0,0.0,0.0,79.5806,40,1
sybil_type3,15185,1,1,0.0,0.0,0.0,0.0,0.0,81.3606,42,1
sybil_type3,15186,1,1,0.0,0.0,0.0,0.0,0.0,81.4806,42,1
sybil_type3,15187,1,1,0.0,0.0,0.0,0.0,0.0,81.9106,42,1
sybil_type3,15188,1,1,0.0,0.0,0.0,0.0,0.0,82.6106,40,1
sybil_type3,15190,1,1,0.0,0.0,0.0,0.0,0.0,84.3006,43,1
sybil_type3,15191,1,1,0.0,0.0,0.0,0.0,0.0,84.4206,43,1
sybil_type3,15192,1,1,0.0,0.0,0.0,0.0,0.0,84.8506,43,1
sybil_type3,15193,1,1,0.0,0.0,0.0,0.0,0.0,85.5506,38,1
sybil_type3,15195,1,1,0.0,0.0,0.0,0.0,0.0,87.3306,43,1
sybil_type3,15196,1,1,0.0,0.0,0.0,0.0,0.0,87.4506,43,1
sybil_type3,15197,1,1,0.0,0.0,0.0,0.0,0.0,87.8806,43,1
sybil_type3,15198,1,1,0.0,0.0,0.0,0.0,0.0,88.5806,39,1
sybil_type3,15200,1,1,0.0,0.0,0.0,0.0,0.0,90.3606,42,1
sybil_type3,15201,1,1,0.0,0.0,0.0,0.0,0.0,90.4806,42,1
sybil_type3,15202,1,1,0.0,0.0,0.0,0.0,0.0,90.9106,42,1
sybil_type3,15203,1,1,0.0,0.0,0.0,0.0,0.0,91.6106,40,1
sybil_type3,15205,1,1,0.0,0.0,0.0,0.0,0.0,93.3006,46,1
sybil_type3,15206,1,1,0.0,0.0,0.0,0.0,0.0,93.4206,46,1
sybil_type3,15207,1,1,0.0,0.0,0.0,0.0,0.0,93.8506,46,1
sybil_type3,15208,1,1,0.0,0.0,0.0,0.0,0.0,94.5506,39,1
sybil_type3,15210,1,1,0.0,0.0,0.0,0.0,0.0,96.3306,42,1
sybil_type3,15211,1,1,0.0,0.0,0.0,0.0,0.0,96.4506,42,1
sybil_type3,15212,1,1,0.0,0.0,0.0,0.0,0.0,96.8806,42,1
sybil_type3,15213,1,1,0.0,0.0,0.0,0.0,0.0,97.5806,40,1
sybil_type3,15215,1,1,0.0,0.0,0.0,0.0,0.0,99.3606,42,1
sybil_type3,15216,1,1,0.0,0.0,0.0,0.0,0.0,99.4806,42,1
sybil_type3,15217,1,1,0.0,0.0,0.0,0.0,0.0,99.9106,42,1
sybil_type3,15218,1,1,0.0,0.0,0.0,0.0,0.0,100.611,41,1
sybil_type3,15220,1,1,0.0,0.0,0.0,0.0,0.0,102.301,46,1
sybil_type3,15221,1,1,0.0,0.0,0.0,0.0,0.0,102.421,46,1
sybil_type3,15222,1,1,0.0,0.0,0.0,0.0,0.0,102.851,46,1
sybil_type3,15223,1,1,0.0,0.0,0.0,0.0,0.0,103.551,39,1
sybil_type3,15225,1,1,0.0,0.0,0.0,0.0,0.0,105.331,46,1
sybil_type3,15226,1,1,0.0,0.0,0.0,0.0,0.0,105.451,46,1
sybil_type3,15227,1,1,0.0,0.0,0.0,0.0,0.0,105.881,46,1
sybil_type3,15228,1,1,0.0,0.0,0.0,0.0,0.0,106.581,42,1
sybil_type3,15230,1,1,0.0,0.0,0.0,0.0,0.0,108.361,45,1
sybil_type3,15231,1,1,0.0,0.0,0.0,0.0,0.0,108.481,45,1
sybil_type3,15232,1,1,0.0,0.0,0.0,0.0,0.0,108.911,45,1
sybil_type3,15233,1,1,0.0,0.0,0.0,0.0,0.0,109.611,43,1
sybil_type3,15235,1,1,0.0,0.0,0.0,0.0,0.0,111.301,48,1
sybil_type3,15236,1,1,0.0,0.0,0.0,0.0,0.0,111.421,48,1
sybil_type3,15237,1,1,0.0,0.0,0.0,0.0,0.0,111.851,48,1
sybil_type3,15238,1,1,0.0,0.0,0.0,0.0,0.0,112.551,41,1
sybil_type3,15240,1,1,0.0,0.0,0.0,0.0,0.0,114.331,43,1
sybil_type3,15241,1,1,0.0,0.0,0.0,0.0,0.0,114.451,43,1
sybil_type3,15242,1,1,0.0,0.0,0.0,0.0,0.0,114.881,43,1
sybil_type3,15243,1,1,0.0,0.0,0.0,0.0,0.0,115.581,41,1
sybil_type3,15245,1,1,0.0,0.0,0.0,0.0,0.0,117.361,42,1
sybil_type3,15246,1,1,0.0,0.0,0.0,0.0,0.0,117.481,42,1
sybil_type3,15247,1,1,0.0,0.0,0.0,0.0,0.0,117.911,42,1
sybil_type3,15248,1,1,0.0,0.0,0.0,0.0,0.0,118.611,40,1
sybil_type3,15865,1,1,0.0,0.0,0.0,0.0,0.0,9.7306,48,1
sybil_type3,15866,1,1,0.0,0.0,0.0,0.0,0.0,9.8506,48,1
sybil_type3,15867,1,1,0.0,0.0,0.0,0.0,0.0,10.2806,41,1
sybil_type3,15868,1,1,0.0,0.0,0.0,0.0,0.0,10.9806,41,1
sybil_type3,15870,1,1,0.0,0.0,0.0,0.0,0.0,12.7606,46,1
sybil_type3,15871,1,1,0.0,0.0,0.0,0.0,0.0,12.8806,46,1
sybil_type3,15872,1,1,0.0,0.0,0.0,0.0,0.0,13.3106,39,1
sybil_type3,15873,1,1,0.0,0.0,0.0,0.0,0.0,14.0106,44,1
sybil_type3,15875,1,1,0.0,0.0,0.0,0.0,0.0,15.7006,44,1
sybil_type3,15876,1,1,0.0,0.0,0.0,0.0,0.0,15.8206,44,1
sybil_type3,15877,1,1,0.0,0.0,0.0,0.0,0.0,16.2506,40,1
sybil_type3,15878,1,1,0.0,0.0,0.0,0.0,0.0,16.9506,40,1
sybil_type3,15880,1,1,0.0,0.0,0.0,0.0,0.0,18.7306,43,1
sybil_type3,15881,1,1,0.0,0.0,0.0,0.0,0.0,18.8506,43,1
sybil_type3,15882,1,1,0.0,0.0,0.0,0.0,0.0,19.2806,41,1
sybil_type3,15883,1,1,0.0,0.0,0.0,0.0,0.0,19.9806,41,1
sybil_type3,15885,1,1,0.0,0.0,0.0,0.0,0.0,21.7606,46,1
sybil_type3,15886,1,1,0.0,0.0,0.0,0.0,0.0,21.8806,46,1
sybil_type3,15887,1,1,0.0,0.0,0.0,0.0,0.0,22.3106,39,1
sybil_type3,15888,1,1,0.0,0.0,0.0,0.0,0.0,23.0106,44,1
sybil_type3,15890,1,1,0.0,0.0,0.0,0.0,0.0,24.7006,44,1
sybil_type3,15891,1,1,0.0,0.0,0.0,0.0,0.0,24.8206,44,1
sybil_type3,15892,1,1,0.0,0.0,0.0,0.0,0.0,25.2506,40,1
sybil_type3,15893,1,1,0.0,0.0,0.0,0.0,0.0,25.9506,40,1
sybil_type3,15895,1,1,0.0,0.0,0.0,0.0,0.0,27.7306,43,1
sybil_type3,15896,1,1,0.0,0.0,0.0,0.0,0.0,27.8506,43,1
sybil_type3,15897,1,1,0.0,0.0,0.0,0.0,0.0,28.2806,41,1
sybil_type3,15898,1,1,0.0,0.0,0.0,0.0,0.0,28.9806,41,1
sybil_type3,15900,1,1,0.0,0.0,0.0,0.0,0.0,30.7606,46,1
sybil_type3,15901,1,1,0.0,0.0,0.0,0.0,0.0,30.8806,46,1
sybil_type3,15902,1,1,0.0,0.0,0.0,0.0,0.0,31.3106,39,1
sybil_type3,15903,1,1,0.0,0.0,0.0,0.0,0.0,32.0106,44,1
sybil_type3,15905,1,1,0.0,0.0,0.0,0.0,0.0,33.7006,44,1
sybil_type3,15906,1,1,0.0,0.0,0.0,0.0,0.0,33.8206,44,1
sybil_type3,15907,1,1,0.0,0.0,0.0,0.0,0.0,34.2506,40,1
sybil_type3,15908,1,1,0.0,0.0,0.0,0.0,0.0,34.9506,40,1
sybil_type3,15910,1,1,0.0,0.0,0.0,0.0,0.0,36.7306,43,1
sybil_type3,15911,1,1,0.0,0.0,0.0,0.0,0.0,36.8506,43,1
sybil_type3,15912,1,1,0.0,0.0,0.0,0.0,0.0,37.2806,41,1
sybil_type3,15913,1,1,0.0,0.0,0.0,0.0,0.0,37.9806,41,1
sybil_type3,15915,1,1,0.0,0.0,0.0,0.0,0.0,39.7606,46,1
sybil_type3,15916,1,1,0.0,0.0,0.0,0.0,0.0,39.8806,46,1
sybil_type3,15917,1,1,0.0,0.0,0.0,0.0,0.0,40.3106,39,1
sybil_type3,15918,1,1,0.0,0.0,0.0,0.0,0.0,41.0106,44,1
sybil_type3,15920,1,1,0.0,0.0,0.0,0.0,0.0,42.7006,44,1
sybil_type3,15921,1,1,0.0,0.0,0.0,0.0,0.0,42.8206,44,1
sybil_type3,15922,1,1,0.0,0.0,0.0,0.0,0.0,43.2506,40,1
sybil_type3,15923,1,1,0.0,0.0,0.0,0.0,0.0,43.9506,40,1
sybil_type3,15925,1,1,0.0,0.0,0.0,0.0,0.0,45.7306,43,1
sybil_type3,15926,1,1,0.0,0.0,0.0,0.0,0.0,45.8506,43,1
sybil_type3,15927,1,1,0.0,0.0,0.0,0.0,0.0,46.2806,41,1
sybil_type3,15928,1,1,0.0,0.0,0.0,0.0,0.0,46.9806,41,1
sybil_type3,15930,1,1,0.0,0.0,0.0,0.0,0.0,48.7606,46,1
sybil_type3,15931,1,1,0.0,0.0,0.0,0.0,0.0,48.8806,46,1
sybil_type3,15932,1,1,0.0,0.0,0.0,0.0,0.0,49.3106,39,1
sybil_type3,15933,1,1,0.0,0.0,0.0,0.0,0.0,50.0106,44,1
sybil_type3,15935,1,1,0.0,0.0,0.0,0.0,0.0,51.7006,44,1
sybil_type3,15936,1,1,0.0,0.0,0.0,0.0,0.0,51.8206,44,1
sybil_type3,15937,1,1,0.0,0.0,0.0,0.0,0.0,52.2506,40,1
sybil_type3,15938,1,1,0.0,0.0,0.0,0.0,0.0,52.9506,40,1
sybil_type3,15940,1,1,0.0,0.0,0.0,0.0,0.0,54.7306,43,1
sybil_type3,15941,1,1,0.0,0.0,0.0,0.0,0.0,54.8506,43,1
sybil_type3,15942,1,1,0.0,0.0,0.0,0.0,0.0,55.2806,41,1
sybil_type3,15943,1,1,0.0,0.0,0.0,0.0,0.0,55.9806,41,1
sybil_type3,15945,1,1,0.0,0.0,0.0,0.0,0.0,57.7606,46,1
sybil_type3,15946,1,1,0.0,0.0,0.0,0.0,0.0,57.8806,46,1
sybil_type3,15947,1,1,0.0,0.0,0.0,0.0,0.0,58.3106,39,1
sybil_type3,15948,1,1,0.0,0.0,0.0,0.0,0.0,59.0106,45,1
sybil_type3,15950,1,1,0.0,0.0,0.0,0.0,0.0,60.7006,46,1
sybil_type3,15951,1,1,0.0,0.0,0.0,0.0,0.0,60.8206,46,1
sybil_type3,15952,1,1,0.0,0.0,0.0,0.0,0.0,61.2506,42,1
sybil_type3,15953,1,1,0.0,0.0,0.0,0.0,0.0,61.9506,42,1
sybil_type3,15955,1,1,0.0,0.0,0.0,0.0,0.0,63.7306,45,1
sybil_type3,15956,1,1,0.0,0.0,0.0,0.0,0.0,63.8506,45,1
sybil_type3,15957,1,1,0.0,0.0,0.0,0.0,0.0,64.2806,43,1
sybil_type3,15958,1,1,0.0,0.0,0.0,0.0,0.0,64.9806,43,1
sybil_type3,15960,1,1,0.0,0.0,0.0,0.0,0.0,66.7606,48,1
sybil_type3,15961,1,1,0.0,0.0,0.0,0.0,0.0,66.8806,48,1
sybil_type3,15962,1,1,0.0,0.0,0.0,0.0,0.0,67.3106,41,1
sybil_type3,15963,1,1,0.0,0.0,0.0,0.0,0.0,68.0106,42,1
sybil_type3,15965,1,1,0.0,0.0,0.0,0.0,0.0,69.7006,46,1
sybil_type3,15966,1,1,0.0,0.0,0.0,0.0,0.0,69.8206,46,1
sybil_type3,15967,1,1,0.0,0.0,0.0,0.0,0.0,70.2506,42,1
sybil_type3,15968,1,1,0.0,0.0,0.0,0.0,0.0,70.9506,42,1
sybil_type3,15970,1,1,0.0,0.0,0.0,0.0,0.0,72.7306,45,1
sybil_type3,15971,1,1,0.0,0.0,0.0,0.0,0.0,72.8506,45,1
sybil_type3,15972,1,1,0.0,0.0,0.0,0.0,0.0,73.2806,41,1
sybil_type3,15973,1,1,0.0,0.0,0.0,0.0,0.0,73.9806,41,1
sybil_type3,15975,1,1,0.0,0.0,0.0,0.0,0.0,75.7606,45,1
sybil_type3,15976,1,1,0.0,0.0,0.0,0.0,0.0,75.8806,45,1
sybil_type3,15977,1,1,0.0,0.0,0.0,0.0,0.0,76.3106,39,1
sybil_type3,15978,1,1,0.0,0.0,0.0,0.0,0.0,77.0106,41,1
sybil_type3,15980,1,1,0.0,0.0,0.0,0.0,0.0,78.7006,42,1
sybil_type3,15981,1,1,0.0,0.0,0.0,0.0,0.0,78.8206,42,1
sybil_type3,15982,1,1,0.0,0.0,0.0,0.0,0.0,79.2506,40,1
sybil_type3,15983,1,1,0.0,0.0,0.0,0.0,0.0,79.9506,40,1
sybil_type3,15985,1,1,0.0,0.0,0.0,0.0,0.0,81.7306,42,1
sybil_type3,15986,1,1,0.0,0.0,0.0,0.0,0.0,81.8506,42,1
sybil_type3,15987,1,1,0.0,0.0,0.0,0.0,0.0,82.2806,40,1
sybil_type3,15988,1,1,0.0,0.0,0.0,0.0,0.0,82.9806,40,1
sybil_type3,15990,1,1,0.0,0.0,0.0,0.0,0.0,84.7606,43,1
sybil_type3,15991,1,1,0.0,0.0,0.0,0.0,0.0,84.8806,43,1
sybil_type3,15992,1,1,0.0,0.0,0.0,0.0,0.0,85.3106,38,1
sybil_type3,15993,1,1,0.0,0.0,0.0,0.0,0.0,86.0106,42,1
sybil_type3,15995,1,1,0.0,0.0,0.0,0.0,0.0,87.7006,43,1
sybil_type3,15996,1,1,0.0,0.0,0.0,0.0,0.0,87.8206,43,1
sybil_type3,15997,1,1,0.0,0.0,0.0,0.0,0.0,88.2506,39,1
sybil_type3,15998,1,1,0.0,0.0,0.0,0.0,0.0,88.9506,39,1
sybil_type3,16000,1,1,0.0,0.0,0.0,0.0,0.0,90.7306,42,1
sybil_type3,16001,1,1,0.0,0.0,0.0,0.0,0.0,90.8506,42,1
sybil_type3,16002,1,1,0.0,0.0,0.0,0.0,0.0,91.2806,40,1
sybil_type3,16003,1,1,0.0,0.0,0.0,0.0,0.0,91.9806,40,1
sybil_type3,16005,1,1,0.0,0.0,0.0,0.0,0.0,93.7606,46,1
sybil_type3,16006,1,1,0.0,0.0,0.0,0.0,0.0,93.8806,46,1
sybil_type3,16007,1,1,0.0,0.0,0.0,0.0,0.0,94.3106,39,1
sybil_type3,16008,1,1,0.0,0.0,0.0,0.0,0.0,95.0106,42,1
sybil_type3,16010,1,1,0.0,0.0,0.0,0.0,0.0,96.7006,42,1
sybil_type3,16011,1,1,0.0,0.0,0.0,0.0,0.0,96.8206,42,1
sybil_type3,16012,1,1,0.0,0.0,0.0,0.0,0.0,97.2506,40,1
sybil_type3,16013,1,1,0.0,0.0,0.0,0.0,0.0,97.9506,40,1
sybil_type3,16015,1,1,0.0,0.0,0.0,0.0,0.0,99.7306,42,1
sybil_type3,16016,1,1,0.0,0.0,0.0,0.0,0.0,99.8506,42,1
sybil_type3,16017,1,1,0.0,0.0,0.0,0.0,0.0,100.281,41,1
sybil_type3,16018,1,1,0.0,0.0,0.0,0.0,0.0,100.981,41,1
sybil_type3,16020,1,1,0.0,0.0,0.0,0.0,0.0,102.761,46,1
sybil_type3,16021,1,1,0.0,0.0,0.0,0.0,0.0,102.881,46,1
sybil_type3,16022,1,1,0.0,0.0,0.0,0.0,0.0,103.311,39,1
sybil_type3,16023,1,1,0.0,0.0,0.0,0.0,0.0,104.011,44,1
sybil_type3,16025,1,1,0.0,0.0,0.0,0.0,0.0,105.701,46,1
sybil_type3,16026,1,1,0.0,0.0,0.0,0.0,0.0,105.821,46,1
sybil_type3,16027,1,1,0.0,0.0,0.0,0.0,0.0,106.251,42,1
sybil_type3,16028,1,1,0.0,0.0,0.0,0.0,0.0,106.951,42,1
sybil_type3,16030,1,1,0.0,0.0,0.0,0.0,0.0,108.731,45,1
sybil_type3,16031,1,1,0.0,0.0,0.0,0.0,0.0,108.851,45,1
sybil_type3,16032,1,1,0.0,0.0,0.0,0.0,0.0,109.281,43,1
sybil_type3,16033,1,1,0.0,0.0,0.0,0.0,0.0,109.981,43,1
sybil_type3,16035,1,1,0.0,0.0,0.0,0.0,0.0,111.761,48,1
sybil_type3,16036,1,1,0.0,0.0,0.0,0.0,0.0,111.881,48,1
sybil_type3,16037,1,1,0.0,0.0,0.0,0.0,0.0,112.311,41,1
sybil_type3,16038,1,1,0.0,0.0,0.0,0.0,0.0,113.011,44,1
sybil_type3,16040,1,1,0.0,0.0,0.0,0.0,0.0,114.701,43,1
sybil_type3,16041,1,1,0.0,0.0,0.0,0.0,0.0,114.821,43,1
sybil_type3,16042,1,1,0.0,0.0,0.0,0.0,0.0,115.251,41,1
sybil_type3,16043,1,1,0.0,0.0,0.0,0.0,0.0,115.951,41,1
sybil_type3,16045,1,1,0.0,0.0,0.0,0.0,0.0,117.731,42,1
sybil_type3,16046,1,1,0.0,0.0,0.0,0.0,0.0,117.851,42,1
sybil_type3,16047,1,1,0.0,0.0,0.0,0.0,0.0,118.281,40,1
sybil_type3,16048,1,1,0.0,0.0,0.0,0.0,0.0,118.981,40,1
sybil_type3,16665,1,1,0.0,0.0,0.0,0.0,0.0,10.1006,41,1
sybil_type3,16666,1,1,0.0,0.0,0.0,0.0,0.0,10.2206,41,1
sybil_type3,16667,1,1,0.0,0.0,0.0,0.0,0.0,10.6506,41,1
sybil_type3,16668,1,1,0.0,0.0,0.0,0.0,0.0,11.3506,42,1
sybil_type3,16670,1,1,0.0,0.0,0.0,0.0,0.0,13.1306,39,1
sybil_type3,16671,1,1,0.0,0.0,0.0,0.0,0.0,13.2506,39,1
sybil_type3,16672,1,1,0.0,0.0,0.0,0.0,0.0,13.6806,39,1
sybil_type3,16673,1,1,0.0,0.0,0.0,0.0,0.0,14.3806,44,1
sybil_type3,16675,1,1,0.0,0.0,0.0,0.0,0.0,16.1606,40,1
sybil_type3,16676,1,1,0.0,0.0,0.0,0.0,0.0,16.2806,40,1
sybil_type3,16677,1,1,0.0,0.0,0.0,0.0,0.0,16.7106,40,1
sybil_type3,16678,1,1,0.0,0.0,0.0,0.0,0.0,17.4106,45,1
sybil_type3,16680,1,1,0.0,0.0,0.0,0.0,0.0,19.1006,41,1
sybil_type3,16681,1,1,0.0,0.0,0.0,0.0,0.0,19.2206,41,1
sybil_type3,16682,1,1,0.0,0.0,0.0,0.0,0.0,19.6506,41,1
sybil_type3,16683,1,1,0.0,0.0,0.0,0.0,0.0,20.3506,42,1
sybil_type3,16685,1,1,0.0,0.0,0.0,0.0,0.0,22.1306,39,1
sybil_type3,16686,1,1,0.0,0.0,0.0,0.0,0.0,22.2506,39,1
sybil_type3,16687,1,1,0.0,0.0,0.0,0.0,0.0,22.6806,39,1
sybil_type3,16688,1,1,0.0,0.0,0.0,0.0,0.0,23.3806,44,1
sybil_type3,16690,1,1,0.0,0.0,0.0,0.0,0.0,25.1606,40,1
sybil_type3,16691,1,1,0.0,0.0,0.0,0.0,0.0,25.2806,40,1
sybil_type3,16692,1,1,0.0,0.0,0.0,0.0,0.0,25.7106,40,1
sybil_type3,16693,1,1,0.0,0.0,0.0,0.0,0.0,26.4106,45,1
sybil_type3,16695,1,1,0.0,0.0,0.0,0.0,0.0,28.1006,41,1
sybil_type3,16696,1,1,0.0,0.0,0.0,0.0,0.0,28.2206,41,1
sybil_type3,16697,1,1,0.0,0.0,0.0,0.0,0.0,28.6506,41,1
sybil_type3,16698,1,1,0.0,0.0,0.0,0.0,0.0,29.3506,42,1
sybil_type3,16700,1,1,0.0,0.0,0.0,0.0,0.0,31.1306,39,1
sybil_type3,16701,1,1,0.0,0.0,0.0,0.0,0.0,31.2506,39,1
sybil_type3,16702,1,1,0.0,0.0,0.0,0.0,0.0,31.6806,39,1
sybil_type3,16703,1,1,0.0,0.0,0.0,0.0,0.0,32.3806,44,1
sybil_type3,16705,1,1,0.0,0.0,0.0,0.0,0.0,34.1606,40,1
sybil_type3,16706,1,1,0.0,0.0,0.0,0.0,0.0,34.2806,40,1
sybil_type3,16707,1,1,0.0,0.0,0.0,0.0,0.0,34.7106,40,1
sybil_type3,16708,1,1,0.0,0.0,0.0,0.0,0.0,35.4106,45,1
sybil_type3,16710,1,1,0.0,0.0,0.0,0.0,0.0,37.1006,41,1
sybil_type3,16711,1,1,0.0,0.0,0.0,0.0,0.0,37.2206,41,1
sybil_type3,16712,1,1,0.0,0.0,0.0,0.0,0.0,37.6506,41,1
sybil_type3,16713,1,1,0.0,0.0,0.0,0.0,0.0,38.3506,42,1
sybil_type3,16715,1,1,0.0,0.0,0.0,0.0,0.0,40.1306,39,1
sybil_type3,16716,1,1,0.0,0.0,0.0,0.0,0.0,40.2506,39,1
sybil_type3,16717,1,1,0.0,0.0,0.0,0.0,0.0,40.6806,39,1
sybil_type3,16718,1,1,0.0,0.0,0.0,0.0,0.0,41.3806,44,1
sybil_type3,16720,1,1,0.0,0.0,0.0,0.0,0.0,43.1606,40,1
sybil_type3,16721,1,1,0.0,0.0,0.0,0.0,0.0,43.2806,40,1
sybil_type3,16722,1,1,0.0,0.0,0.0,0.0,0.0,43.7106,40,1
sybil_type3,16723,1,1,0.0,0.0,0.0,0.0,0.0,44.4106,45,1
sybil_type3,16725,1,1,0.0,0.0,0.0,0.0,0.0,46.1006,41,1
sybil_type3,16726,1,1,0.0,0.0,0.0,0.0,0.0,46.2206,41,1
sybil_type3,16727,1,1,0.0,0.0,0.0,0.0,0.0,46.6506,41,1
sybil_type3,16728,1,1,0.0,0.0,0.0,0.0,0.0,47.3506,42,1
sybil_type3,16730,1,1,0.0,0.0,0.0,0.0,0.0,49.1306,39,1
sybil_type3,16731,1,1,0.0,0.0,0.0,0.0,0.0,49.2506,39,1
sybil_type3,16732,1,1,0.0,0.0,0.0,0.0,0.0,49.6806,39,1
sybil_type3,16733,1,1,0.0,0.0,0.0,0.0,0.0,50.3806,44,1
sybil_type3,16735,1,1,0.0,0.0,0.0,0.0,0.0,52.1606,40,1
sybil_type3,16736,1,1,0.0,0.0,0.0,0.0,0.0,52.2806,40,1
sybil_type3,16737,1,1,0.0,0.0,0.0,0.0,0.0,52.7106,40,1
sybil_type3,16738,1,1,0.0,0.0,0.0,0.0,0.0,53.4106,45,1
sybil_type3,16740,1,1,0.0,0.0,0.0,0.0,0.0,55.1006,41,1
sybil_type3,16741,1,1,0.0,0.0,0.0,0.0,0.0,55.2206,41,1
sybil_type3,16742,1,1,0.0,0.0,0.0,0.0,0.0,55.6506,41,1
sybil_type3,16743,1,1,0.0,0.0,0.0,0.0,0.0,56.3506,42,1
sybil_type3,16745,1,1,0.0,0.0,0.0,0.0,0.0,58.1306,39,1
sybil_type3,16746,1,1,0.0,0.0,0.0,0.0,0.0,58.2506,39,1
sybil_type3,16747,1,1,0.0,0.0,0.0,0.0,0.0,58.6806,39,1
sybil_type3,16748,1,1,0.0,0.0,0.0,0.0,0.0,59.3806,45,1
sybil_type3,16750,1,1,0.0,0.0,0.0,0.0,0.0,61.1606,42,1
sybil_type3,16751,1,1,0.0,0.0,0.0,0.0,0.0,61.2806,42,1
sybil_type3,16752,1,1,0.0,0.0,0.0,0.0,0.0,61.7106,42,1
sybil_type3,16753,1,1,0.0,0.0,0.0,0.0,0.0,62.4106,45,1
sybil_type3,16755,1,1,0.0,0.0,0.0,0.0,0.0,64.1006,43,1
sybil_type3,16756,1,1,0.0,0.0,0.0,0.0,0.0,64.2206,43,1
sybil_type3,16757,1,1,0.0,0.0,0.0,0.0,0.0,64.6506,43,1
sybil_type3,16758,1,1,0.0,0.0,0.0,0.0,0.0,65.3506,41,1
sybil_type3,16760,1,1,0.0,0.0,0.0,0.0,0.0,67.1306,41,1
sybil_type3,16761,1,1,0.0,0.0,0.0,0.0,0.0,67.2506,41,1
sybil_type3,16762,1,1,0.0,0.0,0.0,0.0,0.0,67.6806,41,1
sybil_type3,16763,1,1,0.0,0.0,0.0,0.0,0.0,68.3806,42,1
sybil_type3,16765,1,1,0.0,0.0,0.0,0.0,0.0,70.1606,42,1
sybil_type3,16766,1,1,0.0,0.0,0.0,0.0,0.0,70.2806,42,1
sybil_type3,16767,1,1,0.0,0.0,0.0,0.0,0.0,70.7106,42,1
sybil_type3,16768,1,1,0.0,0.0,0.0,0.0,0.0,71.4106,44,1
sybil_type3,16770,1,1,0.0,0.0,0.0,0.0,0.0,73.1006,41,1
sybil_type3,16771,1,1,0.0,0.0,0.0,0.0,0.0,73.2206,41,1
sybil_type3,16772,1,1,0.0,0.0,0.0,0.0,0.0,73.6506,41,1
sybil_type3,16773,1,1,0.0,0.0,0.0,0.0,0.0,74.3506,40,1
sybil_type3,16775,1,1,0.0,0.0,0.0,0.0,0.0,76.1306,39,1
sybil_type3,16776,1,1,0.0,0.0,0.0,0.0,0.0,76.2506,39,1
sybil_type3,16777,1,1,0.0,0.0,0.0,0.0,0.0,76.6806,39,1
sybil_type3,16778,1,1,0.0,0.0,0.0,0.0,0.0,77.3806,41,1
sybil_type3,16780,1,1,0.0,0.0,0.0,0.0,0.0,79.1606,40,1
sybil_type3,16781,1,1,0.0,0.0,0.0,0.0,0.0,79.2806,40,1
sybil_type3,16782,1,1,0.0,0.0,0.0,0.0,0.0,79.7106,40,1
sybil_type3,16783,1,1,0.0,0.0,0.0,0.0,0.0,80.4106,43,1
sybil_type3,16785,1,1,0.0,0.0,0.0,0.0,0.0,82.1006,40,1
sybil_type3,16786,1,1,0.0,0.0,0.0,0.0,0.0,82.2206,40,1
sybil_type3,16787,1,1,0.0,0.0,0.0,0.0,0.0,82.6506,40,1
sybil_type3,16788,1,1,0.0,0.0,0.0,0.0,0.0,83.3506,38,1
sybil_type3,16790,1,1,0.0,0.0,0.0,0.0,0.0,85.1306,38,1
sybil_type3,16791,1,1,0.0,0.0,0.0,0.0,0.0,85.2506,38,1
sybil_type3,16792,1,1,0.0,0.0,0.0,0.0,0.0,85.6806,38,1
sybil_type3,16793,1,1,0.0,0.0,0.0,0.0,0.0,86.3806,42,1
sybil_type3,16795,1,1,0.0,0.0,0.0,0.0,0.0,88.1606,39,1
sybil_type3,16796,1,1,0.0,0.0,0.0,0.0,0.0,88.2806,39,1
sybil_type3,16797,1,1,0.0,0.0,0.0,0.0,0.0,88.7106,39,1
sybil_type3,16798,1,1,0.0,0.0,0.0,0.0,0.0,89.4106,43,1
sybil_type3,16800,1,1,0.0,0.0,0.0,0.0,0.0,91.1006,40,1
sybil_type3,16801,1,1,0.0,0.0,0.0,0.0,0.0,91.2206,40,1
sybil_type3,16802,1,1,0.0,0.0,0.0,0.0,0.0,91.6506,40,1
sybil_type3,16803,1,1,0.0,0.0,0.0,0.0,0.0,92.3506,42,1
sybil_type3,16805,1,1,0.0,0.0,0.0,0.0,0.0,94.1306,39,1
sybil_type3,16806,1,1,0.0,0.0,0.0,0.0,0.0,94.2506,39,1
sybil_type3,16807,1,1,0.0,0.0,0.0,0.0,0.0,94.6806,39,1
sybil_type3,16808,1,1,0.0,0.0,0.0,0.0,0.0,95.3806,42,1
sybil_type3,16810,1,1,0.0,0.0,0.0,0.0,0.0,97.1606,40,1
sybil_type3,16811,1,1,0.0,0.0,0.0,0.0,0.0,97.2806,40,1
sybil_type3,16812,1,1,0.0,0.0,0.0,0.0,0.0,97.7106,40,1
sybil_type3,16813,1,1,0.0,0.0,0.0,0.0,0.0,98.4106,43,1
sybil_type3,16815,1,1,0.0,0.0,0.0,0.0,0.0,100.101,41,1
sybil_type3,16816,1,1,0.0,0.0,0.0,0.0,0.0,100.221,41,1
sybil_type3,16817,1,1,0.0,0.0,0.0,0.0,0.0,100.651,41,1
sybil_type3,16818,1,1,0.0,0.0,0.0,0.0,0.0,101.351,42,1
sybil_type3,16820,1,1,0.0,0.0,0.0,0.0,0.0,103.131,39,1
sybil_type3,16821,1,1,0.0,0.0,0.0,0.0,0.0,103.251,39,1
sybil_type3,16822,1,1,0.0,0.0,0.0,0.0,0.0,103.681,39,1
sybil_type3,16823,1,1,0.0,0.0,0.0,0.0,0.0,104.381,44,1
sybil_type3,16825,1,1,0.0,0.0,0.0,0.0,0.0,106.161,42,1
sybil_type3,16826,1,1,0.0,0.0,0.0,0.0,0.0,106.281,42,1
sybil_type3,16827,1,1,0.0,0.0,0.0,0.0,0.0,106.711,42,1
sybil_type3,16828,1,1,0.0,0.0,0.0,0.0,0.0,107.411,45,1
sybil_type3,16830,1,1,0.0,0.0,0.0,0.0,0.0,109.101,43,1
sybil_type3,16831,1,1,0.0,0.0,0.0,0.0,0.0,109.221,43,1
sybil_type3,16832,1,1,0.0,0.0,0.0,0.0,0.0,109.651,43,1
sybil_type3,16833,1,1,0.0,0.0,0.0,0.0,0.0,110.351,42,1
sybil_type3,16835,1,1,0.0,0.0,0.0,0.0,0.0,112.131,41,1
sybil_type3,16836,1,1,0.0,0.0,0.0,0.0,0.0,112.251,41,1
sybil_type3,16837,1,1,0.0,0.0,0.0,0.0,0.0,112.681,41,1
sybil_type3,16838,1,1,0.0,0.0,0.0,0.0,0.0,113.381,44,1
sybil_type3,16840,1,1,0.0,0.0,0.0,0.0,0.0,115.161,41,1
sybil_type3,16841,1,1,0.0,0.0,0.0,0.0,0.0,115.281,41,1
sybil_type3,16842,1,1,0.0,0.0,0.0,0.0,0.0,115.711,41,1
sybil_type3,16843,1,1,0.0,0.0,0.0,0.0,0.0,116.411,45,1
sybil_type3,16845,1,1,0.0,0.0,0.0,0.0,0.0,118.101,40,1
sybil_type3,16846,1,1,0.0,0.0,0.0,0.0,0.0,118.221,40,1
sybil_type3,16847,1,1,0.0,0.0,0.0,0.0,0.0,118.651,40,1
sybil_type3,16848,1,1,0.0,0.0,0.0,0.0,0.0,119.351,32,1
sybil_type4,0,120,0,116.99157,0.9831224369747898,0.12874410690905017,0.13095429629824584,1.025714929716731,1.01643,20,0
sybil_type4,1,118,0,116.98602000000001,0.9998805128205129,0.008245001992520352,0.0082459872822828,1.008667531385374,1.06898,20,0
sybil_type4,2,122,0,117.00532,0.9669861157024793,0.17885937590569723,0.18496581595255127,1.0426876316393134,1.10568,20,0
sybil_type4,3,103,0,117.00207,1.147079117647059,0.9843360687615327,0.8581239546759841,0.8803263053380166,1.16093,20,0
sybil_type4,4,109,0,111.99216,1.0369644444444444,0.38231876052905084,0.3686903274045031,0.9732824154833696,1.20984,20,0
sybil_type4,5,91,0,99.00692,1.1000768888888888,1.0663200260383006,0.9693140877773702,0.9191276730959816,1.25808,20,0
sybil_type4,6,86,0,117.00605,1.3765417647058824,2.479062844687211,1.8009354370856288,0.7350047283879765,1.30095,20,0
sybil_type4,7,121,0,117.00299,0.9750249166666666,0.156270311623779,0.16027314682174773,1.0341616056136684,1.35301,20,0
sybil_type4,8,114,0,116.98876,1.0352987610619468,0.47845785049031275,0.46214471463245993,0.9744525884367011,1.41324,20,0
sybil_type4,9,126,0,116.99849999999999,0.9359879999999999,0.2446833558246242,0.2614171931954514,1.0769368838062028,1.4595,20,0
sybil_type4,10,125,0,117.00279,0.9435708870967742,0.23089389407122526,0.24470222346690992,1.0683505923234822,1.51821,20,0
sybil_type4,11,109,0,116.9984,1.0833185185185186,0.6257913236526346,0.5776614291689847,0.9316366719544882,1.5706,20,0
sybil_type4,12,108,0,116.98683,1.0933348598130839,0.9892574125526687,0.9048073457767475,0.9231808400996933,1.61617,20,0
sybil_type4,13,108,0,106.99851,0.9999860747663553,0.009243708115941964,0.009243836838529714,1.009359849964266,1.65649,20,0
sybil_type4,14,119,0,117.00707,0.9915853389830508,0.09205452754663505,0.09283570856447339,1.017032560511087,1.70693,20,0
sybil_type4,15,103,0,116.98417,1.1469036274509805,1.0607799410023364,0.9249076518834839,0.8804610059634563,1.76883,20,0
sybil_type4,16,108,0,116.99020999999999,1.0933664485981307,0.9628307128823996,0.8806111748873412,0.9231541681992024,1.81879,20,0
sybil_type4,17,116,0,117.00784,1.0174594782608695,0.18676925073164083,0.1835643135890612,0.9913865600800766,1.85716,20,0
sybil_type4,18,125,0,117.0054,0.9435919354838709,0.23088254449198298,0.2446847369181755,1.0683267609870999,1.9026,20,0
sybil_type4,19,119,0,117.01230000000001,0.9916296610169493,0.09209037387752335,0.09286770807468749,1.0169871030652333,1.9557,20,0
sybil_type4,20,107,0,115.0039,1.0849424528301888,0.6160992631901269,0.5678635411334176,0.930403229803511,2.0041,23,0
sybil_type4,21,118,0,117.00413999999999,1.0000353846153847,0.008492298928522692,0.00849199844242396,1.0085113227617417,2.06686,23,0
sybil_type4,22,119,0,117.00929,0.9916041525423728,0.09196750605537089,0.0927461889097333,1.0170132645023315,2.10971,23,0
sybil_type4,23,107,0,116.98787,1.1036591509433962,1.0649719369959487,0.9649464112952101,0.9146247384451055,2.16713,23,0
sybil_type4,24,115,0,116.98408,1.0261761403508773,0.383988789030217,0.3741938385927789,0.9830397435274953,2.21892,23,0
sybil_type4,25,105,0,116.99273,1.1249300961538462,1.2682504710165274,1.1274038052254944,0.8974916646530088,2.26927,23,0
sybil_type4,26,120,0,116.99849,0.9831805882352941,0.18229752271693062,0.18541611266363134,1.0256542627174077,2.30751,23,0
sybil_type4,27,114,0,110.00331,0.9734806194690265,0.16092897397367004,0.1653129715735346,1.03633245217803,2.35469,23,0
sybil_type4,28,119,0,112.01164,0.949251186440678,0.21978533909237075,0.2315354905338387,1.0623895873678844,2.40736,23,0
sybil_type4,29,119,0,116.99623,0.9914934745762712,0.09190575667937607,0.09269426278236809,1.0171267911795108,2.46277,23,0
sybil_type4,30,121,0,116.99398000000001,0.9749498333333334,0.15629469818254307,0.16031050300113875,1.034241248994179,2.51602,23,0
sybil_type4,31,118,0,116.99437,0.9999518803418803,0.008170822378723963,0.008171215574823846,1.008595541819662,2.56463,23,0
sybil_type4,32,119,0,117.00529,0.9915702542372882,0.09200681949174412,0.09278900723228672,1.0170480326145936,2.60171,23,0
sybil_type4,33,121,0,117.00773000000001,0.9750644166666668,0.15625836791350686,0.16025440498350682,1.0341197115780298,2.66027,23,0
sybil_type4,34,118,0,116.9986,0.9999880341880342,0.008379417624472304,0.008379517892207766,1.0085590767752777,2.7034,23,0
sybil_type4,35,128,0,116.99878,0.9212502362204724,0.26941792354099403,0.29244814595251545,1.0940285018356601,2.75922,23,0
sybil_type4,36,122,0,116.99425,0.9668946280991735,0.17893227024660857,0.1850587075846859,1.0427862907792478,2.81175,23,0
sybil_type4,37,118,0,116.99123,0.9999250427350428,0.009107305100563439,0.009107987810418971,1.0086226121393886,2.86877,23,0
sybil_type4,38,135,0,117.00680000000001,0.8731850746268657,0.33270867408748794,0.3810288148015618,1.1537790965995138,2.9142,23,0
sybil_type4,39,118,0,117.00269,1.0000229914529914,0.008906183702642725,0.008905978941246555,1.0085238211189844,2.96531,23,0
sybil_type4,40,118,0,116.00631,0.9915069230769232,0.09234382092120419,0.0931348221297694,1.0171860478968773,3.00969,23,0
sybil_type4,41,117,0,116.00098,1.000008448275862,0.008215277673171754,0.008215208268826036,1.008612168621334,3.05802,23,0
sybil_type4,42,117,0,116.01006000000001,1.000086724137931,0.008599421870690386,0.008598676157913243,1.0085332254806176,3.10994,23,0
sybil_type4,43,118,0,115.98886,0.9913577777777778,0.09230735595981791,0.09311205099609304,1.0173390789425811,3.16314,23,0
sybil_type4,44,117,0,115.99157,0.9999273275862068,0.00854209408204413,0.008542714901756388,1.0086939938824866,3.21543,23,0
sybil_type4,45,125,0,115.99962000000001,0.9354808064516129,0.24569398514831298,0.2626392582871462,1.0775897369318967,3.26638,23,0
sybil_type4,46,117,0,116.01095,1.0000943965517242,0.008279289104997013,0.008278507642422146,1.0085254883267485,3.30105,23,0
sybil_type4,47,123,0,116.00529,0.9508630327868851,0.2161634386932425,0.22733393900032997,1.060296474410779,3.36071,23,0
sybil_type4,48,118,0,116.00237,0.991473247863248,0.09228158983204646,0.09307521915586237,1.0172205964412624,3.40563,23,0
sybil_type4,49,123,0,116.00358999999999,0.9508490983606558,0.21638036764754223,0.2275654128721374,1.0603120127575363,3.45341,23,0
sybil_type4,50,117,0,116.00165,1.000014224137931,0.007343279140546261,0.007343174690216615,1.00860634309943,3.50335,23,0
sybil_type4,51,121,0,115.9865,0.9665541666666667,0.17955387219245844,0.18576700446254532,1.0432248580653782,3.5685,23,0
sybil_type4,52,129,0,116.00447,0.906284921875,0.2914925651442396,0.3216345744130607,1.1120261141661179,3.61153,23,0
sybil_type4,53,119,0,116.0063,0.9831042372881357,0.12926543809323257,0.13148701143818434,1.0258063570685385,3.6547,23,0
sybil_type4,54,125,0,116.00506,0.9355246774193547,0.2456390375893029,0.2625682074650327,1.0775392038933473,3.71094,23,0
sybil_type4,55,117,0,115.99455,0.9999530172413793,0.008746590391830868,0.008747001350083954,1.0086680796640877,3.76545,23,0
sybil_type4,56,124,0,115.99512999999999,0.9430498373983739,0.2317746378655287,0.24577135658591903,1.06901039724685,3.81887,23,0
sybil_type4,57,117,0,115.98075,0.9998340517241379,0.00842339046105466,0.008424788540187408,1.0087880963004636,3.87025,23,0
sybil_type4,58,117,0,115.98803,0.9998968103448277,0.007952064967031283,0.0079528856225563,1.008724779617345,3.91997,23,0
sybil_type4,59,120,0,116.01132999999999,0.9748851260504202,0.1570016645411173,0.1610463226341165,1.0343817280605265,3.95467,23,0
sybil_type4,60,122,0,114.99837,0.9503997520661156,0.21719506673492464,0.22853022242772558,1.0608846021034908,4.01563,23,0
sybil_type4,61,123,0,115.01083,0.9427117213114755,0.23273235879577098,0.24687542706268667,1.069464501734315,4.05817,23,0
sybil_type4,62,119,0,115.00872,0.9746501694915254,0.15761787414225567,0.16171738237575525,1.0347041511287145,4.10928,23,0
sybil_type4,63,116,0,115.00811999999999,1.0000706086956521,0.008153364446865976,0.008152788789083652,1.008624434518189,4.15788,23,0
sybil_type4,64,120,0,114.99092,0.9663102521008403,0.18035689560061915,0.18664491575920672,1.043560656789249,4.21108,23,0
sybil_type4,65,120,0,115.00399999999999,0.9664201680672269,0.18040095372301507,0.18666927666027958,1.0434419672359223,4.257,23,0
sybil_type4,66,125,0,114.99723,0.9273970161290322,0.25936144095917396,0.2796660291638118,1.0869827038442579,4.31077,23,0
sybil_type4,67,117,0,115.00751,0.9914440517241381,0.09279896740636201,0.09359980247496874,1.0173248686107543,4.36149,23,0
sybil_type4,68,116,0,115.00512,1.0000445217391305,0.007817755848733541,0.007817407804142609,1.0086507452885576,4.40888,23,0
sybil_type4,69,126,0,114.99584,0.91996672,0.27132626493954054,0.29493052198620895,1.0956918093732781,4.46016,23,0
sybil_type4,70,117,0,114.99217,0.9913118103448276,0.09270986027609092,0.09352240062976937,1.0174605801421088,4.51583,23,0
sybil_type4,73,116,0,114.99886000000001,0.9999900869565218,0.009296568557749801,0.00929666071595168,1.0087056515168933,4.65714,23,0
sybil_type4,74,116,0,115.01651,1.0001435652173913,0.008886385208386824,0.0088851096156933,1.0085508593505401,4.70349,23,0
sybil_type4,75,119,0,114.99022,0.9744933898305084,0.15756777530298796,0.16169198985576844,1.0348706176925309,4.76778,23,0
sybil_type4,76,118,0,115.01316,0.9830184615384616,0.12988504364142792,0.1321287938358277,1.0259695499193309,4.80284,23,0
sybil_type4,77,116,0,114.99067,0.9999188695652174,0.008268779181771692,0.008269450085852571,1.0087774947306596,4.86933,23,0
sybil_type4,78,116,0,115.00248,1.0000215652173914,0.008225106590170408,0.008224929217783799,1.0086738999019846,4.90652,23,0
sybil_type4,79,117,0,114.99251000000001,0.9913147413793104,0.09278968767447288,0.09360265090516637,1.0174575718018504,4.96949,23,0
sybil_type4,80,116,0,113.99616,0.9912709565217391,0.09323028287617692,0.09405126041754693,1.0175781359652816,5.00984,23,0
sybil_type4,81,115,0,113.99767,0.9999795614035087,0.008847148553455822,0.008847329380451054,1.008792548128396,5.06933,23,0
sybil_type4,82,115,0,114.00229,1.0000200877192982,0.009048435504551882,0.009048253745770498,1.008751666304247,5.11471,23,0
sybil_type4,83,115,0,113.9997,0.9999973684210527,0.008091401224543942,0.008091422517761094,1.0087745844945206,5.1553,23,0
sybil_type4,84,115,0,113.98378,0.9998577192982457,0.007935370301122086,0.007936499511842103,1.0089154790269284,5.22022,23,0
sybil_type4,85,122,0,114.00017000000001,0.9421501652892562,0.23355023183472848,0.24789066588235917,1.0701738427232168,5.25683,23,0
sybil_type4,86,115,0,114.00771999999999,1.0000677192982454,0.007301736039077283,0.007301241604119531,1.0087036211232012,5.30728,23,0
sybil_type4,87,115,0,114.00218,1.0000191228070174,0.007930918351440336,0.007930766692919367,1.008752639642505,5.35082,23,0
sybil_type4,88,115,0,113.99076,0.9999189473684211,0.0077737515349443655,0.007774381669037539,1.0088537000718305,5.41724,23,0
sybil_type4,89,127,0,114.00410000000001,0.9047944444444445,0.293494910530372,0.3243774454324614,1.1139950229860154,5.4579,23,0
sybil_type4,90,119,0,113.98854,0.9660045762711864,0.18112803397767302,0.18750225250157093,1.0439645950373608,5.51746,23,0
sybil_type4,91,115,0,114.00255,1.0000223684210525,0.008311967097032254,0.00831178117561122,1.008749365694013,5.55745,23,0
sybil_type4,92,28,0,57.9942,2.1479333333333335,5.857578061129208,2.7270762878096186,0.48280690137979315,59.6098,1,0
sybil_type4,93,115,0,113.99715,0.9999750000000001,0.008197970999507375,0.008198175953906222,1.0087971497533053,5.66685,23,0
sybil_type4,94,115,0,114.00235,1.0000206140350878,0.007697312732842421,0.007697154063438481,1.0087511353932617,5.71265,23,0
sybil_type4,95,115,0,113.99928,0.9999936842105263,0.007703888772307124,0.007703937428754044,1.0087783010559366,5.76172,23,0
sybil_type4,96,115,0,113.99398000000001,0.999947192982456,0.008382387708736425,0.008382830381007423,1.0088252028747482,5.80802,23,0
sybil_type4,97,115,0,113.99827,0.9999848245614036,0.008759063599761996,0.008759196524411006,1.0087872386133578,5.86173,23,0
sybil_type4,98,116,0,113.99944,0.9912994782608696,0.09318058391563218,0.09399841920537241,1.0175488581347416,5.91556,23,0
sybil_type4,99,115,0,114.00027999999999,1.0000024561403509,0.008366472937024524,0.008366452387843221,1.0087694521452053,5.96572,23,0
sybil_type4,100,114,0,113.01015,1.0000898230088497,0.008471167129448304,0.008470406292068971,1.0087589477582324,6.00485,23,0
sybil_type4,101,114,0,112.99819000000001,0.9999839823008849,0.00783873099489305,0.00783885655533876,1.0088657172296298,6.05281,23,0
sybil_type4,102,126,0,113.01574,0.9041259199999999,0.29457314478572816,0.32580986593739975,1.114888952636155,6.10326,23,0
sybil_type4,103,114,0,112.98488,0.9998661946902655,0.008428353676525814,0.00842948158592032,1.008984565014363,6.17012,23,0
sybil_type4,104,122,0,112.99273000000001,0.9338242148760331,0.2484869451407357,0.2660960608884219,1.0797154825801625,6.21627,23,0
sybil_type4,105,114,0,112.99797000000001,0.99998203539823,0.007500427617224372,0.007500562361840253,1.008867681428259,6.26203,23,0
sybil_type4,107,115,0,112.99946,0.9912233333333333,0.09364258768978981,0.09447173461391796,1.0177039784083923,6.35354,23,0
sybil_type4,108,114,0,112.9978,0.9999805309734513,0.007639969633529511,0.007640118379197071,1.0088691992233478,6.4102,23,0
sybil_type4,109,114,0,112.99710999999999,0.999974424778761,0.007782881139297036,0.0077830801932949,1.0088753597326516,6.45989,23,0
sybil_type4,110,116,0,112.99454999999999,0.982561304347826,0.13094977245873451,0.13327389535826703,1.0265981854877073,6.51345,23,0
sybil_type4,111,114,0,113.00344999999999,1.0000305309734512,0.00782119073395002,0.007820951952673589,1.0088187573034275,6.56355,23,0
sybil_type4,112,121,0,112.98875,0.9415729166666666,0.23440714445310684,0.2489527261286882,1.0709030766337357,6.61425,23,0
sybil_type4,113,114,0,112.98666,0.9998819469026549,0.00804261095042111,0.008043560517653902,1.0089686693986706,6.66934,23,0
sybil_type4,114,114,0,113.01204,1.0001065486725664,0.007657321647548526,0.007656505857012964,1.008742077392816,6.70196,23,0
sybil_type4,115,124,0,113.00579,0.9187462601626016,0.273393368715406,0.29757222485675233,1.0972889088249371,6.75721,23,0
sybil_type4,116,114,0,113.0054,1.0000477876106195,0.00759254813226325,0.007592185319867433,1.0088013493160504,6.8116,23,0
sybil_type4,117,116,0,112.99235999999999,0.9825422608695651,0.13093368576471023,0.13326010593053972,1.0266180828509115,6.86664,23,0
sybil_type4,118,114,0,112.99629999999999,0.999967256637168,0.00759048219203459,0.007590730738085307,1.0088825917308797,6.9107,23,0
sybil_type4,119,115,0,113.00015,0.9912293859649123,0.0935726414346713,0.09440059259702335,1.0176977641180123,6.95785,23,0
sybil_type4,120,113,0,111.99979,0.9999981250000001,0.007723996066439439,0.007724010548959218,1.00893046317319,7.00421,22,0
sybil_type4,122,115,0,112.00296,0.9824821052631579,0.13159953264377208,0.13394598429711158,1.0267585785232818,7.10904,22,0
sybil_type4,123,113,0,112.00042,1.00000375,0.008413233105925426,0.008413201556419588,1.0089247879606165,7.15458,22,0
sybil_type4,124,122,0,112.01113,0.9257118181818181,0.26232802943346717,0.2833797995025095,1.0891774772739102,7.20887,22,0
sybil_type4,125,115,0,111.98747,0.9823462280701755,0.13147089646849056,0.13383356367822152,1.026900598790204,7.26653,22,0
sybil_type4,126,113,0,111.99157,0.9999247321428572,0.007838008124314726,0.007838598118798131,1.0090045170364164,7.32043,22,0
sybil_type4,127,113,0,112.01406999999999,1.0001256250000001,0.008221137367139553,0.008220104716484544,1.008801840697334,7.35393,22,0
sybil_type4,128,107,0,111.00335000000001,1.0472014150943398,0.21238159824808908,0.2028087387839866,0.9639348722358378,8.41465,23,0
sybil_type4,129,113,0,111.99646,0.9999683928571429,0.008833011797631622,0.008833290992721928,1.0089604617860244,7.45654,22,0
sybil_type4,130,114,0,111.99695,0.9911234513274336,0.09394302482285266,0.09478438301205837,1.0178848620431182,7.50405,22,0
sybil_type4,131,113,0,111.99996999999999,0.9999997321428571,0.008918395261220805,0.008918397650077318,1.0089288416773683,7.57003,22,0
sybil_type4,132,115,0,112.0003,0.9824587719298247,0.13150119244433212,0.13384906949940187,1.0267829639742037,7.6127,22,0
sybil_type4,133,121,0,111.99743000000001,0.9333119166666667,0.24936798199079147,0.2671861116714462,1.0803819337640157,7.66057,22,0
sybil_type4,134,113,0,112.00941999999999,1.000084107142857,0.008047143853740685,0.008046467088383788,1.0088437204656537,7.70658,22,0
sybil_type4,135,113,0,112.01319,1.000117767857143,0.008019640478874315,0.008018696134213509,1.0088097660641573,7.75481,22,0
sybil_type4,136,113,0,111.99079,0.9999177678571429,0.008485649725714101,0.008486347576260328,1.0090115446100523,7.81321,22,0
sybil_type4,137,113,0,111.99448000000001,0.9999507142857144,0.007809289650599081,0.007809674555987911,1.008978299644768,7.86352,22,0
sybil_type4,138,113,0,112.0047,1.0000419642857141,0.007141245869605616,0.007140946204898804,1.0088862342383846,7.9113,22,0
sybil_type4,139,116,0,111.99571999999999,0.9738758260869564,0.1594190315897479,0.16369543972592,1.0357538663084627,7.95828,22,0
sybil_type4,140,112,0,110.98695,0.9998824324324324,0.009024349964483057,0.009025411060107692,1.0091276496921486,8.01805,23,0
sybil_type4,141,112,0,111.00031000000001,1.0000027927927928,0.008103682643124473,0.008103660011281199,1.0090061910637906,8.05169,23,0
sybil_type4,142,120,0,111.00342,0.9328018487394957,0.2503649086848708,0.2684009567768239,1.081047773122666,8.11358,23,0
sybil_type4,143,112,0,110.98946000000001,0.9999050450450451,0.0077810257636707,0.007781764680785434,1.0091048285125452,8.16854,23,0
sybil_type4,144,113,0,110.99208999999999,0.9910008035714285,0.09443671596193731,0.09529428797797194,1.018090568436003,8.21791,23,0
sybil_type4,145,120,0,111.00191,0.9327891596638654,0.250460385544351,0.26850696424753207,1.0810624790150007,8.26809,23,0
sybil_type4,146,112,0,111.01228,1.0001106306306304,0.008757472925150065,0.008756504187569675,1.008897394054063,8.30272,23,0
sybil_type4,147,114,0,110.98765,0.982191592920354,0.13208404604153248,0.13447890105514596,1.0271413080644558,8.36335,23,0
sybil_type4,149,116,0,111.01465,0.9653447826086958,0.18337878007886713,0.18996195285099504,1.0449071361302313,8.45335,23,0
sybil_type4,150,119,0,110.99922000000001,0.9406713559322034,0.23634249054169132,0.251248737458872,1.0720796056044357,8.51878,23,0
sybil_type4,151,112,0,110.99904,0.9999913513513513,0.008415308496588966,0.008415381278264886,1.009017735648885,8.56796,23,0
sybil_type4,152,116,0,110.9999,0.9652165217391304,0.1833906418789452,0.1899994848290737,1.0450459865279158,8.6031,23,0
sybil_type4,153,120,0,110.99264,0.9327112605042016,0.2504891066872955,0.2685601828714784,1.0811527683277018,8.65836,23,0
sybil_type4,154,112,0,110.99688,0.999971891891892,0.008752347794519232,0.008752593813372364,1.009037371140522,8.71212,23,0
sybil_type4,155,112,0,111.00922,1.000083063063063,0.008278216045013345,0.00827752848814253,1.0089252045911141,8.75278,23,0
sybil_type4,156,112,0,111.00109,1.0000098198198197,0.007378774890620844,0.007378702433092447,1.0089991008196406,8.81691,23,0
sybil_type4,157,112,0,110.99437,0.9999492792792792,0.007458257496624445,0.007458635804008018,1.0090601892690594,8.86563,23,0
sybil_type4,158,112,0,111.00406,1.0000365765765766,0.007774984429230348,0.007774700057318341,1.0089721042635738,8.90594,23,0
sybil_type4,159,112,0,110.99616,0.9999654054054055,0.008329995272029907,0.008330283454808884,1.0090439164742275,8.95684,23,0
sybil_type4,160,111,0,109.99006,0.9999096363636364,0.0072550730749124884,0.007255728728944904,1.0091821024554402,9.01494,10,0
sybil_type4,161,111,0,110.00247999999999,1.0000225454545455,0.007788300367318281,0.007788124780505048,1.0090681591905928,9.06252,10,0
sybil_type4,162,111,0,109.99489,0.9999535454545454,0.006894947239083887,0.00689526755560397,1.0091377881281576,9.11211,10,0
sybil_type4,163,121,0,109.98986000000001,0.9165821666666666,0.27630129456562263,0.3014473820393509,1.100101409348098,9.16914,10,0
sybil_type4,164,111,0,110.00601999999999,1.0000547272727272,0.008287734059119846,0.008287280518858724,1.0090356873196578,9.20098,10,0
sybil_type4,565,119,0,117.0004,0.9915288135593221,0.24329587275637712,0.2453744857731469,1.0170905398614023,2.2506,23,1
sybil_type4,573,122,0,117.0004,0.9669454545454546,0.2853880773801587,0.29514392568742676,1.0427314778411014,2.6506,23,1
sybil_type4,576,116,0,117.0004,1.0173947826086955,0.18568799537114059,0.18251321762730016,0.991449601881703,2.8006,23,1
sybil_type4,581,115,0,116.0004,1.0175473684210525,0.18649345984041962,0.18327742336929734,0.9913758918072696,3.0506,23,1
sybil_type4,584,115,0,116.0004,1.0175473684210525,0.18649345984041962,0.18327742336929734,0.9913758918072696,3.2006,23,1
sybil_type4,592,117,0,116.0004,1.000003448275862,0.6016290683063882,0.6016269937305478,1.0086172116647873,3.6006,23,1
sybil_type4,600,110,0,115.0004,1.0550495412844039,0.5720531258808613,0.5422049899045036,0.9565184121098709,4.0006,23,1
sybil_type4,603,113,0,115.0004,1.0267892857142857,0.589438510417987,0.5740598568945373,0.9826052778946855,4.1506,23,1
sybil_type4,608,113,0,115.0004,1.0267892857142855,0.5894369994441944,0.5740583853425708,0.9826052778946855,4.4006,23,1
sybil_type4,611,111,0,113.0004,1.0272763636363635,0.5944867306306074,0.5787018485719239,0.9822974077967865,4.5506,23,1
sybil_type4,619,112,0,115.0004,1.0360396396396394,0.5991678500076197,0.5783252175718154,0.973909655966414,4.9506,23,1
sybil_type4,622,111,0,113.0004,1.0272763636363635,0.5947617354762968,0.5789695514563901,0.9822974077967865,5.1006,23,1
sybil_type4,627,109,0,114.0004,1.0555592592592593,0.717787558589669,0.6800068800432653,0.9561369960105404,5.3506,23,1
sybil_type4,630,109,0,114.0004,1.0555592592592593,0.6642987848569453,0.6293334827294473,0.9561369960105404,5.5006,23,1
sybil_type4,635,109,0,108.0004,1.0000037037037037,0.3332500751370893,0.3332488408821231,1.0092555212758472,11.7506,2,1
sybil_type4,638,111,0,114.0004,1.0363672727272728,0.4456652206858032,0.4300263356570534,0.9736807941024769,5.9006,23,1
sybil_type4,646,111,0,113.0004,1.0272763636363638,0.43601258320609265,0.4244355254730973,0.9822974077967865,6.3006,23,1
sybil_type4,649,114,0,113.0004,1.0000035398230087,0.460730612157061,0.46072898125801237,1.008845986385889,6.4506,23,1
sybil_type4,654,111,0,113.0004,1.0272763636363635,0.4359876424285591,0.4244112469260419,0.9822974077967865,6.7006,23,1
sybil_type4,657,114,0,113.0004,1.000003539823009,0.4606693540846617,0.46066772340245493,1.008845986385889,6.8506,23,1
sybil_type4,662,110,0,112.0004,1.027526605504587,0.43793108431949423,0.42619926527784613,0.9821393495023232,7.1006,22,1
sybil_type4,665,108,0,112.0004,1.0467327102803738,0.48101851087930303,0.4595428289906592,0.9642822704204628,7.2506,22,1
sybil_type4,673,108,0,112.0004,1.0467327102803736,0.4810631253923755,0.4595854516321744,0.9642822704204628,7.6506,22,1
sybil_type4,676,110,0,112.0004,1.027526605504587,0.5149492250096303,0.5011541523606139,0.9821393495023232,7.8006,22,1
sybil_type4,681,102,0,111.0004,1.0990138613861387,0.49761631746941576,0.4527843869428488,0.9189156075113243,8.0506,23,1
sybil_type4,684,105,0,111.0004,1.0673115384615384,0.5236925047031398,0.49066508309093065,0.9459425371440103,8.2006,23,1
sybil_type4,692,104,0,111.0004,1.077673786407767,0.4555864544388776,0.42274987123653957,0.9369335605997816,8.6006,23,1
sybil_type4,700,103,0,110.0004,1.0784352941176472,0.45774903682597684,0.4244566543053446,0.9363602314173403,9.0006,10,1
sybil_type4,703,102,0,110.0004,1.0891128712871287,0.4688087776827025,0.43045013059909737,0.9272693553841622,9.1506,10,1
sybil_type4,708,101,0,110.0004,1.100004,0.5000152013529189,0.45455762102039526,0.9181784793509842,9.4006,10,1
sybil_type4,711,94,0,110.0004,1.1828,0.7889855133112735,0.6670489628942116,0.8545423471187378,9.5506,10,1
sybil_type4,719,107,0,110.0004,1.0377396226415092,0.5480122605155187,0.5280826216508757,0.9727237355500525,9.9506,10,1
sybil_type4,727,107,0,108.0004,1.0188716981132075,0.1933383292996029,0.18975728706336187,0.9907370713441802,11.3506,2,1
